Guest_ID,Lead_Time_Days,Avg_Daily_Rate_USD,Length_Of_Stay_Days
G_1783,1.0,193.9,2.2
G_3918,53.1,119.2,8.3
G_222,1.0,203.8,2.4
G_2136,42.8,127.6,6.3
G_5225,7.1,78.1,3.5
G_1169,3.9,217.6,1.6
G_880,4.8,215.3,2.5
G_157,5.8,210.6,2.3
G_1658,5.0,167.8,2.0
G_324,6.1,261.9,1.5
G_5303,3.9,80.2,2.3
G_2612,74.4,141.6,8.7
G_812,2.3,204.1,1.0
G_394,5.7,203.7,1.7
G_3594,58.5,152.7,8.9
G_2639,54.0,140.2,6.3
G_2188,77.5,142.6,5.4
G_5352,5.9,66.1,2.8
G_320,2.8,192.5,1.8
G_168,5.8,188.6,1.9
G_747,3.3,226.0,2.1
G_5471,6.5,80.5,2.1
G_3708,59.3,149.9,7.9
G_2765,30.0,128.7,9.3
G_5113,6.7,71.8,2.3
G_4007,6.2,74.2,2.1
G_1872,2.7,223.9,2.1
G_5757,8.4,74.2,2.6
G_3194,74.9,136.9,6.1
G_3755,60.8,120.8,6.1
G_5626,7.8,99.6,2.5
G_4895,4.3,67.5,3.5
G_4103,4.7,85.0,3.5
G_1262,3.1,221.2,1.6
G_2339,62.1,133.0,6.2
G_085,1.8,206.2,2.7
G_3822,72.8,137.9,4.9
G_2654,65.1,127.2,4.5
G_5546,7.2,71.5,1.5
G_2747,45.7,128.0,6.7
G_2859,50.7,97.9,8.5
G_997,5.7,226.4,2.4
G_229,1.9,173.3,2.1
G_3265,57.8,111.3,7.5
G_4829,5.9,86.0,3.5
G_3943,38.3,170.4,8.2
G_5460,4.9,80.4,2.9
G_3833,69.6,120.9,7.6
G_1653,3.3,231.1,1.9
G_080,1.0,208.7,1.8
G_965,2.9,250.6,1.7
G_927,2.2,217.1,1.8
G_795,1.4,219.2,1.9
G_3380,66.0,133.1,7.1
G_3165,48.9,148.8,10.4
G_4658,6.3,65.8,2.8
G_3312,48.7,110.9,5.4
G_3935,57.2,131.2,6.4
G_1075,4.5,201.7,2.1
G_4841,3.3,74.7,1.0
G_4184,2.2,68.9,1.9
G_2025,55.2,80.0,8.1
G_5678,5.2,65.4,2.8
G_4635,5.0,81.0,3.1
G_1746,3.4,215.5,2.2
G_3144,34.8,122.2,9.0
G_3264,80.4,114.7,4.9
G_3122,47.4,101.6,7.1
G_1452,5.6,188.6,2.1
G_440,2.9,179.8,2.3
G_3317,46.1,124.3,8.4
G_4544,4.5,77.1,1.4
G_2982,79.6,157.4,7.4
G_2081,83.2,116.1,9.8
G_4021,3.8,71.8,2.5
G_1455,3.8,150.0,2.5
G_255,1.0,188.7,2.1
G_466,2.7,242.2,1.4
G_2118,47.4,136.8,7.7
G_507,2.1,293.7,2.3
G_4272,5.3,84.5,2.7
G_4289,4.3,73.1,2.7
G_4214,7.5,73.5,4.0
G_234,2.0,242.3,2.3
G_554,3.4,229.7,1.5
G_5315,6.4,68.8,3.6
G_545,1.0,280.7,2.2
G_3701,73.4,125.1,7.9
G_3541,69.1,136.6,6.0
G_2789,43.5,143.6,4.4
G_2865,59.8,139.4,6.9
G_2084,62.0,145.6,9.4
G_5543,3.7,76.0,3.9
G_309,3.8,233.4,1.9
G_711,3.3,199.5,1.7
G_4104,7.2,70.8,2.2
G_1581,3.3,273.1,3.0
G_1311,3.0,190.5,1.9
G_626,2.2,198.5,2.6
G_024,1.0,187.3,2.4
G_2532,66.9,101.1,6.2
G_1871,1.3,185.2,1.7
G_5111,7.5,93.2,2.1
G_3489,63.8,120.4,6.1
G_1171,4.1,196.4,2.2
G_4746,5.0,76.0,2.5
G_2119,68.3,125.4,5.9
G_3019,79.4,126.1,5.0
G_1195,1.0,181.6,1.1
G_2246,67.5,103.0,6.2
G_2874,53.2,124.0,7.9
G_5640,5.2,63.3,1.2
G_2550,68.7,123.8,8.1
G_3155,54.2,124.1,5.4
G_094,2.5,191.5,2.1
G_2078,46.6,152.7,5.4
G_470,2.1,214.8,2.2
G_788,3.7,187.6,1.7
G_1700,3.3,214.4,2.3
G_1838,3.2,229.5,2.7
G_3064,61.8,114.2,8.5
G_1707,4.0,206.9,2.5
G_3968,54.3,129.8,9.3
G_3863,38.8,140.6,7.9
G_3665,73.4,118.2,7.2
G_5892,6.9,74.8,1.6
G_3205,33.8,107.6,9.0
G_605,3.6,204.4,1.5
G_4943,3.3,67.5,1.9
G_1551,2.8,206.7,1.5
G_4709,11.6,83.7,2.9
G_4835,6.0,61.2,3.0
G_3186,70.3,128.7,5.4
G_4387,4.3,66.5,2.7
G_1587,3.3,202.6,1.7
G_3120,70.3,157.5,8.5
G_3400,80.5,142.8,6.7
G_402,2.1,224.4,2.5
G_032,5.8,195.7,1.3
G_1484,2.4,218.4,2.0
G_2681,55.3,107.5,5.8
G_600,3.6,207.7,2.7
G_3150,48.9,138.3,8.4
G_5545,5.8,67.2,1.3
G_1861,2.8,208.7,2.6
G_566,2.4,209.8,1.7
G_2214,40.4,110.4,6.8
G_1967,2.7,227.8,2.4
G_866,2.4,212.3,1.2
G_4608,6.6,65.7,3.0
G_2451,55.9,94.9,7.7
G_5693,8.6,72.6,3.4
G_813,5.2,263.5,2.3
G_1478,3.6,167.4,2.0
G_4735,4.2,75.5,2.8
G_2272,71.1,151.2,6.4
G_1039,3.3,195.9,2.8
G_4527,2.9,75.4,1.7
G_081,2.7,220.0,2.3
G_1205,3.1,196.2,3.2
G_3286,44.2,80.0,5.9
G_1546,3.7,227.8,1.2
G_178,5.2,224.6,2.2
G_2586,61.6,141.1,5.1
G_5993,6.2,79.6,2.2
G_4864,2.1,72.7,1.7
G_1439,3.7,187.8,2.2
G_297,4.3,230.5,1.5
G_3616,43.8,138.1,7.0
G_3648,90.7,129.4,6.9
G_158,3.7,212.1,1.8
G_1028,3.2,231.2,1.8
G_411,4.1,240.5,1.7
G_3959,61.4,143.0,5.8
G_5938,3.4,79.0,2.9
G_4957,3.8,74.4,4.1
G_4757,5.8,80.6,3.4
G_5448,3.2,55.1,2.4
G_2182,55.4,135.9,7.3
G_5809,8.2,83.9,2.5
G_811,2.7,217.1,2.4
G_4916,5.7,62.6,2.1
G_4954,2.6,67.5,3.9
G_3734,60.0,105.1,6.7
G_5164,6.3,95.9,1.8
G_2978,75.0,129.0,6.1
G_3796,77.9,154.9,6.2
G_2169,57.6,114.9,5.5
G_3078,90.9,106.9,5.4
G_1695,3.2,241.8,2.9
G_1025,5.6,173.3,3.1
G_3947,76.8,83.1,7.9
G_2125,83.0,123.3,6.6
G_5295,7.9,53.6,2.3
G_2705,56.3,164.9,7.9
G_1034,4.0,195.4,2.3
G_5872,5.4,79.1,2.7
G_5365,5.1,60.5,3.1
G_4160,5.3,69.2,2.0
G_1701,3.5,246.6,2.0
G_2914,77.5,135.6,7.8
G_4879,6.7,73.9,3.6
G_3321,69.5,121.0,7.6
G_5027,6.6,75.9,2.3
G_2583,56.0,97.6,6.3
G_5284,3.1,82.2,1.4
G_4251,6.9,98.4,2.5
G_1187,1.5,190.1,1.8
G_3738,67.8,120.1,9.9
G_784,3.9,193.9,1.5
G_4403,4.6,83.7,3.2
G_051,3.5,240.6,1.6
G_713,2.2,232.5,2.2
G_2307,47.8,101.5,7.0
G_3868,72.2,132.3,4.0
G_2447,48.5,143.3,8.2
G_2241,56.8,134.3,9.5
G_4604,4.3,80.1,2.3
G_4791,5.9,77.5,2.8
G_3104,55.5,157.6,7.4
G_5567,6.2,66.5,3.6
G_677,1.3,228.7,2.3
G_5557,1.5,82.2,2.8
G_3640,32.6,125.2,7.9
G_2695,67.8,129.3,8.0
G_2996,55.5,132.0,7.4
G_1563,1.0,165.3,1.7
G_3650,44.1,134.3,8.5
G_2466,72.1,122.4,5.9
G_347,1.0,208.0,2.0
G_1497,6.1,240.4,1.9
G_2345,60.5,90.2,7.9
G_3906,58.9,104.8,10.9
G_3659,71.4,156.1,7.8
G_623,5.8,222.1,1.6
G_4097,7.7,81.9,2.5
G_1401,1.4,232.3,1.4
G_3298,44.1,115.8,6.3
G_3986,47.4,122.1,8.1
G_5182,2.8,55.4,2.2
G_4618,6.1,90.4,4.2
G_325,1.5,219.9,1.6
G_2998,52.1,161.8,8.8
G_038,1.0,207.3,1.9
G_5375,5.0,58.0,1.0
G_4185,6.0,78.1,2.8
G_531,4.0,231.8,2.1
G_2643,47.2,152.9,8.6
G_3681,68.0,122.0,5.5
G_2349,42.5,141.7,8.2
G_2785,70.3,105.9,9.4
G_5493,4.6,73.4,2.8
G_2226,55.1,120.4,8.4
G_1074,1.1,260.8,1.2
G_1198,3.8,172.9,1.8
G_5139,6.2,78.1,2.8
G_264,1.5,193.2,1.9
G_1730,5.8,162.1,2.0
G_5329,5.1,75.4,4.6
G_908,4.1,191.7,1.4
G_1336,2.5,186.4,1.8
G_1394,3.2,218.1,2.1
G_961,4.0,199.4,1.8
G_240,4.3,237.2,2.0
G_200,1.3,232.2,2.3
G_2418,82.1,131.9,7.3
G_5470,5.9,66.2,3.2
G_4311,8.3,75.3,2.6
G_4715,5.3,68.8,1.8
G_5791,3.4,86.9,2.0
G_326,1.2,236.7,2.5
G_2678,46.5,138.9,7.3
G_5824,6.5,61.2,1.8
G_4419,7.6,84.7,1.3
G_102,2.4,197.4,1.6
G_1738,1.4,216.0,2.7
G_5262,4.8,85.5,3.5
G_878,3.3,203.3,2.2
G_5893,4.8,81.4,2.3
G_409,3.2,240.3,2.3
G_3746,47.9,143.0,7.9
G_1245,2.0,215.7,2.5
G_2288,70.5,109.5,7.0
G_1355,2.1,205.2,1.7
G_2858,55.6,132.7,5.0
G_894,4.8,225.4,1.9
G_1182,5.1,233.1,1.8
G_4656,8.2,96.1,2.9
G_5323,7.7,100.0,2.1
G_3699,66.7,154.1,7.6
G_4467,4.4,92.8,2.5
G_4326,5.5,73.0,3.1
G_731,3.3,250.8,1.4
G_1033,3.6,231.3,2.4
G_3067,54.2,112.1,6.6
G_5659,5.3,75.5,2.0
G_4897,4.9,82.2,3.2
G_978,1.0,198.8,2.1
G_4970,5.5,81.5,2.9
G_2623,65.5,124.3,7.7
G_1226,2.8,195.3,1.5
G_1210,5.6,231.3,2.0
G_5481,9.2,71.8,3.2
G_587,2.3,187.0,2.5
G_5455,3.3,83.5,2.3
G_2821,89.9,137.6,5.5
G_5756,3.3,66.4,1.1
G_2719,86.2,140.5,9.2
G_5625,3.8,73.1,1.0
G_1761,5.5,228.1,2.0
G_3050,42.7,147.9,10.3
G_1870,2.4,244.9,1.8
G_1545,2.1,254.4,1.8
G_473,1.0,200.4,2.6
G_5240,5.5,100.0,3.9
G_1159,4.5,253.2,1.9
G_133,1.4,236.8,2.5
G_1537,3.8,237.0,1.5
G_2489,66.0,141.4,5.5
G_1633,2.0,214.1,2.1
G_1322,3.8,197.4,1.4
G_5428,2.9,74.8,3.7
G_1189,3.8,242.3,1.5
G_4379,5.9,77.7,1.5
G_3972,69.7,144.0,4.8
G_4817,5.2,56.4,2.0
G_682,1.3,212.4,1.7
G_1778,2.9,189.3,1.8
G_4406,5.2,82.1,2.6
G_4601,7.5,88.3,2.9
G_4563,4.2,89.9,1.8
G_2903,66.3,110.5,4.7
G_5687,6.8,68.8,2.0
G_3552,88.8,131.4,6.9
G_5643,2.0,69.5,2.9
G_1375,5.2,177.9,2.2
G_1946,2.4,242.8,2.4
G_169,2.6,214.1,2.5
G_4072,6.6,72.9,1.4
G_4748,3.4,50.8,3.9
G_502,5.9,244.2,1.3
G_1804,1.0,224.0,2.9
G_882,2.2,167.0,2.7
G_707,1.1,223.6,2.7
G_3367,85.9,123.5,6.3
G_2324,79.6,162.8,6.6
G_2894,66.7,108.5,7.8
G_3817,51.3,132.3,8.3
G_2560,81.0,153.3,9.0
G_231,1.9,202.9,1.2
G_5092,5.3,69.3,2.9
G_1555,2.7,174.0,2.0
G_4240,4.2,75.7,2.6
G_5095,7.5,78.4,2.6
G_4787,5.4,77.1,1.9
G_3602,52.4,155.4,7.7
G_5218,7.4,70.1,3.0
G_5076,3.7,67.3,3.1
G_018,3.5,169.9,2.3
G_5176,7.3,81.3,3.8
G_2869,52.1,130.9,5.9
G_1655,3.5,223.7,1.6
G_1130,3.5,209.7,2.0
G_2330,61.7,127.5,8.6
G_1091,2.9,174.6,1.1
G_5604,7.7,89.4,2.5
G_4459,1.4,79.5,2.5
G_1499,4.5,215.4,1.0
G_3034,45.3,106.4,8.5
G_1882,5.4,224.4,2.7
G_2663,73.0,145.9,8.4
G_5114,4.7,69.6,2.1
G_3414,66.0,121.9,7.4
G_697,3.5,247.0,2.3
G_4424,6.7,71.6,3.2
G_3485,54.9,100.2,6.1
G_536,3.1,212.6,1.7
G_2628,81.8,149.2,5.9
G_3164,39.9,151.4,10.5
G_3493,51.0,121.3,7.3
G_3654,67.2,160.4,9.5
G_2595,32.4,128.1,7.5
G_5718,6.6,66.3,2.4
G_5511,4.5,85.0,2.9
G_1048,1.0,211.6,2.0
G_5685,6.4,86.3,3.4
G_5019,4.3,65.1,2.6
G_015,1.0,240.7,2.0
G_3743,50.5,100.8,6.8
G_4308,7.1,72.2,1.3
G_5874,4.6,77.0,3.8
G_2348,79.1,136.3,9.1
G_5691,8.9,82.8,3.3
G_1565,4.1,244.0,2.0
G_5620,3.4,71.4,4.7
G_1865,5.0,210.7,1.7
G_3095,70.1,154.3,6.1
G_066,5.0,205.4,1.7
G_3404,57.2,125.9,5.4
G_5410,5.9,85.2,2.5
G_5855,4.7,65.6,3.8
G_2411,66.6,127.1,7.0
G_5770,5.2,73.0,2.8
G_2842,51.5,144.4,5.3
G_2009,77.1,123.7,5.7
G_1273,1.4,242.0,1.4
G_4946,6.7,92.2,2.8
G_1895,2.9,210.2,2.2
G_4318,5.8,80.9,2.4
G_1972,1.0,192.4,2.0
G_4096,5.5,68.7,1.8
G_089,2.2,208.7,2.6
G_3091,52.8,143.9,7.7
G_4884,5.3,78.5,2.5
G_1500,3.9,211.1,2.8
G_2900,37.9,142.5,6.4
G_1408,5.3,223.2,2.6
G_3460,39.8,126.0,6.4
G_3671,71.2,133.7,4.6
G_4699,2.2,86.0,3.4
G_5778,3.9,73.7,2.4
G_4504,3.0,82.2,1.7
G_764,2.9,204.2,2.2
G_1663,1.0,229.3,2.0
G_421,6.1,246.2,2.7
G_3015,55.4,125.7,8.4
G_2585,83.9,124.7,5.7
G_374,4.4,232.5,2.1
G_5032,3.9,58.4,2.8
G_4535,3.6,72.7,1.6
G_2374,79.1,81.2,6.2
G_2768,64.2,133.7,9.4
G_3362,70.0,158.3,6.1
G_1833,4.4,245.9,1.4
G_1621,3.2,185.7,1.8
G_3276,49.4,92.7,8.2
G_539,4.5,188.9,1.9
G_3551,65.1,137.2,8.9
G_756,6.9,208.7,2.1
G_3607,46.5,80.0,5.8
G_535,2.0,209.6,2.4
G_1449,4.9,210.3,2.2
G_916,3.4,266.2,2.1
G_3128,69.4,113.7,5.4
G_4940,7.6,74.3,2.2
G_5418,2.9,71.8,2.7
G_182,1.7,211.1,1.7
G_1770,3.8,206.2,1.2
G_4610,5.6,90.1,1.4
G_2830,53.5,105.1,6.1
G_3314,30.8,128.3,5.0
G_5458,5.1,73.3,1.0
G_1193,2.1,277.0,2.3
G_4082,5.2,93.3,1.7
G_2128,82.5,111.1,4.0
G_5396,4.5,68.5,1.9
G_477,3.9,214.2,1.8
G_4921,2.7,73.6,3.4
G_1324,3.7,226.4,2.1
G_260,4.2,225.0,1.6
G_280,2.4,231.6,2.2
G_562,6.1,222.1,2.9
G_4285,4.7,71.2,2.5
G_199,3.1,204.0,1.0
G_3930,37.7,141.0,5.8
G_4378,1.3,94.5,2.3
G_2276,61.3,137.6,7.9
G_1741,2.8,202.1,2.2
G_1892,3.0,234.6,2.4
G_1860,3.4,215.1,1.7
G_4615,5.2,64.6,3.9
G_5904,3.4,81.7,1.8
G_3027,64.7,121.3,7.3
G_1384,2.1,245.7,2.8
G_2092,61.4,146.9,5.3
G_3077,72.0,123.3,6.2
G_4334,6.3,64.3,2.8
G_3199,86.6,80.3,7.7
G_1600,1.9,214.3,2.2
G_2575,62.4,127.1,5.3
G_1727,2.2,232.4,1.0
G_3238,64.2,96.6,7.1
G_5247,10.3,78.7,1.9
G_5694,3.9,80.6,2.0
G_4667,5.3,76.0,2.5
G_4793,8.4,75.2,2.7
G_1224,3.6,237.4,1.5
G_1298,2.6,196.4,2.4
G_2776,72.3,102.5,7.3
G_016,2.2,215.2,1.7
G_5426,6.8,67.2,1.2
G_352,5.2,235.4,2.0
G_5405,3.2,78.1,2.3
G_1363,3.2,175.2,2.0
G_2171,46.7,119.1,9.7
G_2032,53.6,160.0,8.4
G_3814,54.0,152.4,9.4
G_1023,3.0,209.7,1.9
G_372,3.7,206.3,1.7
G_2245,50.9,115.9,9.4
G_2314,69.1,113.0,8.2
G_5861,7.6,94.6,2.0
G_3797,39.9,129.0,4.2
G_3800,32.5,106.3,4.8
G_5805,6.5,64.8,2.0
G_743,2.1,221.1,2.0
G_1269,1.9,225.8,1.3
G_2601,40.7,122.3,8.8
G_1618,1.9,212.9,1.8
G_806,2.5,175.6,1.2
G_4797,3.1,85.0,1.4
G_684,3.7,238.3,1.7
G_4984,6.6,100.0,1.6
G_3560,56.8,123.3,5.3
G_3853,65.4,143.7,8.8
G_3806,51.7,103.8,6.2
G_5564,4.3,50.2,4.4
G_4707,3.8,80.3,3.3
G_4370,6.3,63.8,2.5
G_5013,2.5,84.2,2.5
G_3857,41.9,112.8,6.6
G_3860,68.2,171.1,7.0
G_009,2.3,236.5,1.8
G_1863,4.2,219.8,1.8
G_2820,51.8,135.3,9.6
G_1352,1.0,211.5,2.2
G_577,3.4,256.6,1.4
G_627,1.5,255.1,1.7
G_3619,40.3,150.5,7.3
G_5532,6.7,85.6,3.1
G_427,1.6,234.3,2.2
G_034,1.4,232.6,1.0
G_1047,4.0,249.0,1.0
G_045,1.0,199.4,2.5
G_3340,78.2,130.4,7.8
G_1045,2.7,237.9,2.4
G_1102,1.0,241.4,2.3
G_1050,5.1,249.9,1.9
G_1884,2.1,197.7,1.2
G_4472,2.9,71.3,2.8
G_4634,3.1,69.7,2.0
G_1744,4.7,224.2,1.3
G_2578,44.9,110.3,6.3
G_064,1.2,217.4,2.2
G_4354,4.6,81.1,1.0
G_3071,78.1,148.5,6.0
G_5330,5.9,82.8,4.0
G_2618,95.5,144.5,6.6
G_1120,4.6,261.4,2.4
G_2500,54.6,151.3,7.2
G_3393,40.4,125.6,7.8
G_706,3.9,246.1,1.9
G_4987,3.3,86.4,2.6
G_4963,3.1,77.9,1.1
G_3269,62.7,165.7,8.6
G_4011,3.8,69.8,3.7
G_1613,4.3,215.5,2.5
G_4223,6.9,84.2,2.6
G_1974,3.3,222.2,1.0
G_4816,3.8,84.6,2.1
G_5560,6.0,73.5,1.6
G_3933,57.4,143.1,6.4
G_1316,1.0,230.4,1.9
G_5688,7.2,77.9,1.8
G_5695,3.3,72.1,3.1
G_2799,55.8,155.1,7.1
G_5783,4.4,71.0,1.4
G_3837,70.6,150.5,7.0
G_4763,3.8,53.4,2.3
G_748,1.9,191.2,1.5
G_4242,5.2,73.2,2.4
G_474,5.1,185.5,2.3
G_3444,71.8,131.6,7.6
G_5674,4.9,55.5,3.0
G_298,3.5,255.0,2.1
G_304,3.9,226.3,2.4
G_2477,75.6,133.1,5.5
G_2378,61.0,111.4,8.2
G_3535,52.1,146.4,8.5
G_3310,45.4,150.6,5.3
G_3870,70.9,123.8,7.7
G_4129,7.3,77.9,3.6
G_3617,62.4,150.3,6.5
G_2686,62.1,136.5,5.7
G_241,1.8,222.6,1.1
G_5738,7.2,78.1,2.8
G_2293,67.6,146.1,5.7
G_1672,2.4,241.8,2.0
G_2100,49.2,133.3,6.1
G_5061,6.0,90.9,3.2
G_1176,2.6,201.2,2.9
G_3934,80.4,115.6,8.4
G_4384,4.3,80.4,2.7
G_3083,48.3,127.2,7.8
G_2863,89.0,121.5,7.0
G_5592,8.0,72.8,2.5
G_5711,3.8,90.9,3.7
G_5177,4.6,76.3,2.3
G_1648,4.5,225.3,2.8
G_3415,94.3,105.5,7.1
G_334,2.0,211.1,2.1
G_2603,73.7,180.0,5.7
G_5868,5.6,75.9,2.3
G_2158,46.2,109.3,6.1
G_1162,6.4,231.4,1.0
G_3575,49.0,138.1,6.1
G_4477,4.6,82.7,4.4
G_4582,4.2,50.0,2.9
G_4951,6.3,93.7,3.6
G_3003,70.7,140.0,8.7
G_248,2.0,186.7,3.1
G_4877,0.6,84.0,1.6
G_3530,30.0,127.0,5.6
G_801,4.4,224.6,2.3
G_1685,1.2,235.1,1.7
G_4682,5.3,80.8,2.4
G_4197,3.7,76.4,2.3
G_1922,4.1,225.6,2.1
G_2210,50.1,136.9,6.0
G_1222,3.5,238.9,2.0
G_4004,4.9,83.1,2.1
G_1514,1.0,176.3,2.1
G_4352,4.3,83.8,1.4
G_1254,3.6,246.5,1.3
G_5331,3.3,68.9,2.6
G_5170,11.1,56.1,2.7
G_599,2.3,250.0,2.2
G_1610,2.6,209.6,2.0
G_316,3.0,230.5,2.5
G_5243,2.7,80.9,2.2
G_2277,73.7,179.2,7.2
G_150,3.4,178.9,2.1
G_4734,9.1,87.8,1.8
G_1845,3.2,260.2,2.4
G_291,2.7,263.5,2.3
G_454,3.8,202.1,2.1
G_5962,5.7,80.8,2.0
G_4809,4.2,67.7,3.3
G_3397,80.8,142.7,7.2
G_692,4.7,213.9,2.1
G_1145,2.7,230.8,2.5
G_1635,2.5,230.5,1.6
G_4193,5.5,71.8,1.4
G_1781,1.0,216.2,1.4
G_4971,4.6,79.4,1.7
G_3652,54.2,143.5,6.5
G_656,3.1,241.4,3.1
G_3136,67.7,119.4,5.0
G_1903,4.8,261.7,1.9
G_4428,5.2,66.9,1.4
G_1040,4.6,214.8,2.2
G_4630,2.1,90.4,2.6
G_1412,3.8,209.9,1.7
G_5748,6.4,84.4,1.0
G_1673,2.4,191.4,1.7
G_5096,6.3,86.8,1.0
G_1371,2.7,218.1,1.4
G_5083,4.0,75.4,2.1
G_3134,61.5,135.5,8.7
G_2381,90.9,132.0,10.5
G_3721,57.4,123.5,6.7
G_4092,2.4,72.3,3.1
G_5007,3.4,87.4,2.9
G_1624,2.0,221.2,2.2
G_3670,59.4,135.4,4.5
G_382,2.1,196.1,2.1
G_3115,75.9,130.3,6.8
G_1821,2.8,210.0,2.0
G_3631,76.1,170.1,9.2
G_423,2.6,214.3,2.6
G_809,4.9,242.9,2.7
G_1380,5.7,201.8,1.7
G_1670,3.8,228.5,2.7
G_2099,63.5,138.7,6.4
G_5526,6.4,86.0,3.7
G_125,3.9,220.6,2.2
G_103,2.5,198.3,2.7
G_4059,5.0,96.5,2.3
G_1733,3.0,169.5,2.5
G_3036,78.4,137.9,5.5
G_2916,40.7,138.7,7.0
G_487,2.0,210.3,2.2
G_1129,2.9,221.8,2.1
G_3618,82.4,106.6,8.4
G_1515,2.9,230.9,2.6
G_136,5.3,205.7,1.8
G_2599,33.5,108.6,7.4
G_2003,45.9,126.6,6.1
G_2834,61.6,148.9,6.6
G_1818,1.9,216.9,2.1
G_753,1.5,208.4,1.9
G_4002,1.2,72.9,2.5
G_5028,4.9,82.4,2.4
G_1104,2.8,246.8,2.0
G_5371,4.6,61.5,2.2
G_2317,94.9,126.2,8.8
G_1919,2.7,243.7,2.3
G_1544,2.3,193.1,1.9
G_3668,52.7,122.3,6.2
G_4442,3.7,80.7,3.6
G_3707,83.6,161.2,5.9
G_1177,1.0,183.3,1.3
G_1560,2.6,187.5,2.4
G_5664,0.6,76.2,3.0
G_145,3.4,214.4,1.2
G_381,1.7,195.9,2.1
G_1434,2.1,217.6,1.8
G_1096,2.9,252.0,1.8
G_5414,7.0,77.0,1.7
G_122,1.6,239.6,1.9
G_5566,3.7,77.9,2.8
G_612,2.9,191.6,1.0
G_4825,3.9,88.6,3.7
G_1942,2.4,250.8,2.4
G_419,4.8,229.8,1.8
G_2253,99.6,92.4,7.8
G_1351,1.2,207.0,2.3
G_2304,76.9,132.8,5.6
G_5434,5.8,76.1,2.4
G_4259,2.5,85.2,3.3
G_1979,1.8,234.2,2.1
G_4480,1.4,82.6,3.3
G_1303,2.7,225.4,2.4
G_3056,34.1,116.2,5.9
G_249,5.6,215.3,2.2
G_1398,1.5,257.2,2.4
G_4029,2.2,82.4,3.8
G_448,1.6,214.1,2.0
G_1426,1.0,246.6,2.3
G_4687,0.1,70.3,2.1
G_1200,5.0,230.9,2.5
G_1422,4.6,218.1,1.4
G_4558,5.0,88.2,1.1
G_3765,82.0,133.0,6.9
G_3917,55.9,156.3,8.2
G_4474,5.3,73.4,3.4
G_4665,4.3,83.3,2.6
G_4728,4.4,78.7,2.2
G_4114,6.0,70.1,2.4
G_3510,52.5,146.6,8.6
G_2886,47.8,138.6,8.6
G_1536,1.0,259.9,3.3
G_415,3.5,245.4,2.1
G_4586,5.1,78.2,1.0
G_1721,3.8,244.9,1.8
G_655,6.9,203.6,2.4
G_3561,37.0,123.7,7.3
G_1003,3.1,209.7,1.1
G_4455,4.2,68.3,2.3
G_3373,54.1,118.2,7.4
G_3974,52.3,142.1,5.8
G_5913,8.2,65.3,2.3
G_1488,1.0,236.6,2.2
G_590,1.7,218.4,1.5
G_2087,55.3,90.3,5.5
G_3609,54.4,101.5,5.1
G_4517,6.0,84.5,2.3
G_1601,2.7,199.4,1.9
G_5290,5.8,80.6,1.5
G_2837,73.9,119.1,6.0
G_2358,36.8,112.2,4.0
G_995,1.5,196.2,1.7
G_2198,52.9,171.5,8.5
G_1880,1.8,215.1,2.2
G_4565,2.8,63.5,1.3
G_1372,5.6,190.1,1.4
G_1874,4.2,183.1,1.5
G_209,3.8,212.2,1.6
G_4813,5.3,67.7,3.0
G_4241,2.8,70.4,4.1
G_426,5.1,232.9,1.4
G_5787,0.3,60.6,2.7
G_1407,1.0,237.1,1.2
G_5649,2.4,50.7,3.5
G_1109,2.1,231.3,1.5
G_5273,7.7,76.0,2.7
G_111,1.0,206.4,2.6
G_3075,71.0,171.1,6.0
G_5826,7.6,59.4,3.1
G_2264,64.6,128.3,6.8
G_2549,65.9,121.3,6.4
G_2035,38.6,123.5,4.0
G_1173,3.2,187.1,1.8
G_3769,70.4,144.1,7.0
G_2446,46.5,113.0,7.3
G_3183,70.9,125.7,8.1
G_2946,76.2,127.1,8.8
G_4592,7.8,68.4,3.5
G_4590,6.0,76.7,4.0
G_3612,30.0,142.7,10.9
G_3938,96.3,147.2,6.1
G_2147,61.0,142.6,5.2
G_5752,4.9,76.5,2.4
G_1469,1.2,208.6,1.8
G_438,1.0,240.7,1.9
G_5788,3.9,80.5,2.8
G_1058,4.8,225.1,2.0
G_2796,81.0,93.7,6.6
G_108,3.3,236.0,2.7
G_3553,37.1,141.1,8.8
G_030,2.6,207.7,2.4
G_2233,57.2,89.1,5.7
G_890,4.7,229.6,2.3
G_3066,45.9,122.7,6.5
G_1631,3.7,234.9,1.6
G_752,1.0,259.3,1.9
G_2359,30.3,118.7,6.5
G_585,3.3,247.4,1.9
G_1935,7.0,221.5,2.8
G_4983,3.2,60.7,1.0
G_2351,101.7,99.9,7.2
G_5606,6.6,73.7,2.4
G_5215,3.9,78.6,4.5
G_3847,46.6,135.4,8.5
G_5119,1.7,68.4,2.9
G_5949,10.5,65.7,1.9
G_2318,52.1,146.8,4.5
G_1345,4.4,195.9,1.8
G_3442,101.9,125.0,5.9
G_4636,7.8,74.5,1.8
G_5871,3.1,62.9,2.0
G_970,1.0,226.8,2.7
G_180,7.1,220.2,1.8
G_2795,57.0,106.8,8.3
G_1508,4.4,218.5,1.0
G_4047,6.3,71.9,1.8
G_2139,60.7,97.7,8.5
G_5829,5.5,94.2,3.2
G_3488,66.9,153.9,5.3
G_4537,6.4,77.5,2.1
G_5287,7.4,75.0,2.0
G_5496,5.5,82.9,2.9
G_1868,4.7,261.3,1.7
G_091,3.1,228.2,1.5
G_2816,62.7,131.3,6.5
G_3410,77.7,157.1,9.3
G_2406,80.1,82.7,8.6
G_2472,55.3,160.8,7.1
G_625,5.4,230.2,2.2
G_070,2.0,243.2,2.5
G_3625,100.8,105.5,10.3
G_1506,2.3,185.7,2.4
G_3492,48.4,129.1,7.3
G_5138,3.3,82.7,2.3
G_4670,1.8,66.0,2.3
G_765,4.7,226.3,1.5
G_294,4.3,199.8,1.9
G_4353,0.3,80.6,2.8
G_446,4.0,226.6,1.6
G_469,2.2,237.1,2.1
G_3436,64.4,101.6,5.2
G_1220,6.2,238.0,1.4
G_433,2.6,219.4,2.1
G_3188,91.8,137.8,7.8
G_1489,1.0,196.9,1.6
G_3548,45.3,144.9,4.8
G_3752,64.8,132.9,9.2
G_578,4.2,244.9,2.9
G_2174,40.2,114.3,7.5
G_246,2.5,222.6,1.2
G_4191,5.9,89.2,2.9
G_368,3.0,177.3,2.0
G_4569,1.7,68.5,3.0
G_2901,74.2,127.7,5.6
G_1612,1.0,222.8,2.9
G_2846,66.6,115.2,6.7
G_3785,62.9,99.0,5.3
G_4210,2.8,80.9,1.8
G_5501,5.9,74.1,3.5
G_1243,2.1,178.3,2.4
G_2371,56.1,122.3,5.8
G_4270,3.5,66.6,1.7
G_4473,5.6,60.3,3.0
G_4386,4.8,77.6,1.0
G_556,2.4,233.4,1.8
G_2164,37.0,129.6,6.8
G_5969,3.0,69.9,1.5
G_5960,5.1,68.3,1.3
G_4743,7.4,79.8,2.5
G_5852,4.6,60.2,1.8
G_4276,7.1,80.1,2.2
G_1964,4.0,239.2,1.3
G_4265,2.0,78.3,3.0
G_3290,59.8,147.8,9.9
G_5585,6.4,61.6,2.2
G_152,3.5,261.5,2.6
G_4675,1.8,71.0,2.4
G_4733,2.1,74.6,1.4
G_4759,6.2,67.3,2.9
G_5271,4.1,73.1,1.5
G_4215,7.4,82.2,1.6
G_3495,44.1,111.5,8.9
G_5831,6.0,74.7,1.4
G_3693,82.4,180.0,9.2
G_4621,4.0,93.3,2.0
G_3608,50.4,138.7,7.3
G_1756,5.1,170.8,1.5
G_5274,5.2,84.2,3.0
G_4560,2.1,71.7,1.6
G_749,2.1,229.7,1.6
G_5781,9.6,70.5,2.5
G_1534,2.8,189.0,2.1
G_1043,4.6,205.3,1.9
G_5492,6.5,77.6,1.6
G_3880,66.0,164.3,6.1
G_2664,30.0,163.3,4.4
G_5107,1.3,72.9,2.2
G_1558,1.8,223.1,2.5
G_492,5.2,202.8,1.5
G_4374,3.1,94.9,3.4
G_3383,55.3,104.8,4.9
G_5528,6.3,69.8,3.3
G_472,1.0,279.1,2.6
G_5304,6.7,72.2,1.3
G_2313,41.4,134.8,6.1
G_5598,6.5,50.9,2.1
G_808,2.3,199.2,2.3
G_5671,8.6,70.2,1.5
G_4880,6.7,70.2,2.7
G_897,2.7,167.9,1.2
G_5372,3.7,90.5,3.2
G_2504,39.4,124.7,7.1
G_5684,6.7,98.8,1.3
G_4323,1.0,92.6,2.5
G_355,3.0,250.3,2.2
G_252,4.4,257.8,2.1
G_186,4.1,258.3,2.2
G_2379,73.6,146.2,6.7
G_1184,1.0,211.7,2.2
G_2111,75.6,110.7,6.0
G_4275,5.4,90.1,2.9
G_228,1.4,205.0,2.2
G_2154,46.9,99.6,4.9
G_5768,1.4,66.1,2.6
G_1296,2.9,193.1,1.9
G_5932,1.4,74.6,2.4
G_4852,8.5,58.0,2.7
G_3939,82.4,104.7,6.0
G_5461,4.2,59.5,1.9
G_2803,30.0,139.9,7.4
G_3185,60.6,126.6,6.3
G_1906,3.7,211.9,1.8
G_5037,8.7,75.4,2.7
G_2224,88.2,139.0,7.6
G_3839,55.9,110.0,9.8
G_3182,54.6,122.2,6.3
G_293,2.1,222.1,1.3
G_2722,76.3,133.8,4.0
G_550,2.1,272.2,1.9
G_4255,1.6,93.7,1.7
G_5530,6.1,81.6,2.8
G_1570,2.2,242.6,1.5
G_1076,2.3,265.5,2.1
G_4441,5.6,87.6,1.0
G_2448,53.1,174.2,5.4
G_1323,2.9,181.3,2.5
G_5060,5.8,65.6,1.8
G_2969,59.1,140.7,7.9
G_3210,77.3,147.7,9.5
G_2671,63.6,152.4,8.2
G_2421,42.9,135.7,8.6
G_3735,61.8,157.2,5.8
G_5110,3.0,71.7,1.0
G_3054,64.9,123.3,7.0
G_2835,65.8,144.1,9.5
G_3718,77.7,108.7,5.9
G_3338,33.9,125.8,5.9
G_3197,66.8,160.7,4.1
G_4867,5.7,85.2,4.5
G_3741,70.6,113.7,7.0
G_4887,5.7,73.5,1.0
G_5801,5.2,60.2,3.4
G_1143,2.8,217.5,2.5
G_4644,7.1,69.8,1.6
G_933,1.0,197.8,2.8
G_614,1.3,219.8,1.7
G_2228,65.9,173.7,7.1
G_4739,9.5,62.8,3.8
G_3241,70.3,145.6,6.7
G_3470,69.3,128.1,7.2
G_5051,5.6,73.8,2.0
G_4692,5.3,76.6,2.7
G_3816,62.3,134.1,8.1
G_4102,3.2,70.8,3.1
G_5408,3.0,75.2,2.6
G_506,2.3,199.4,2.2
G_1510,5.2,206.7,1.9
G_1667,1.5,238.3,2.3
G_273,4.7,203.1,1.3
G_2116,44.5,126.8,7.2
G_5165,3.2,80.5,2.1
G_4506,7.3,71.8,3.5
G_1486,4.4,207.1,2.4
G_4302,4.8,67.4,2.6
G_702,4.6,247.3,1.3
G_3834,55.9,122.9,4.6
G_3590,62.5,146.0,5.5
G_107,5.8,197.5,1.9
G_5048,5.9,77.0,2.0
G_5001,5.0,73.6,2.2
G_5318,5.8,72.5,2.6
G_4768,5.4,94.9,2.0
G_5242,3.4,84.9,2.6
G_3850,55.1,143.7,6.7
G_953,1.1,231.7,2.4
G_2365,80.9,147.6,5.6
G_3896,51.8,114.4,6.6
G_3840,54.6,105.6,7.2
G_2651,63.9,108.2,6.7
G_3227,59.1,120.2,11.1
G_4931,3.6,99.4,2.8
G_2911,30.0,112.4,6.9
G_1085,3.6,215.4,2.5
G_3540,55.3,124.0,9.1
G_3545,75.9,158.2,7.3
G_4642,4.6,77.3,2.8
G_1421,3.8,204.8,2.0
G_2771,59.5,122.5,8.9
G_1787,2.5,227.9,1.9
G_4481,4.5,66.4,1.3
G_1889,2.3,223.6,1.0
G_5662,6.2,68.4,1.3
G_5650,6.2,77.4,2.7
G_417,5.3,233.8,2.1
G_1216,4.9,264.5,2.3
G_4839,5.8,78.1,2.6
G_5747,0.2,89.8,4.0
G_565,4.8,197.6,2.4
G_479,7.6,186.5,1.3
G_5838,4.9,94.3,2.7
G_143,1.0,224.3,2.2
G_1213,1.9,261.7,1.9
G_5298,7.1,76.0,2.0
G_1098,1.0,234.6,1.4
G_2143,59.8,101.1,6.1
G_606,5.8,215.4,1.9
G_3787,61.6,133.9,6.0
G_2576,77.3,138.1,7.6
G_498,2.7,213.0,2.5
G_2543,33.7,116.3,7.1
G_4482,4.7,64.2,2.7
G_5222,7.9,87.9,3.3
G_2464,69.0,107.9,5.7
G_722,1.0,207.4,2.3
G_1087,4.5,218.6,2.0
G_1026,3.7,210.3,1.4
G_1358,3.6,166.8,1.5
G_3257,58.8,113.3,4.0
G_2813,47.4,131.7,6.8
G_3399,65.7,119.3,6.9
G_4812,4.4,81.8,3.5
G_4833,4.7,80.0,3.0
G_2893,41.3,111.3,7.0
G_3408,70.5,121.5,9.3
G_2958,87.1,122.9,7.3
G_4752,9.4,73.5,3.4
G_337,1.8,232.5,1.2
G_5258,5.8,85.7,2.5
G_1965,3.8,204.8,2.7
G_3558,59.8,144.7,4.0
G_1562,1.9,201.1,2.0
G_1739,4.4,210.7,1.7
G_4363,6.0,67.1,1.9
G_2440,67.9,140.2,6.0
G_2019,57.8,172.4,5.9
G_3097,100.7,104.7,5.0
G_725,3.3,269.1,2.0
G_766,1.9,240.5,2.1
G_287,2.8,239.6,1.8
G_308,2.1,215.4,2.4
G_5211,6.8,84.4,1.8
G_4669,6.0,70.6,2.6
G_5436,7.3,68.4,2.3
G_1731,2.7,241.5,1.9
G_4410,1.3,86.4,3.1
G_5086,4.2,75.1,3.0
G_1472,2.1,218.0,2.2
G_072,5.3,250.9,1.6
G_1567,3.1,225.7,2.5
G_712,2.9,258.3,2.3
G_3711,65.0,109.1,10.0
G_1021,3.8,250.0,2.0
G_1346,1.0,260.7,2.8
G_4999,8.1,66.2,3.1
G_3159,47.2,158.0,8.0
G_738,4.5,228.6,2.0
G_5401,2.9,76.3,3.0
G_2433,37.8,117.3,7.5
G_5804,4.1,67.4,2.7
G_5571,4.4,52.0,4.1
G_1236,5.5,224.7,3.0
G_2260,55.0,135.4,7.0
G_5480,5.4,58.1,2.0
G_4380,6.5,83.5,2.0
G_3951,38.8,147.4,8.9
G_5489,5.5,77.7,1.7
G_979,1.0,233.6,2.2
G_4624,4.9,66.9,2.2
G_5109,3.9,81.1,3.4
G_2023,97.4,93.8,9.0
G_3521,74.8,150.6,9.0
G_5282,5.2,65.4,2.9
G_345,2.3,166.2,1.7
G_5000,2.5,73.5,2.7
G_912,3.3,229.0,2.7
G_2437,39.8,133.2,4.7
G_048,4.6,219.8,3.4
G_4081,7.5,67.8,2.3
G_5196,2.0,69.7,2.5
G_444,2.9,237.2,2.3
G_3593,48.7,155.0,10.5
G_3131,58.9,154.4,4.6
G_2487,56.6,138.3,6.6
G_5709,2.6,62.8,2.6
G_1894,2.8,172.3,1.2
G_3018,47.2,115.3,5.9
G_1221,1.2,193.7,2.9
G_3831,57.1,109.6,6.2
G_2269,74.5,115.0,6.8
G_1056,2.0,198.6,1.4
G_849,2.0,204.8,1.7
G_3893,42.1,122.7,5.6
G_5847,4.9,68.8,2.0
G_3878,64.9,102.8,6.5
G_2743,36.5,132.6,5.8
G_5607,6.4,77.4,2.6
G_4281,9.1,59.2,1.5
G_1329,1.2,192.7,2.2
G_2875,39.8,139.3,9.1
G_4631,8.9,68.0,2.7
G_777,1.9,213.6,2.0
G_5677,4.3,71.5,2.4
G_184,3.7,254.3,1.7
G_3130,79.6,149.9,8.5
G_4099,6.4,74.2,1.5
G_1194,3.5,204.6,1.7
G_3649,45.0,136.3,7.3
G_735,4.5,269.7,2.1
G_1836,3.5,210.1,1.8
G_2273,58.6,119.4,10.0
G_3794,53.2,110.9,7.0
G_486,1.0,241.5,1.2
G_1164,1.0,202.6,2.0
G_453,1.5,218.3,2.6
G_2299,54.8,126.3,8.6
G_4595,7.9,56.2,2.2
G_031,2.1,240.2,2.4
G_790,1.0,224.5,1.9
G_5099,5.2,81.8,2.5
G_1966,3.1,229.1,2.1
G_1110,5.9,173.3,2.0
G_101,1.0,229.4,1.2
G_3971,84.0,111.7,7.4
G_3013,73.1,80.0,6.8
G_3168,58.3,110.0,8.4
G_4725,6.4,71.6,3.0
G_1771,3.1,245.0,2.9
G_1920,2.3,218.5,1.5
G_3756,61.9,150.9,8.9
G_4542,3.6,88.6,3.7
G_862,1.0,232.1,1.6
G_1502,2.2,204.3,2.3
G_904,4.9,228.2,1.8
G_5056,5.0,62.6,4.1
G_110,2.9,235.1,2.1
G_5369,4.6,72.6,1.4
G_5873,7.9,70.6,3.4
G_5035,9.1,65.0,2.5
G_4398,4.7,63.8,3.3
G_1927,1.0,244.0,2.3
G_2134,60.5,166.7,6.6
G_3526,48.1,113.6,7.5
G_5862,8.1,89.9,2.3
G_4651,7.7,87.5,3.4
G_3672,30.0,137.8,7.0
G_4394,3.4,76.4,2.5
G_3046,51.7,100.3,8.3
G_5547,2.8,73.7,2.5
G_5161,4.8,66.6,3.5
G_5639,8.4,66.4,2.0
G_3887,77.6,127.2,6.8
G_1095,4.1,198.4,1.9
G_1122,4.8,204.7,1.8
G_2517,85.4,111.5,5.3
G_2211,74.8,142.5,6.5
G_810,1.7,206.3,1.8
G_4253,9.7,64.6,2.7
G_3275,81.5,117.0,8.1
G_5908,4.1,73.0,2.7
G_4344,6.5,77.9,3.3
G_5846,4.3,83.6,3.2
G_5504,6.1,88.0,3.2
G_5654,4.5,78.9,1.4
G_3945,66.2,126.1,10.0
G_5040,7.7,75.2,3.0
G_2544,57.3,129.8,4.0
G_1774,3.3,201.0,1.6
G_2847,61.4,123.1,8.9
G_5800,0.0,89.8,1.9
G_1766,1.7,220.4,1.8
G_3898,58.2,124.6,7.4
G_5629,5.9,55.7,3.1
G_1757,2.8,222.6,2.3
G_2347,53.5,122.5,8.3
G_2997,71.5,153.3,7.5
G_1596,1.5,248.7,1.1
G_5967,7.0,71.1,1.5
G_3253,75.9,121.3,5.7
G_830,2.6,210.8,1.5
G_5865,6.3,72.8,1.5
G_1859,3.4,201.9,1.8
G_439,1.0,209.1,1.8
G_628,2.8,237.4,1.6
G_5979,4.4,57.9,3.5
G_2880,35.6,117.0,5.7
G_926,1.0,226.3,1.7
G_4122,4.8,72.1,1.5
G_4875,2.5,81.1,1.0
G_5737,6.4,79.3,3.8
G_2866,75.5,155.4,9.2
G_5952,5.7,75.2,2.9
G_1174,2.9,239.4,1.5
G_3361,48.6,158.5,9.0
G_3198,58.4,158.3,9.7
G_945,5.8,228.1,2.9
G_4770,5.2,66.8,3.2
G_2289,81.7,117.3,6.1
G_013,3.4,200.8,1.5
G_1118,2.9,201.1,1.7
G_4366,1.6,87.0,3.2
G_3656,55.0,156.1,6.0
G_5696,5.6,72.9,1.9
G_643,2.6,198.8,1.9
G_2590,64.0,125.8,6.4
G_4708,2.3,88.6,1.8
G_2679,50.2,138.5,6.2
G_4293,7.3,66.5,2.4
G_5080,6.1,71.6,3.0
G_5488,5.1,100.0,3.3
G_2923,66.5,108.2,9.5
G_2536,72.3,144.2,5.2
G_4766,6.2,79.4,2.7
G_2265,51.0,85.7,8.1
G_654,1.3,245.8,2.3
G_430,1.0,211.6,1.8
G_3751,60.3,120.3,8.0
G_3316,83.1,99.3,5.7
G_2518,62.2,155.8,8.9
G_4012,6.6,94.2,3.1
G_3163,68.2,143.4,4.1
G_3606,49.0,160.5,5.4
G_839,4.5,275.5,2.7
G_1088,3.4,250.5,2.3
G_1729,3.6,190.0,2.1
G_5808,3.2,68.9,1.7
G_1320,2.7,278.0,2.3
G_1331,5.3,242.8,1.7
G_4155,6.4,80.8,3.5
G_857,1.8,202.1,2.4
G_1420,3.8,206.7,1.4
G_2516,49.4,134.6,8.4
G_2300,51.2,150.7,7.7
G_3537,53.5,114.0,9.3
G_1609,3.5,186.3,2.4
G_5199,6.6,91.9,3.1
G_694,3.9,216.6,2.3
G_4141,2.7,73.5,1.6
G_2667,41.2,110.4,8.3
G_189,1.7,209.3,1.8
G_288,3.9,213.7,2.1
G_3411,75.8,129.3,6.0
G_5537,3.2,86.2,3.2
G_4206,6.5,72.2,2.0
G_3967,75.5,120.3,7.1
G_3772,56.9,135.7,8.1
G_3216,68.5,154.0,8.7
G_2334,55.7,144.2,6.8
G_5982,3.9,70.8,3.5
G_4095,6.3,74.0,3.1
G_2145,68.9,151.7,7.3
G_2981,40.3,123.9,4.0
G_211,3.9,188.7,1.9
G_5608,7.3,83.6,2.7
G_4997,4.8,87.4,3.3
G_3107,31.0,145.2,7.8
G_074,5.3,224.9,1.9
G_5766,2.7,79.3,1.9
G_2829,57.4,140.3,6.2
G_4783,5.8,74.6,3.6
G_5945,3.3,80.5,3.7
G_4247,5.5,90.2,3.8
G_2822,87.5,156.9,6.9
G_3306,30.0,148.7,6.2
G_5595,5.1,76.8,1.0
G_2146,56.7,129.5,8.7
G_1232,1.0,169.4,2.3
G_5353,6.8,69.8,2.8
G_3341,51.0,111.3,6.9
G_5867,6.4,77.1,1.3
G_4392,9.4,87.0,2.8
G_114,6.7,194.9,1.2
G_5087,7.4,52.7,2.5
G_4260,6.4,76.3,2.5
G_5442,4.9,71.1,1.5
G_3196,64.5,99.4,8.3
G_2457,42.3,150.1,6.2
G_2949,54.5,136.7,5.9
G_1840,2.7,212.2,1.7
G_1963,3.8,221.2,2.0
G_1893,2.3,200.0,1.3
G_1826,3.7,249.3,1.2
G_4340,5.9,87.0,1.8
G_4447,3.4,74.5,2.9
G_3459,50.7,150.9,5.9
G_3536,43.9,120.6,9.1
G_253,6.2,183.7,2.1
G_351,3.5,246.5,1.0
G_2759,91.0,133.3,7.6
G_4553,6.0,91.5,1.3
G_458,1.4,226.0,1.3
G_5845,8.6,85.2,1.0
G_480,4.7,237.3,2.5
G_1115,3.2,229.7,1.9
G_799,3.0,211.0,1.0
G_4222,4.7,84.2,2.4
G_2674,61.9,153.9,5.6
G_3096,34.3,133.1,7.9
G_027,1.3,265.0,1.6
G_3076,78.8,160.9,7.3
G_2751,73.4,147.6,7.5
G_3271,34.2,159.9,9.8
G_1748,3.8,224.5,2.1
G_1288,3.8,214.7,2.7
G_1282,2.8,220.8,2.3
G_4935,7.3,86.0,2.2
G_2620,56.6,161.7,4.2
G_2064,95.8,149.9,9.7
G_2192,43.9,121.8,6.6
G_4650,7.8,74.7,2.7
G_5155,1.6,64.1,3.3
G_4718,2.1,72.1,3.0
G_1952,4.9,199.1,2.0
G_4579,2.5,81.8,3.7
G_2918,98.4,119.8,6.2
G_4936,2.4,69.9,1.6
G_608,1.1,164.9,2.2
G_4094,4.4,71.0,3.8
G_4804,5.2,75.4,2.0
G_3405,48.4,142.5,7.6
G_5857,3.0,69.3,1.0
G_3942,64.3,166.0,8.2
G_4853,3.4,82.4,2.6
G_5894,4.8,62.1,3.0
G_4507,5.0,76.7,2.9
G_204,4.6,187.7,1.5
G_340,2.2,203.5,1.8
G_838,1.5,260.6,1.6
G_4360,5.3,65.7,3.3
G_388,5.8,196.9,1.3
G_4153,7.4,86.7,2.1
G_4823,5.4,83.3,1.0
G_2577,50.9,130.3,6.7
G_3784,99.1,136.5,6.3
G_3024,60.5,147.6,8.4
G_3427,55.1,110.4,4.0
G_3384,48.1,109.9,4.9
G_4666,3.7,83.0,3.0
G_2234,30.0,118.4,5.3
G_1651,3.9,230.2,1.9
G_3248,60.2,110.2,6.9
G_4907,4.9,80.1,2.7
G_678,5.6,180.9,2.6
G_3862,62.2,139.5,5.5
G_1540,1.0,216.0,2.5
G_1917,1.8,217.8,2.4
G_062,2.7,216.6,2.1
G_3660,47.4,132.7,6.3
G_4138,5.1,66.3,2.4
G_4358,5.1,78.0,1.9
G_1481,4.1,212.4,3.0
G_791,3.6,234.9,1.9
G_1671,2.6,245.7,3.2
G_3209,40.9,134.9,7.7
G_5435,2.5,63.0,1.7
G_3117,86.3,162.3,7.7
G_4948,3.1,71.7,2.2
G_4236,3.9,82.3,1.3
G_5342,3.6,68.1,3.9
G_3750,80.9,153.0,4.5
G_4400,4.0,77.5,3.1
G_2597,52.4,121.3,7.7
G_4005,5.0,99.8,2.8
G_2094,46.9,120.2,5.5
G_734,1.0,198.0,2.2
G_3691,66.1,139.7,6.1
G_4550,7.3,70.2,3.3
G_3957,59.4,137.8,9.1
G_5090,8.9,53.4,1.0
G_1841,2.8,204.6,2.2
G_2852,48.7,114.9,8.0
G_528,3.1,235.2,2.4
G_3304,65.1,94.6,4.0
G_5660,5.4,67.6,3.3
G_2510,81.4,141.9,5.3
G_2229,72.4,125.1,6.2
G_2095,61.1,130.8,6.8
G_4336,2.4,85.9,1.0
G_804,2.3,194.9,1.6
G_858,3.7,214.2,2.5
G_3471,74.2,138.2,8.9
G_2419,67.4,119.0,8.3
G_2755,30.9,116.9,6.1
G_4680,5.4,64.5,2.5
G_1644,3.7,219.1,2.7
G_220,3.1,213.8,1.1
G_5175,6.3,97.0,1.9
G_1289,1.3,204.3,1.7
G_1116,3.5,226.3,2.3
G_583,3.9,218.7,2.0
G_3162,59.1,128.0,5.5
G_044,2.5,223.8,2.1
G_5772,1.0,72.8,2.5
G_2452,74.6,139.1,5.8
G_5950,6.1,93.6,2.7
G_1521,4.8,232.6,1.6
G_3129,62.9,141.4,5.9
G_2132,51.8,141.7,5.4
G_1745,1.6,195.1,1.1
G_5790,4.4,63.5,1.2
G_1225,2.7,227.1,3.5
G_2800,78.5,153.8,8.8
G_1072,3.7,262.6,1.9
G_719,2.5,205.2,2.4
G_4357,4.0,75.4,1.8
G_1962,3.4,267.3,3.1
G_671,4.9,202.6,2.3
G_3894,44.8,125.7,6.6
G_3103,61.5,144.7,5.6
G_2046,53.8,145.8,7.2
G_4798,3.7,75.0,2.1
G_5954,8.7,86.8,2.9
G_898,3.2,263.1,1.4
G_1259,1.9,249.7,1.2
G_2856,85.4,116.7,5.8
G_096,1.0,218.1,1.5
G_3022,35.6,162.2,4.6
G_3277,44.2,121.5,9.8
G_843,1.3,256.9,2.3
G_4035,7.6,69.8,2.0
G_2706,42.6,143.3,5.9
G_4976,6.6,71.7,2.9
G_2619,38.4,143.9,8.9
G_3419,59.7,132.2,6.5
G_4632,4.8,63.1,2.7
G_5152,5.5,74.0,3.8
G_323,1.8,231.4,2.6
G_4356,6.1,93.6,2.5
G_2133,88.0,135.6,5.7
G_3728,35.8,102.5,9.0
G_335,4.5,242.3,2.2
G_2645,45.3,135.0,5.8
G_333,3.1,182.1,2.4
G_834,1.8,213.2,2.3
G_2535,49.7,155.3,4.6
G_2168,57.7,144.5,7.2
G_2252,54.6,108.9,8.5
G_1887,1.8,165.1,1.6
G_2167,77.0,164.9,9.3
G_732,1.5,262.1,2.0
G_1696,5.9,212.1,2.3
G_292,2.3,244.5,1.8
G_185,2.7,164.7,1.8
G_4727,6.6,78.7,2.2
G_4764,5.2,70.1,2.2
G_3212,54.3,111.5,6.9
G_534,1.2,197.0,1.6
G_2836,42.4,129.6,6.6
G_2716,66.9,141.3,4.7
G_3899,39.9,162.3,4.4
G_3169,76.3,135.5,6.8
G_658,3.0,242.3,1.5
G_1256,1.2,223.7,1.4
G_2723,65.0,135.6,7.0
G_2733,62.2,135.9,6.2
G_2482,30.0,129.4,6.6
G_5088,4.0,82.3,1.0
G_899,4.8,212.8,2.3
G_429,4.6,248.1,2.1
G_5449,5.3,84.4,2.4
G_1993,4.8,170.6,1.5
G_2005,56.8,155.6,8.8
G_1437,2.6,234.3,2.0
G_5430,4.9,86.9,3.2
G_1223,4.0,254.3,1.9
G_2888,87.1,127.4,5.7
G_2338,53.3,102.9,9.4
G_3516,67.0,103.1,9.3
G_4520,4.8,84.4,4.0
G_5911,3.3,65.3,1.1
G_4714,6.7,88.9,1.9
G_2848,67.1,132.4,8.9
G_4337,4.4,73.5,2.7
G_3387,55.3,114.1,8.3
G_1722,2.6,262.6,2.9
G_2405,67.8,157.0,6.4
G_1819,2.7,210.1,1.4
G_5419,5.3,71.9,1.0
G_2677,60.5,134.1,8.7
G_4956,3.0,77.8,3.0
G_3613,47.9,120.0,7.7
G_3729,65.6,120.7,6.2
G_2906,64.3,114.7,4.4
G_1411,5.0,203.1,1.7
G_4343,3.5,79.9,2.1
G_4003,4.3,97.4,1.8
G_5714,3.8,68.4,1.7
G_2165,83.7,94.6,4.0
G_1832,3.3,206.8,1.9
G_1127,3.5,172.3,1.9
G_4372,4.6,67.3,2.6
G_5638,2.0,71.2,1.8
G_5923,5.0,88.8,3.3
G_3781,54.2,120.8,6.9
G_305,3.0,269.9,1.3
G_1898,5.4,237.8,2.5
G_1293,3.0,251.9,1.3
G_071,3.5,244.1,2.3
G_4145,4.3,61.8,3.6
G_1306,1.7,246.5,2.5
G_2781,78.0,115.3,5.1
G_5252,5.2,78.3,2.4
G_4225,3.8,63.6,3.0
G_1666,3.0,188.6,1.3
G_1341,3.2,237.7,1.5
G_832,1.6,196.9,1.4
G_2572,40.2,138.2,6.2
G_1457,4.1,247.2,1.7
G_3208,82.3,93.1,6.1
G_3247,58.2,137.7,7.3
G_239,2.0,209.8,2.7
G_093,1.9,235.6,1.9
G_5710,6.3,61.4,3.0
G_2945,33.1,110.2,8.4
G_2520,65.1,152.6,10.2
G_2772,60.5,161.4,9.4
G_2604,66.3,138.4,5.2
G_5307,4.0,75.7,2.0
G_3440,69.5,127.9,7.0
G_1002,4.4,198.5,1.8
G_2043,93.0,101.2,6.6
G_5179,3.8,71.0,3.5
G_3429,63.0,90.4,6.9
G_2616,60.0,110.4,7.4
G_1505,2.7,207.5,1.8
G_958,3.7,214.1,2.5
G_3802,49.8,140.1,7.1
G_5313,6.3,89.6,3.1
G_4762,7.7,79.3,3.7
G_1533,3.5,217.4,2.7
G_2303,74.4,115.6,9.8
G_412,1.3,258.4,2.0
G_1406,1.9,156.7,2.0
G_3348,40.7,145.0,9.0
G_5759,6.4,70.6,1.3
G_1789,3.5,224.5,1.1
G_2882,59.3,122.6,5.9
G_3051,74.5,138.4,9.2
G_2088,36.8,124.7,4.9
G_1035,2.3,221.5,2.4
G_5264,5.3,65.8,3.1
G_5886,2.3,79.6,2.7
G_5221,7.1,76.8,3.5
G_932,5.8,208.6,1.0
G_5472,1.0,65.0,2.7
G_3329,39.4,134.5,5.8
G_634,2.4,227.8,2.4
G_1742,2.7,233.0,1.5
G_499,1.7,239.8,1.0
G_938,4.1,214.3,2.6
G_416,1.9,226.8,2.3
G_2329,80.9,131.1,7.8
G_3280,71.5,123.9,5.5
G_3587,44.4,138.2,6.1
G_4368,6.2,71.6,1.8
G_4913,8.5,100.0,1.4
G_758,3.3,201.0,2.6
G_1617,3.4,195.4,1.9
G_1042,2.3,223.9,1.2
G_3632,47.2,128.1,6.5
G_4654,5.8,60.9,1.3
G_4465,5.5,93.2,1.9
G_2463,57.5,139.2,6.0
G_597,2.6,204.8,1.9
G_4044,6.6,67.2,2.3
G_2764,85.0,141.6,9.4
G_1069,2.3,225.6,2.0
G_2196,57.8,150.0,7.8
G_3040,48.3,129.9,5.9
G_5605,6.8,67.6,1.0
G_3228,59.2,117.5,9.3
G_653,2.6,232.8,2.0
G_4625,0.3,56.4,3.2
G_5332,3.5,66.9,2.0
G_5168,1.6,70.0,1.6
G_2717,75.7,142.9,7.1
G_4854,4.1,69.3,1.8
G_5902,4.5,76.4,2.2
G_2700,47.6,106.4,4.0
G_4546,3.5,59.6,3.8
G_076,4.2,212.1,2.1
G_3667,44.6,127.7,8.3
G_5925,9.3,86.8,1.5
G_2930,43.9,132.5,6.7
G_5529,8.6,66.1,2.8
G_5956,5.5,81.3,2.8
G_3804,62.9,109.7,6.3
G_5026,7.1,62.5,2.7
G_5283,5.2,81.7,3.0
G_2485,70.5,169.7,7.9
G_4792,8.5,73.5,2.4
G_1011,5.0,217.7,2.8
G_1030,1.5,220.9,2.0
G_2843,88.1,128.6,5.8
G_829,2.4,243.8,2.5
G_2707,53.8,134.1,7.0
G_1877,2.2,243.8,1.2
G_097,3.4,236.8,2.3
G_3379,68.6,122.0,7.9
G_4598,6.5,83.6,1.5
G_4596,3.4,57.0,2.0
G_4842,2.7,77.2,3.3
G_1201,3.2,224.6,1.8
G_622,3.7,239.7,2.9
G_5454,5.2,83.3,1.8
G_1413,3.7,269.8,1.6
G_567,1.0,195.1,2.4
G_544,5.2,212.3,1.7
G_1335,3.2,255.0,1.6
G_4300,6.3,99.1,3.1
G_052,2.4,198.3,2.1
G_5047,7.4,70.0,2.9
G_2068,76.5,148.5,7.7
G_3873,103.0,123.6,7.6
G_1559,5.2,217.2,2.0
G_746,1.9,212.6,1.9
G_4526,6.3,88.3,1.3
G_4672,5.3,68.3,1.9
G_1468,3.6,223.3,2.1
G_4463,3.1,76.4,2.9
G_196,3.6,203.5,1.8
G_3401,50.5,144.3,6.8
G_4268,6.3,83.6,3.4
G_3780,45.9,137.4,5.7
G_803,3.1,228.7,1.3
G_1619,2.4,249.9,2.2
G_5187,3.3,87.0,2.5
G_4438,4.6,67.9,1.3
G_621,1.8,237.6,1.8
G_5340,4.0,72.8,3.6
G_4149,4.4,82.2,2.0
G_3627,76.5,133.7,5.9
G_4113,4.1,72.6,3.5
G_3407,54.4,106.0,5.8
G_3385,56.3,115.5,6.7
G_645,2.6,192.8,2.3
G_2790,70.3,115.8,6.3
G_5437,0.0,74.2,5.0
G_1790,5.0,252.6,2.0
G_1062,1.0,211.7,2.5
G_4158,6.4,82.4,3.1
G_4600,5.9,79.5,2.0
G_121,4.2,280.3,1.7
G_2917,43.7,165.3,6.9
G_3881,40.2,130.9,7.1
G_4130,4.0,55.2,3.7
G_4820,7.5,78.2,3.0
G_3195,71.2,109.8,6.5
G_1231,2.2,209.6,2.9
G_2761,72.3,149.4,8.4
G_5538,6.6,59.6,3.3
G_5575,5.2,78.0,3.3
G_5953,8.6,66.4,2.2
G_3307,75.3,146.6,6.6
G_135,1.6,211.1,1.9
G_3484,55.3,135.5,6.3
G_2580,33.1,138.6,6.6
G_2841,50.5,115.9,5.1
G_3793,46.1,133.6,9.4
G_5717,6.9,82.9,3.4
G_2219,56.0,125.6,8.8
G_512,2.9,233.7,2.5
G_5985,5.9,68.1,3.4
G_063,1.3,229.8,1.5
G_1554,1.8,282.8,2.3
G_3771,73.4,80.0,4.1
G_5217,5.9,66.2,2.7
G_5589,3.6,64.1,2.6
G_1719,4.1,215.5,2.3
G_2861,47.6,135.9,6.8
G_4371,5.6,67.7,3.2
G_2096,71.1,180.0,9.4
G_680,4.9,213.4,2.1
G_3687,52.5,92.3,8.7
G_1212,2.0,190.5,1.5
G_123,5.1,219.5,2.5
G_2642,86.9,114.6,6.1
G_3086,30.0,121.9,7.0
G_4078,5.9,80.6,2.2
G_4918,4.5,93.6,2.6
G_3177,77.8,155.2,7.4
G_1211,1.1,249.6,2.1
G_568,1.5,236.3,1.4
G_3430,36.6,170.5,7.8
G_549,3.6,245.5,2.2
G_865,2.1,230.2,2.0
G_4540,3.5,62.4,1.3
G_1393,6.0,218.2,2.1
G_5726,6.5,66.5,3.9
G_2403,54.5,142.5,8.8
G_3985,63.6,106.1,8.0
G_2058,75.4,124.2,4.5
G_4771,7.6,71.0,1.8
G_721,3.5,268.9,2.5
G_3838,58.8,153.4,7.5
G_2883,49.1,149.6,6.3
G_691,2.5,194.6,2.0
G_603,4.3,204.1,2.8
G_2216,35.4,134.8,5.6
G_4968,3.3,100.0,3.3
G_5376,5.8,78.6,2.8
G_5016,2.4,84.5,3.4
G_5578,6.0,77.7,2.7
G_504,3.8,204.7,2.2
G_4503,3.5,83.0,1.9
G_319,3.5,206.0,2.1
G_5879,5.6,69.9,1.2
G_5514,5.7,61.4,2.9
G_275,1.5,192.8,1.0
G_5156,6.6,75.2,2.4
G_3621,48.0,137.2,6.5
G_1362,3.9,177.8,2.1
G_4196,6.0,72.7,1.8
G_1527,5.8,215.1,2.6
G_2367,56.3,141.4,5.5
G_3376,89.6,109.5,4.5
G_4161,4.2,85.6,2.2
G_2292,82.0,174.2,4.9
G_3289,73.0,130.4,5.8
G_3876,54.7,129.6,4.7
G_3559,47.0,118.5,7.2
G_5158,8.8,83.9,2.1
G_946,1.4,191.3,2.5
G_4717,4.8,72.9,3.1
G_5782,3.5,74.2,1.9
G_296,2.0,233.1,1.2
G_3167,88.5,104.9,5.1
G_2183,34.1,130.0,8.1
G_299,4.2,236.3,1.5
G_069,3.5,255.6,1.4
G_4393,7.7,69.6,3.7
G_737,3.4,211.6,1.6
G_3476,86.0,130.6,9.1
G_4267,3.8,80.6,2.8
G_2989,59.7,160.5,7.9
G_3647,31.9,140.0,8.7
G_1504,3.0,221.3,1.3
G_2073,62.8,117.6,8.5
G_151,3.4,215.6,2.0
G_757,3.7,224.9,1.3
G_5899,5.0,66.7,1.9
G_3502,61.8,156.5,7.6
G_1704,4.7,199.1,1.7
G_5467,6.1,83.7,2.3
G_2105,46.6,106.9,5.7
G_170,1.9,231.7,1.6
G_2155,70.9,148.5,7.1
G_377,4.3,211.0,1.0
G_2026,61.7,127.3,9.2
G_860,3.9,224.9,1.9
G_2688,46.1,157.6,6.6
G_5036,6.7,87.2,2.6
G_5349,1.1,59.3,3.2
G_379,6.3,209.7,2.1
G_4784,3.6,80.1,3.0
G_5457,3.3,74.6,1.4
G_1295,3.1,189.8,2.7
G_4972,6.7,72.4,2.3
G_1433,4.3,233.1,2.1
G_5326,8.0,69.4,2.4
G_5860,5.1,74.9,2.9
G_2943,79.5,127.1,8.0
G_1780,2.0,217.8,2.3
G_3389,66.6,150.5,7.9
G_5163,5.4,50.0,2.7
G_5136,6.0,92.8,2.8
G_3544,80.2,118.6,8.4
G_842,4.0,182.1,2.0
G_2573,92.1,138.2,5.2
G_1190,1.5,265.7,2.9
G_176,4.2,272.2,2.2
G_4776,5.6,71.0,2.5
G_928,3.6,225.4,2.1
G_3259,51.2,180.0,6.3
G_046,1.9,248.0,1.8
G_1261,3.8,214.0,2.6
G_1097,3.1,246.0,2.4
G_1444,1.1,259.7,1.7
G_2108,47.1,146.4,6.8
G_5004,3.2,84.5,2.5
G_1188,2.7,242.3,2.1
G_5094,2.7,77.0,2.0
G_3788,50.4,163.5,8.7
G_1031,2.6,157.8,1.4
G_4818,6.1,67.4,3.7
G_301,1.8,246.3,1.8
G_2524,72.1,109.7,6.9
G_1473,2.8,221.3,1.8
G_284,1.1,195.5,2.5
G_4383,3.6,91.6,1.8
G_2481,70.4,123.6,8.7
G_4756,4.2,81.3,1.7
G_3347,47.7,136.6,6.6
G_1814,4.3,222.4,1.6
G_3888,35.2,123.3,6.5
G_4314,2.4,72.7,2.6
G_4142,2.8,69.3,2.5
G_5062,9.3,75.4,3.0
G_4828,2.1,90.6,3.3
G_2933,63.7,130.4,5.3
G_2120,54.8,130.2,5.3
G_5658,7.3,69.2,3.3
G_4815,6.1,92.7,2.0
G_3808,85.8,149.5,7.3
G_5706,7.3,88.9,3.1
G_5775,4.7,88.1,1.5
G_2331,79.8,125.7,5.8
G_2030,51.2,131.7,6.9
G_5465,5.5,76.4,3.1
G_258,1.9,209.5,2.7
G_508,1.7,251.1,2.1
G_1943,3.4,205.1,2.0
G_100,2.6,240.4,2.0
G_2956,33.7,151.0,6.8
G_745,3.8,156.8,2.8
G_4571,2.9,72.8,2.8
G_5553,4.0,50.0,2.1
G_1376,2.7,194.4,2.4
G_3867,72.9,136.4,6.9
G_3820,63.5,152.2,8.0
G_3683,56.8,149.8,9.9
G_1955,2.1,205.5,2.3
G_4747,8.9,82.0,3.5
G_1158,6.4,222.7,3.5
G_4369,6.5,89.5,1.5
G_3366,71.5,100.0,8.0
G_4906,1.5,86.3,3.8
G_1438,5.4,188.1,2.6
G_367,3.3,206.6,1.7
G_4814,6.5,66.0,1.7
G_2942,74.5,166.8,5.4
G_403,3.0,206.3,1.6
G_4645,5.6,76.0,3.8
G_5655,5.9,73.9,3.7
G_950,3.4,179.2,2.2
G_2782,60.1,149.1,4.6
G_020,1.0,189.0,2.0
G_230,4.0,245.2,2.0
G_4188,4.1,73.2,2.6
G_669,1.0,233.8,1.6
G_219,2.3,272.5,2.2
G_5008,4.3,70.4,2.7
G_4025,6.9,56.7,1.8
G_3572,60.4,118.8,6.6
G_2514,55.4,139.6,4.9
G_4391,7.5,63.9,1.9
G_586,3.4,204.4,2.6
G_1913,4.0,245.2,2.6
G_5378,4.0,86.5,1.4
G_4432,8.1,67.4,3.7
G_4348,4.9,56.7,2.8
G_3830,42.8,116.9,7.2
G_3480,54.7,150.9,5.2
G_4578,4.9,77.5,4.5
G_778,2.6,214.0,2.6
G_2315,76.5,147.3,6.0
G_1019,2.5,208.7,2.1
G_1607,3.2,200.5,1.4
G_2506,56.1,123.9,8.1
G_2808,70.4,129.4,7.0
G_4589,1.8,65.6,3.7
G_3214,53.9,140.7,7.9
G_1492,6.8,214.7,2.5
G_4985,6.6,58.5,1.8
G_5248,4.7,61.8,2.4
G_4341,4.2,89.6,2.4
G_3661,80.6,129.0,5.7
G_4488,7.7,90.3,2.4
G_2878,49.0,105.5,8.5
G_1594,4.4,183.0,2.2
G_518,1.5,164.5,2.2
G_322,3.9,239.5,1.9
G_5265,7.3,78.1,3.7
G_5636,5.8,82.2,2.7
G_4100,5.3,77.3,2.9
G_3690,57.1,135.9,9.0
G_218,2.6,218.3,1.8
G_2656,87.3,106.5,9.2
G_2389,72.6,118.2,9.7
G_361,3.8,194.3,2.2
G_4376,5.1,82.8,2.3
G_3337,59.5,157.8,7.3
G_3011,64.4,136.8,7.3
G_2319,74.4,113.5,8.7
G_1053,3.7,212.8,2.2
G_5141,5.1,80.8,3.3
G_760,4.1,235.6,2.4
G_4668,4.4,96.8,2.5
G_5278,4.5,53.1,1.4
G_5996,6.2,79.7,3.3
G_1427,6.1,226.3,2.5
G_4408,3.3,62.2,2.6
G_3698,38.9,142.3,5.2
G_215,2.5,208.2,2.0
G_1615,2.7,237.3,1.7
G_4676,5.7,93.9,2.2
G_1718,3.3,277.7,1.9
G_2742,54.1,160.4,7.2
G_2054,72.8,120.2,5.4
G_2999,59.9,116.3,8.2
G_1984,4.3,191.9,2.2
G_1703,4.0,197.1,2.0
G_3102,58.1,150.4,5.5
G_3035,84.1,129.4,5.7
G_5328,7.6,60.0,2.3
G_197,1.7,230.6,2.5
G_726,2.7,220.1,1.0
G_3919,49.7,126.3,7.9
G_1513,1.9,262.8,2.3
G_2624,59.4,153.8,9.0
G_4539,2.8,60.1,1.0
G_4696,7.2,55.1,3.3
G_1057,3.0,206.1,2.4
G_4994,0.4,77.4,2.8
G_888,2.5,254.7,2.8
G_2699,43.1,127.9,7.8
G_1093,4.1,217.6,1.3
G_5098,3.6,82.5,2.7
G_4126,3.8,72.4,2.5
G_569,1.0,241.5,2.7
G_517,3.8,222.1,1.8
G_3629,35.9,112.7,10.8
G_4830,2.8,66.6,2.6
G_2150,63.9,118.8,6.4
G_140,1.2,183.3,2.0
G_5830,2.4,71.9,2.4
G_5275,5.3,79.1,2.4
G_2285,51.1,109.9,7.2
G_5011,7.2,71.7,2.2
G_1150,1.7,197.6,2.2
G_4049,7.0,67.2,3.0
G_2499,59.0,94.4,8.9
G_2274,43.8,122.2,8.4
G_2527,54.9,123.5,6.2
G_464,3.3,189.1,2.6
G_3308,81.5,137.5,5.3
G_3133,68.9,134.9,7.5
G_4986,1.2,75.1,2.6
G_595,4.6,241.2,2.0
G_3081,65.1,127.9,8.3
G_1808,3.8,170.8,1.8
G_5137,4.2,69.6,3.0
G_451,2.9,197.1,1.8
G_3044,37.2,93.5,8.6
G_5827,7.3,63.6,2.1
G_519,3.1,214.3,2.2
G_2523,54.5,120.1,4.2
G_313,4.2,225.8,2.2
G_5888,3.7,74.3,3.0
G_4484,7.1,78.5,2.8
G_2648,46.0,125.6,7.5
G_3438,59.1,127.8,8.9
G_1175,1.9,194.9,2.3
G_3533,61.3,99.5,6.1
G_452,4.4,199.2,1.8
G_5038,3.7,61.6,2.0
G_3425,33.1,147.4,5.3
G_1113,4.3,212.5,2.0
G_4845,9.3,77.0,2.8
G_1579,1.9,199.6,1.3
G_891,4.2,223.5,1.6
G_1616,7.8,238.4,1.0
G_4349,3.7,85.6,2.5
G_3980,34.3,94.8,10.4
G_5681,1.6,67.3,2.9
G_5840,6.0,68.6,2.4
G_2926,40.2,142.9,5.4
G_1264,1.6,249.3,2.2
G_5616,5.3,81.5,1.8
G_1000,3.9,216.1,1.6
G_3762,70.7,112.9,8.2
G_1360,3.3,195.5,1.9
G_5995,4.4,72.1,1.5
G_1477,2.8,244.4,1.9
G_193,3.3,270.6,2.6
G_4693,4.3,64.3,2.5
G_5399,3.8,65.8,1.7
G_2793,73.4,131.3,7.1
G_5002,6.1,74.7,2.6
G_2408,64.6,95.9,5.9
G_5058,2.8,54.3,2.3
G_1875,5.0,201.5,2.6
G_5301,5.3,50.7,1.1
G_1339,2.4,232.6,1.8
G_3478,62.9,161.8,7.2
G_4843,5.6,88.8,1.3
G_3872,88.5,105.4,6.7
G_2806,58.1,89.7,6.0
G_5900,2.9,64.6,2.3
G_1294,4.3,228.5,1.5
G_5286,5.2,60.3,2.7
G_4513,4.3,65.6,2.4
G_5618,2.6,83.9,3.3
G_3520,70.1,121.9,6.6
G_2665,49.2,123.5,8.0
G_1908,1.3,184.8,1.0
G_3759,38.9,127.5,7.6
G_4154,2.8,70.1,3.2
G_369,3.1,192.1,1.7
G_1938,3.7,186.7,1.2
G_3574,82.3,80.0,7.0
G_1152,1.0,210.8,1.6
G_4922,5.8,52.7,3.0
G_4013,3.7,62.6,1.5
G_2352,44.4,118.9,4.7
G_4052,7.2,66.6,2.4
G_5661,7.9,83.6,2.2
G_3556,64.0,170.2,7.8
G_1873,2.5,192.6,2.2
G_5903,4.9,85.9,1.7
G_192,4.3,231.6,2.1
G_2441,31.5,114.1,6.5
G_109,3.4,211.8,1.9
G_175,3.4,199.1,1.9
G_3170,60.6,136.8,6.8
G_3353,52.5,109.9,9.3
G_3835,63.3,173.3,4.8
G_1599,3.0,228.4,2.1
G_1361,3.0,191.2,2.0
G_2104,65.2,92.5,6.0
G_5220,2.2,83.8,1.6
G_5841,8.0,75.5,2.7
G_5044,3.0,66.5,2.5
G_3581,77.8,159.3,6.8
G_1165,4.5,191.1,2.4
G_3679,49.5,135.7,5.3
G_5285,4.2,62.4,3.2
G_1662,2.8,201.8,1.5
G_509,3.1,186.2,2.3
G_167,4.2,199.7,1.9
G_2788,43.0,124.0,6.9
G_5522,3.3,65.8,3.1
G_2255,54.2,132.3,7.1
G_3962,84.6,114.3,7.1
G_104,1.8,248.1,2.4
G_2413,32.9,108.8,5.4
G_4926,4.9,72.2,2.4
G_4882,0.7,85.0,2.0
G_1753,2.0,251.3,2.7
G_5355,6.5,82.2,4.0
G_5104,2.1,59.8,4.3
G_1659,1.5,224.0,2.7
G_153,2.0,220.5,2.0
G_2587,81.5,167.3,8.2
G_1584,3.1,189.4,2.2
G_2178,41.8,160.6,7.8
G_5970,3.0,85.0,1.7
G_4890,3.7,69.7,3.3
G_2115,56.9,112.2,6.6
G_2647,68.3,85.9,9.9
G_1823,2.7,218.9,1.4
G_5070,3.9,70.2,1.3
G_3127,60.3,141.4,5.5
G_310,2.7,242.2,1.8
G_5792,5.9,63.0,2.8
G_2432,30.0,128.4,8.5
G_2571,58.0,115.6,4.2
G_496,3.8,240.3,2.8
G_206,1.6,231.8,1.7
G_1435,2.7,276.8,2.3
G_1136,4.4,231.1,2.0
G_869,4.0,233.4,2.1
G_306,3.2,297.7,1.2
G_1850,3.6,184.2,1.7
G_2237,50.5,148.3,8.7
G_1989,2.0,268.1,2.2
G_5968,6.5,86.1,2.4
G_1535,2.3,272.4,1.9
G_844,3.6,190.8,1.9
G_1988,3.8,206.3,2.0
G_5596,4.0,93.5,1.2
G_3842,53.3,156.7,5.5
G_2537,45.7,142.8,8.6
G_5281,4.1,77.8,2.7
G_1539,1.2,218.8,1.4
G_212,4.7,235.1,1.7
G_1958,7.7,214.0,2.3
G_3722,81.6,134.8,5.5
G_4705,6.0,59.8,1.8
G_2708,60.5,138.2,5.7
G_1350,2.7,216.6,2.0
G_4309,6.1,66.4,4.7
G_4588,5.5,70.2,1.3
G_681,4.1,237.0,1.9
G_181,3.9,215.2,2.1
G_3758,94.8,120.1,9.6
G_2227,38.6,121.3,6.0
G_3291,30.0,116.6,8.1
G_279,3.1,236.7,2.0
G_290,2.1,255.6,2.3
G_4729,5.1,78.6,2.6
G_994,2.0,214.7,2.3
G_5091,4.1,66.9,1.0
G_5039,6.4,63.7,1.5
G_4713,4.8,90.9,2.7
G_4807,4.6,75.7,4.2
G_271,5.2,228.7,1.9
G_2305,30.8,146.6,7.4
G_4896,7.0,80.9,3.1
G_5833,5.0,72.0,2.4
G_5806,4.9,85.2,1.7
G_112,3.0,215.9,1.6
G_1392,2.0,199.9,2.1
G_221,6.5,211.0,1.0
G_5204,5.2,81.6,2.5
G_084,2.2,162.6,1.0
G_3434,46.1,117.3,6.9
G_462,3.1,238.6,2.9
G_5272,4.6,75.3,2.7
G_552,2.8,173.0,2.4
G_5041,3.2,71.0,2.3
G_4695,3.6,80.6,2.7
G_2766,66.2,120.9,8.4
G_5166,3.4,67.3,2.4
G_2953,38.0,111.2,8.3
G_651,5.8,197.3,1.9
G_709,1.0,211.2,2.5
G_4744,4.4,81.3,2.9
G_2410,62.7,129.2,7.3
G_2415,65.5,118.4,7.0
G_1425,1.4,175.6,1.9
G_1217,2.0,178.6,2.1
G_4577,8.1,72.9,1.4
G_1925,6.1,213.4,1.1
G_4910,5.1,66.7,4.9
G_2684,59.2,146.6,8.2
G_315,5.0,236.6,1.8
G_2729,44.3,138.3,4.0
G_1428,1.3,254.6,2.0
G_5075,5.0,78.1,2.3
G_4754,5.4,59.9,2.0
G_4120,3.4,66.3,1.9
G_3865,53.1,132.3,6.7
G_3215,60.2,117.7,7.8
G_4415,8.0,70.6,2.8
G_3828,56.7,118.0,7.0
G_6000,5.2,80.7,3.3
G_2526,64.2,108.9,6.9
G_685,1.2,228.4,1.5
G_4395,3.6,78.0,2.8
G_2522,58.9,134.0,7.2
G_2909,47.1,141.3,6.2
G_2390,71.3,104.9,7.9
G_327,4.7,192.7,1.7
G_5014,8.9,86.5,2.2
G_2593,82.0,168.7,6.9
G_5186,9.9,72.4,1.8
G_2928,43.0,124.0,6.2
G_4051,7.2,77.9,3.5
G_5807,3.4,65.1,2.4
G_3786,60.9,134.1,7.3
G_349,1.9,237.3,1.5
G_1627,2.3,199.1,2.2
G_4411,8.2,78.1,3.6
G_872,1.8,231.5,2.7
G_3359,42.1,122.1,6.0
G_2340,59.3,126.6,5.3
G_4704,3.5,82.6,3.0
G_2122,62.2,106.4,6.3
G_3928,62.1,125.3,7.5
G_086,2.2,189.5,1.9
G_2819,60.0,139.7,7.0
G_1878,2.7,226.1,2.2
G_5690,6.6,69.9,1.9
G_4086,8.1,69.9,3.5
G_2376,76.5,125.9,7.9
G_495,5.3,188.6,2.4
G_2967,51.3,122.7,8.0
G_3110,65.3,138.4,5.0
G_2760,62.4,159.2,5.6
G_1271,4.6,214.6,2.6
G_2655,51.8,145.6,5.7
G_2634,48.6,152.9,4.7
G_4955,7.0,80.0,3.2
G_619,3.7,231.4,2.0
G_5131,5.0,70.3,2.1
G_2630,66.6,116.3,9.7
G_2827,37.6,108.4,6.4
G_5228,2.4,74.7,2.7
G_2230,50.5,144.7,5.8
G_5033,5.3,80.6,2.5
G_1414,6.2,199.2,2.4
G_2202,43.5,154.7,7.3
G_4964,8.2,74.6,2.1
G_4478,4.2,64.4,2.4
G_870,6.0,250.7,1.7
G_2007,55.2,132.0,8.5
G_4148,6.6,98.9,3.6
G_357,3.0,210.8,2.1
G_1163,1.0,208.5,2.0
G_4555,4.1,69.9,2.8
G_2407,58.8,171.0,7.2
G_5916,4.2,80.1,3.2
G_1891,3.8,237.3,1.9
G_580,4.7,264.0,2.4
G_2553,66.0,140.5,5.1
G_1692,2.3,241.0,1.1
G_863,5.3,192.4,1.7
G_5370,4.7,62.8,1.0
G_5811,8.9,57.0,3.2
G_4790,7.0,75.3,1.9
G_4646,8.2,93.5,3.2
G_1117,6.6,215.1,2.8
G_1542,5.7,256.3,2.8
G_3791,61.7,146.5,4.7
G_4616,6.0,89.8,1.2
G_5519,10.4,82.0,3.0
G_3296,53.7,110.1,5.2
G_5299,2.8,52.0,1.6
G_5314,2.8,63.8,2.7
G_5905,2.0,61.2,2.8
G_3048,58.6,128.8,6.1
G_5724,9.6,70.5,1.0
G_2438,55.8,133.9,6.5
G_5755,4.9,73.8,1.8
G_2053,54.6,121.5,6.0
G_1777,2.1,174.2,2.2
G_3270,47.5,121.3,8.9
G_4303,7.6,89.8,1.8
G_1593,3.7,277.6,1.6
G_1724,3.9,175.3,1.7
G_4694,5.1,84.7,2.3
G_4042,4.8,69.1,3.3
G_491,3.0,219.7,2.2
G_5078,8.7,85.4,3.1
G_1007,4.3,232.2,2.5
G_3149,80.5,119.7,5.1
G_4249,5.9,79.9,2.9
G_1418,3.4,225.2,1.0
G_026,3.2,224.6,1.8
G_1114,3.7,189.8,1.3
G_5586,6.0,85.8,4.1
G_1553,1.7,228.7,1.9
G_5124,5.0,81.3,2.9
G_4483,3.2,63.2,2.6
G_434,4.1,215.6,1.7
G_2927,60.3,103.0,5.8
G_3858,46.7,122.3,8.5
G_4016,4.0,74.4,2.6
G_2964,54.9,125.4,7.4
G_3099,46.8,132.1,7.8
G_5876,4.5,62.8,1.8
G_4457,6.7,79.7,3.3
G_4541,3.3,78.3,2.4
G_5769,3.2,74.1,1.4
G_1103,6.1,261.2,2.1
G_5066,8.4,81.5,3.3
G_4518,9.2,70.4,3.0
G_4163,5.5,76.1,1.2
G_195,3.3,224.7,1.0
G_616,3.2,236.7,1.8
G_644,1.0,203.7,2.7
G_4310,8.8,75.1,1.4
G_3154,69.9,141.5,4.0
G_5071,5.6,59.1,3.3
G_331,3.0,212.7,2.3
G_3826,77.5,99.3,8.2
G_4516,4.9,79.0,3.0
G_3114,45.8,123.5,6.4
G_5366,7.1,69.6,2.2
G_484,3.3,200.8,2.3
G_5198,6.2,74.2,3.8
G_2672,50.0,161.4,6.9
G_2060,69.0,110.2,4.8
G_4679,7.1,86.7,2.3
G_033,3.0,231.9,1.4
G_665,1.9,231.6,2.4
G_5160,7.3,78.9,2.5
G_4183,4.8,73.1,3.3
G_1445,3.6,237.4,2.4
G_2400,38.5,129.2,4.2
G_2442,58.1,158.0,6.2
G_5853,8.0,63.9,2.3
G_1706,2.6,227.7,1.0
G_5983,5.8,87.1,2.7
G_2851,43.2,167.4,5.7
G_5502,5.5,85.9,2.8
G_2278,57.2,145.6,7.6
G_1402,3.8,234.2,1.8
G_5549,9.2,66.2,4.1
G_171,1.7,244.7,1.2
G_541,4.3,202.3,1.5
G_5466,7.6,90.3,1.6
G_4606,5.7,96.0,2.2
G_2459,49.5,112.7,6.4
G_3909,71.6,151.2,6.0
G_675,1.0,194.8,2.4
G_2919,86.3,95.7,5.5
G_4077,5.0,70.7,3.0
G_1816,1.7,175.2,2.3
G_2555,55.8,148.9,8.5
G_2101,51.2,82.1,9.1
G_3126,31.0,131.3,8.3
G_5494,4.8,56.1,1.7
G_2102,63.5,116.4,7.3
G_5081,7.1,72.8,3.4
G_2804,85.1,142.7,7.1
G_1549,4.1,192.2,1.8
G_4751,2.1,86.6,4.3
G_4851,7.4,56.8,3.9
G_356,1.5,226.5,2.4
G_2641,43.5,162.3,7.4
G_4170,5.2,95.9,2.0
G_4677,6.3,70.9,1.8
G_5310,2.3,70.5,2.4
G_4274,2.6,54.1,1.4
G_1052,3.6,202.3,2.2
G_2322,59.9,103.5,7.9
G_4329,4.3,88.3,2.3
G_3920,67.0,131.9,6.3
G_1752,4.0,228.2,1.4
G_2465,41.9,149.8,6.6
G_1773,2.1,200.4,2.3
G_1197,3.0,237.8,2.5
G_1879,1.0,181.7,1.6
G_2017,92.7,115.3,5.4
G_2006,72.6,141.4,5.8
G_4076,5.9,70.0,3.1
G_1483,5.6,211.0,2.0
G_329,3.9,237.4,2.8
G_649,2.7,220.4,1.2
G_2895,49.4,107.5,6.5
G_1124,1.3,211.0,2.0
G_2777,73.1,123.1,4.6
G_2961,76.8,139.2,4.0
G_3456,44.2,115.4,7.9
G_2844,47.2,124.3,7.9
G_3090,73.0,118.4,9.4
G_5022,7.0,76.3,2.5
G_1260,2.9,255.9,3.0
G_4315,4.2,83.1,2.6
G_3412,61.5,111.9,4.0
G_4620,5.5,81.1,1.5
G_1520,5.8,164.6,1.2
G_1379,2.1,232.6,2.3
G_4382,9.7,72.3,2.8
G_1024,6.2,248.8,1.2
G_2877,68.3,124.5,8.0
G_4554,6.2,83.6,2.6
G_4796,5.0,76.8,2.5
G_913,3.4,201.7,2.4
G_4039,8.5,83.5,1.9
G_1676,2.5,221.8,2.0
G_1747,4.5,165.6,1.8
G_2971,44.0,122.2,7.6
G_1737,1.4,208.6,2.3
G_1630,4.3,204.2,2.2
G_4320,4.5,88.9,3.7
G_431,1.2,234.1,1.1
G_1809,1.0,236.4,3.4
G_3528,53.9,138.8,7.6
G_2388,38.7,137.4,6.4
G_3403,58.4,98.3,6.0
G_3481,56.6,141.7,7.0
G_5707,2.1,63.6,2.8
G_2223,58.7,140.9,4.0
G_4199,3.3,76.0,2.1
G_4167,3.6,79.4,2.5
G_5351,3.1,71.1,1.4
G_5882,3.2,69.4,2.6
G_4587,7.8,86.7,1.9
G_5325,6.1,70.3,3.6
G_1996,4.6,220.7,2.1
G_4991,4.5,88.5,3.7
G_2225,67.8,148.4,8.9
G_1107,3.9,187.7,1.5
G_5746,3.8,84.4,1.7
G_819,3.1,229.8,2.3
G_4073,5.6,65.5,1.4
G_4359,3.9,68.5,2.7
G_1698,2.0,228.3,1.6
G_3222,30.0,126.2,6.6
G_137,1.8,222.5,2.0
G_4524,3.9,86.9,2.3
G_2922,50.5,137.9,5.0
G_5317,9.7,90.1,2.1
G_1181,3.3,244.5,2.1
G_3435,53.2,160.9,4.5
G_889,3.9,210.4,2.1
G_2657,41.0,122.9,9.2
G_5734,2.4,75.3,3.6
G_2896,51.9,170.9,7.4
G_818,4.3,229.2,1.6
G_1112,3.3,212.9,3.3
G_3413,56.6,141.2,7.6
G_2342,58.3,129.7,4.0
G_5991,2.4,62.6,3.3
G_3760,40.5,119.0,7.4
G_1265,3.3,236.6,2.6
G_991,3.3,257.9,1.0
G_3236,79.3,103.8,7.3
G_1740,5.6,186.3,2.0
G_2478,46.3,99.0,8.7
G_354,2.8,185.9,1.2
G_5270,5.1,65.9,2.7
G_2458,74.9,130.5,10.9
G_4208,6.2,73.7,2.1
G_1490,4.9,180.1,1.8
G_3927,46.4,113.3,10.7
G_1229,4.4,239.5,2.3
G_5933,3.5,71.0,3.2
G_2690,49.6,132.9,6.2
G_5683,3.6,81.8,3.5
G_053,2.0,203.5,2.2
G_3124,59.3,130.3,7.5
G_3949,74.6,126.0,5.8
G_3322,58.2,121.9,8.0
G_3653,59.0,133.9,7.4
G_1590,3.1,210.1,2.8
G_1480,2.3,254.7,2.5
G_1470,3.7,214.5,2.1
G_2779,72.4,153.1,7.6
G_5988,7.2,62.8,2.5
G_2079,40.0,137.2,7.5
G_3451,53.1,126.5,6.1
G_5912,7.8,72.0,1.8
G_2952,77.6,105.8,8.5
G_437,5.4,216.7,2.6
G_2887,37.9,136.8,5.7
G_3886,67.1,108.1,8.1
G_1589,1.8,251.0,2.6
G_4418,5.3,86.4,2.3
G_1591,1.4,246.7,1.7
G_3251,65.0,113.9,8.9
G_974,2.0,269.7,1.0
G_1239,3.9,224.6,2.1
G_2343,57.8,180.0,6.0
G_2474,30.0,118.1,5.6
G_3589,65.9,88.8,6.5
G_5121,5.6,64.7,2.4
G_2232,54.5,93.0,5.2
G_2519,30.0,117.3,4.7
G_1498,4.8,218.8,1.7
G_450,1.4,202.7,2.7
G_2370,53.6,134.7,9.6
G_4123,5.6,84.0,3.0
G_2423,79.5,118.0,7.0
G_5387,4.6,59.5,2.7
G_5957,2.1,69.9,3.6
G_1552,2.7,180.8,2.2
G_5319,4.7,70.6,3.3
G_1147,1.4,202.3,1.9
G_5599,7.7,85.6,1.5
G_2093,57.6,127.9,4.0
G_1314,3.8,194.6,2.1
G_2016,47.1,156.9,7.1
G_4307,6.4,63.4,2.0
G_3709,49.1,103.1,8.7
G_3009,80.2,136.1,6.9
G_1382,2.3,249.8,1.7
G_3249,31.2,156.6,8.9
G_414,4.9,197.1,1.0
G_942,4.3,208.3,1.9
G_802,2.2,287.3,2.0
G_4914,10.7,73.5,2.3
G_5484,5.7,70.1,2.1
G_257,4.9,242.2,1.6
G_5887,6.7,94.8,2.5
G_2236,74.5,145.8,7.2
G_648,2.9,184.9,2.0
G_1768,2.7,252.6,2.0
G_4106,2.7,97.8,4.3
G_3936,72.7,132.5,7.4
G_5413,6.1,70.7,1.4
G_3950,60.1,156.0,5.2
G_025,2.2,150.0,1.7
G_1089,2.6,171.2,2.0
G_5112,5.7,76.9,1.1
G_4166,6.3,77.0,1.0
G_113,3.1,221.0,2.8
G_2312,78.2,180.0,6.2
G_4648,4.1,65.8,2.1
G_057,1.7,208.1,2.7
G_1310,3.7,220.0,1.5
G_696,2.5,255.8,1.9
G_4367,4.5,68.9,3.3
G_1228,2.8,251.2,2.2
G_2000,1.9,229.0,1.4
G_277,3.3,237.0,1.7
G_4061,3.8,85.8,2.3
G_3008,80.3,149.6,5.9
G_1834,3.4,184.4,2.4
G_683,2.2,211.8,2.7
G_3140,80.3,145.9,6.7
G_4335,0.3,65.6,3.1
G_1138,1.2,194.5,2.4
G_3753,72.2,108.5,5.6
G_3783,61.6,107.8,4.2
G_3012,60.5,104.0,6.8
G_4089,7.5,68.3,1.1
G_4834,7.7,79.8,1.9
G_1347,1.0,212.9,1.9
G_2551,59.8,103.4,6.0
G_4923,4.0,74.6,3.2
G_2802,46.4,106.9,7.8
G_2385,66.6,132.5,6.5
G_4767,5.0,76.7,1.7
G_4177,1.0,89.9,1.3
G_3254,74.5,103.7,8.0
G_2610,63.1,114.6,6.0
G_3255,70.8,134.4,6.5
G_2570,79.3,95.6,9.4
G_2754,65.5,122.5,5.3
G_4989,4.1,83.5,2.7
G_4927,7.7,80.3,1.9
G_082,3.5,235.0,1.7
G_1973,4.0,228.7,2.3
G_1715,2.2,245.3,2.2
G_3143,60.5,135.0,5.0
G_3623,48.0,133.6,6.8
G_1947,3.6,233.4,1.7
G_3318,78.7,110.1,7.6
G_4085,3.4,69.1,1.8
G_4710,6.6,74.9,3.2
G_1611,2.6,220.9,2.3
G_4641,2.1,95.4,2.6
G_2891,75.2,124.0,7.1
G_3246,50.6,114.7,6.9
G_5864,5.2,54.9,2.2
G_4626,5.9,97.4,1.4
G_666,3.2,185.8,1.9
G_2195,30.0,132.2,6.5
G_5723,4.1,64.5,1.8
G_5101,5.5,89.7,2.9
G_1018,2.3,150.0,3.0
G_558,2.4,220.1,2.2
G_4399,2.3,77.6,3.2
G_5767,3.5,74.8,2.8
G_1208,2.0,240.8,1.7
G_3803,48.1,176.1,6.2
G_3025,77.1,130.9,7.2
G_1511,1.3,250.5,2.1
G_5115,10.4,65.7,2.6
G_5550,6.5,72.8,1.7
G_4202,8.4,76.8,2.9
G_4568,4.3,79.4,3.1
G_267,5.4,175.5,2.1
G_2689,33.7,170.7,8.8
G_5463,6.4,80.9,1.9
G_2112,41.0,91.4,9.8
G_2944,74.4,136.9,6.5
G_1910,3.2,201.6,1.5
G_3106,54.2,123.1,4.2
G_3904,42.4,129.2,5.5
G_3952,74.7,134.5,4.0
G_4237,9.6,78.5,2.5
G_3571,43.7,122.5,8.5
G_4824,6.3,79.8,2.1
G_3218,83.3,135.4,6.8
G_1785,3.1,231.6,1.9
G_1238,2.2,188.6,2.6
G_4992,3.8,84.1,3.5
G_4701,4.6,71.4,3.8
G_4201,5.7,61.0,3.6
G_4866,5.6,73.7,3.0
G_5921,6.8,76.3,1.0
G_2187,66.3,141.1,5.1
G_3448,52.7,118.9,8.2
G_909,4.0,208.7,2.1
G_4319,7.3,80.7,1.7
G_1304,1.9,194.4,2.3
G_5602,5.1,67.3,2.3
G_1628,4.9,239.1,2.5
G_1523,2.7,195.9,2.4
G_836,3.4,212.5,2.0
G_359,3.5,175.6,2.3
G_139,4.2,189.0,2.4
G_300,3.9,182.4,1.6
G_1557,4.4,236.0,2.0
G_1004,2.0,267.2,1.8
G_383,1.0,228.6,1.7
G_4195,6.4,63.7,4.0
G_762,3.2,199.9,2.3
G_5722,3.7,81.0,3.8
G_2955,45.0,124.4,6.0
G_4175,1.1,59.1,2.9
G_4848,2.7,78.3,2.7
G_4440,6.3,63.6,3.1
G_1403,4.8,224.9,2.3
G_2938,53.1,174.8,6.4
G_5844,5.0,100.0,3.6
G_1933,2.3,242.2,2.1
G_3211,95.5,101.0,8.5
G_2898,43.1,136.1,6.0
G_5568,3.3,89.7,2.1
G_5144,5.0,78.1,3.8
G_2828,59.8,136.7,7.4
G_3871,82.9,131.2,9.5
G_2756,30.0,155.4,7.0
G_059,3.5,226.6,2.5
G_077,3.1,235.4,1.8
G_797,2.9,234.3,2.2
G_2417,40.7,128.7,8.9
G_2986,51.7,163.3,7.3
G_4388,2.2,69.2,2.6
G_786,4.6,211.2,1.8
G_5018,7.2,73.0,2.9
G_5068,6.1,82.7,2.7
G_2218,42.1,89.1,4.0
G_5322,3.3,78.5,3.6
G_5029,3.8,72.9,2.2
G_3505,50.0,167.0,9.8
G_3371,63.1,99.9,5.9
G_3983,58.9,140.5,4.0
G_4629,5.4,67.6,3.7
G_911,2.5,206.6,1.7
G_2173,54.3,135.3,8.0
G_3519,30.0,126.0,8.3
G_2310,60.4,124.7,8.1
G_5895,5.9,67.2,1.0
G_1258,3.6,202.2,1.6
G_2496,65.7,144.8,6.6
G_4521,5.0,80.0,2.6
G_4886,4.6,87.7,4.0
G_1179,1.5,244.4,1.9
G_4514,6.7,69.9,2.6
G_4899,2.5,73.7,2.8
G_443,1.0,187.7,2.3
G_4067,5.7,81.7,3.2
G_3039,30.0,145.5,7.2
G_3297,47.6,114.8,5.8
G_5720,1.9,82.6,3.0
G_1055,2.2,263.4,1.4
G_2670,70.5,146.0,6.1
G_4597,5.0,76.6,3.1
G_3045,72.0,124.0,7.0
G_1416,4.4,216.3,2.3
G_2373,76.8,135.0,7.5
G_4238,3.5,72.3,3.4
G_2973,88.7,116.8,9.7
G_5429,4.2,73.4,3.6
G_3686,73.5,149.8,7.8
G_5167,6.3,63.8,1.7
G_1503,1.8,221.1,2.1
G_4703,3.0,75.5,3.2
G_3845,83.9,121.4,7.1
G_2012,66.7,138.6,8.3
G_5257,8.7,84.2,1.8
G_5256,4.5,72.4,3.0
G_2860,73.5,93.7,6.2
G_4837,3.0,77.7,2.9
G_4532,3.9,75.2,3.5
G_3465,91.7,140.7,11.9
G_007,5.4,220.0,1.0
G_2488,38.9,110.3,8.4
G_679,4.4,222.4,2.4
G_1944,2.5,160.2,1.2
G_3717,49.3,135.2,7.6
G_5521,4.1,75.1,2.6
G_5644,2.4,82.8,3.6
G_4603,4.3,78.3,2.1
G_2608,62.8,165.0,6.8
G_4661,4.2,81.2,1.3
G_5517,5.9,70.2,2.6
G_1065,2.5,182.1,2.4
G_3733,53.9,155.4,8.4
G_2243,80.0,126.5,6.3
G_1475,1.8,202.1,1.9
G_4450,4.8,86.3,3.4
G_1890,3.0,241.2,1.8
G_3455,44.2,145.6,10.7
G_2022,66.0,118.7,7.9
G_5236,6.7,76.9,2.0
G_4271,1.0,73.2,2.4
G_2659,58.3,131.4,8.0
G_2468,52.8,158.0,8.7
G_2752,48.5,140.8,8.6
G_1131,3.5,217.8,2.2
G_1462,1.2,267.4,2.3
G_4690,4.8,69.5,2.9
G_5431,3.7,68.5,2.9
G_3309,44.2,134.4,6.3
G_3261,89.8,91.5,6.2
G_223,4.0,238.6,2.0
G_5563,1.2,74.9,2.5
G_049,3.5,211.8,1.9
G_574,2.7,218.7,1.7
G_1237,5.5,245.2,1.3
G_4562,4.5,58.9,2.1
G_5816,2.9,81.3,2.8
G_5390,3.7,82.8,3.6
G_2283,73.8,146.1,8.6
G_4079,8.4,69.4,2.4
G_268,1.0,228.0,1.0
G_1105,4.7,201.8,2.2
G_2306,74.7,146.0,5.1
G_5118,4.9,70.1,3.0
G_1936,1.0,229.7,2.2
G_387,3.5,214.2,1.7
G_1702,3.7,256.3,1.9
G_1629,3.1,181.4,1.6
G_3201,62.1,163.3,8.4
G_2715,30.6,152.2,6.6
G_2987,39.0,116.4,9.5
G_5246,3.4,64.0,2.2
G_1564,4.3,249.9,2.4
G_3579,51.6,108.4,8.8
G_210,8.8,220.0,1.4
G_910,6.2,251.4,1.6
G_1290,1.0,212.8,2.5
G_4529,6.5,88.4,2.8
G_4953,9.2,82.0,2.4
G_1843,2.2,244.5,1.3
G_2498,77.7,154.2,7.1
G_4905,1.7,60.4,2.1
G_4324,4.2,72.4,2.6
G_959,3.9,248.4,2.0
G_1794,4.0,214.0,2.1
G_2089,64.0,138.8,8.2
G_2703,30.0,101.1,6.4
G_332,1.7,218.2,1.4
G_3335,63.6,140.2,4.9
G_3882,56.4,125.1,6.5
G_2992,74.4,147.8,8.2
G_2460,61.9,161.8,9.5
G_1775,1.9,175.7,2.2
G_4212,5.0,92.1,2.7
G_4742,8.0,87.6,2.1
G_4152,4.5,72.5,3.4
G_4164,5.1,91.4,3.1
G_4868,5.3,90.4,2.2
G_5291,8.4,67.7,3.9
G_3766,59.5,124.0,8.1
G_2810,40.4,145.3,7.8
G_1711,4.7,184.1,2.0
G_4580,2.7,63.4,4.2
G_2479,56.3,174.3,9.9
G_1367,3.0,206.9,2.7
G_174,3.5,223.8,1.5
G_4040,2.9,80.4,2.4
G_4420,4.7,62.3,2.4
G_4444,2.1,87.1,3.1
G_5998,4.2,72.2,3.1
G_4093,5.0,60.1,2.0
G_1953,1.6,274.6,1.6
G_3204,47.3,124.3,6.8
G_3354,77.7,133.4,9.1
G_2037,72.9,98.9,6.5
G_3879,51.3,107.8,7.4
G_4401,6.5,74.5,2.4
G_019,1.6,235.9,1.7
G_001,3.7,203.1,1.6
G_2175,65.1,120.6,6.0
G_1357,2.2,222.0,1.2
G_5577,8.3,75.8,2.1
G_4773,6.4,83.8,1.0
G_3160,54.0,153.8,9.7
G_397,1.0,197.0,1.5
G_4508,4.1,69.1,2.5
G_3342,66.2,131.6,6.2
G_1813,5.4,198.6,2.1
G_3897,80.0,121.1,6.5
G_4350,2.3,68.0,3.0
G_817,3.4,232.1,2.7
G_1573,3.4,228.0,1.8
G_4731,1.5,51.2,2.2
G_1801,5.9,185.3,2.1
G_2281,61.7,123.7,7.5
G_5059,4.7,94.1,2.4
G_5822,8.4,82.9,1.0
G_3911,65.0,134.4,7.4
G_4536,1.9,59.9,2.4
G_5145,3.8,69.7,1.9
G_5172,7.3,92.7,3.2
G_4396,4.7,69.1,2.2
G_4156,3.1,71.5,1.9
G_3836,47.6,151.1,7.0
G_4732,6.1,72.6,2.3
G_5338,3.8,78.9,1.1
G_555,3.5,198.3,2.0
G_1160,2.5,227.8,1.4
G_1214,4.3,258.1,2.2
G_4033,4.8,85.9,2.0
G_1326,1.0,231.9,2.0
G_3287,76.1,138.6,6.2
G_3350,81.3,123.4,7.4
G_701,2.2,229.7,1.5
G_2701,77.9,161.8,6.2
G_4294,8.2,72.2,3.3
G_1848,1.7,208.4,1.5
G_4407,6.7,78.7,1.5
G_5635,0.5,75.2,2.3
G_1456,1.0,271.3,2.7
G_5020,4.5,72.9,2.6
G_5615,10.0,67.3,2.5
G_4128,6.6,61.4,3.4
G_867,3.4,199.0,2.1
G_4585,3.6,65.2,1.5
G_1645,1.4,199.7,2.4
G_2141,52.7,117.4,6.7
G_4464,4.7,73.7,3.3
G_3989,64.9,110.4,10.8
G_1491,2.2,211.8,1.8
G_5507,6.8,77.8,2.7
G_730,1.8,207.9,2.0
G_4583,4.8,77.5,2.1
G_3500,57.3,163.3,6.3
G_2621,30.0,114.2,6.4
G_1937,3.4,251.2,2.6
G_5552,5.3,78.1,1.7
G_1111,2.7,191.0,1.8
G_4871,5.4,78.3,1.7
G_5361,4.7,58.9,1.7
G_2395,46.5,113.3,8.1
G_1186,4.4,253.3,1.0
G_2008,36.2,160.0,5.8
G_194,1.1,185.9,1.0
G_1516,2.8,231.9,1.2
G_579,1.0,227.0,1.7
G_2124,63.2,129.7,4.6
G_1430,2.6,247.5,1.1
G_772,2.2,201.3,1.5
G_5206,2.4,81.1,2.4
G_2396,72.1,147.9,5.7
G_5942,3.2,85.7,1.8
G_1847,4.9,247.3,3.5
G_132,3.1,220.5,2.0
G_179,2.6,270.6,2.9
G_5356,4.7,70.9,1.2
G_3810,31.2,125.9,8.3
G_3568,41.6,140.3,6.6
G_2581,55.7,133.5,5.4
G_3626,72.7,116.4,4.3
G_4280,2.6,77.8,3.5
G_2653,48.8,141.3,6.4
G_4220,5.3,89.3,2.9
G_2074,66.8,114.1,7.7
G_659,3.3,224.3,2.1
G_1897,2.6,254.8,1.2
G_4412,3.6,69.4,2.4
G_4064,5.4,67.6,1.0
G_2222,59.5,149.3,6.7
G_5679,7.8,67.7,1.8
G_2380,61.1,134.6,6.8
G_1448,3.9,199.9,2.9
G_343,3.4,232.3,3.0
G_3605,64.6,147.1,6.2
G_2528,59.4,134.2,5.6
G_728,3.5,253.5,1.8
G_4723,3.1,79.5,2.2
G_977,2.3,251.6,2.7
G_3615,82.6,121.0,6.4
G_4162,6.4,71.9,2.4
G_1929,4.7,190.5,2.6
G_3695,69.3,125.4,6.2
G_5761,8.8,82.4,2.0
G_1300,3.5,248.4,2.1
G_4174,3.9,94.0,1.9
G_5509,2.8,78.9,2.7
G_661,2.1,190.6,2.7
G_1791,1.0,234.7,1.2
G_3391,79.2,127.6,4.9
G_5934,4.4,81.9,2.5
G_494,1.7,256.1,1.8
G_3113,79.7,151.2,7.0
G_4903,8.0,70.0,2.5
G_4990,5.9,71.8,1.5
G_3827,59.1,96.2,9.5
G_5523,7.6,52.2,1.8
G_1086,3.6,227.7,3.2
G_5663,8.1,77.2,1.7
G_695,3.9,228.3,1.9
G_1279,3.3,222.0,1.6
G_4230,3.6,81.1,3.0
G_1622,1.0,228.8,1.1
G_2562,80.2,144.2,7.9
G_5185,4.1,72.2,3.9
G_4009,4.3,66.9,2.2
G_068,4.5,216.6,2.1
G_4083,3.4,78.4,2.8
G_4838,3.8,70.6,2.0
G_2270,67.4,145.9,7.8
G_5780,5.3,82.6,2.3
G_4726,7.0,98.0,2.5
G_821,2.2,213.0,1.9
G_1227,3.1,198.8,1.8
G_1678,5.3,216.2,2.7
G_5012,3.0,90.5,2.4
G_2868,47.9,113.1,5.8
G_4377,5.3,69.2,3.8
G_2368,30.0,137.7,7.8
G_4026,6.0,91.2,1.7
G_3922,77.6,134.5,7.5
G_2513,48.6,134.8,6.9
G_2724,30.0,136.4,7.1
G_5344,4.6,90.1,2.9
G_5452,5.3,79.2,3.1
G_4435,3.4,76.9,1.3
G_1144,3.2,204.9,1.8
G_398,5.0,194.9,1.5
G_787,4.3,200.8,2.4
G_5140,4.7,88.0,3.8
G_3908,55.8,176.5,4.3
G_1399,4.8,276.8,1.1
G_1660,4.7,275.3,1.7
G_5736,6.6,90.5,3.0
G_2221,78.0,97.0,9.0
G_980,4.1,225.0,1.0
G_2332,39.6,152.9,6.2
G_1299,3.4,191.2,2.3
G_5420,5.7,71.5,2.6
G_083,5.2,183.9,2.8
G_3101,56.7,123.2,7.6
G_3482,64.4,121.3,7.5
G_4794,4.3,59.8,4.0
G_4530,5.0,68.8,2.1
G_5634,5.0,74.6,1.8
G_5515,5.3,78.6,1.7
G_2904,53.0,133.2,7.8
G_424,4.5,218.9,2.5
G_5190,5.0,75.0,3.2
G_1905,2.8,260.4,1.6
G_5440,4.1,91.5,1.4
G_1531,3.2,257.4,2.6
G_4252,2.4,76.4,1.0
G_1566,2.6,221.3,2.3
G_4437,5.6,77.5,3.0
G_2750,57.3,123.8,6.8
G_840,2.7,216.0,1.7
G_501,4.4,234.3,1.5
G_4031,5.9,86.2,3.0
G_142,5.0,221.3,2.8
G_4950,5.5,73.4,2.5
G_2606,34.5,152.8,4.2
G_3506,30.0,149.8,7.2
G_1378,4.6,195.9,1.0
G_4662,4.9,87.1,2.3
G_5883,6.5,67.9,2.8
G_2267,61.1,146.7,6.4
G_5341,0.9,86.5,2.1
G_1139,3.9,231.8,1.7
G_2258,39.8,134.6,6.6
G_5446,7.7,79.7,3.5
G_1788,1.9,197.9,3.0
G_3635,87.8,128.6,8.5
G_551,3.1,180.4,2.7
G_460,1.2,231.8,2.3
G_2020,74.5,149.6,9.7
G_949,2.9,215.3,1.8
G_3219,43.3,112.0,8.0
G_5181,5.5,71.0,1.0
G_533,2.9,233.9,2.3
G_3843,69.9,119.1,8.2
G_1830,3.0,232.0,2.7
G_5407,2.0,74.0,2.4
G_5293,6.1,70.5,2.9
G_4775,4.7,85.0,3.6
G_3915,54.9,143.1,5.3
G_1603,2.0,271.2,1.9
G_2239,48.7,162.3,4.7
G_640,1.1,229.9,1.0
G_5793,6.8,51.8,1.9
G_968,5.7,205.7,2.6
G_5067,9.8,81.6,2.6
G_3712,40.0,143.6,7.1
G_1684,3.5,250.7,2.0
G_2249,34.6,180.0,8.2
G_4127,4.7,76.5,3.6
G_5360,7.0,65.7,1.7
G_3320,32.9,108.0,5.8
G_156,1.9,204.6,1.9
G_2296,70.2,150.5,6.6
G_3524,66.8,173.4,5.6
G_4020,5.4,73.7,3.3
G_1090,2.7,223.6,1.6
G_5820,5.3,82.4,1.1
G_2320,58.4,120.1,10.1
G_2941,53.6,158.3,5.3
G_5072,5.9,80.2,2.5
G_289,3.4,205.1,2.8
G_931,2.2,241.7,2.5
G_2910,46.6,143.7,6.0
G_3586,47.7,98.5,8.6
G_4657,7.7,77.1,2.0
G_2885,62.7,164.8,8.3
G_3378,69.1,154.4,8.5
G_3221,76.6,135.7,5.6
G_5445,11.4,68.6,3.0
G_3001,71.8,145.3,5.2
G_4451,4.6,73.3,3.1
G_4698,4.7,67.3,2.5
G_5914,1.1,69.3,2.5
G_943,4.0,236.0,2.0
G_2355,30.0,173.9,8.0
G_4765,5.4,93.0,2.4
G_5789,6.6,62.9,1.6
G_5594,7.5,87.9,2.8
G_1699,3.8,243.3,1.9
G_5647,5.0,66.0,2.7
G_5200,6.2,87.3,2.5
G_3546,67.1,127.5,8.9
G_3978,70.8,112.0,4.9
G_5015,3.7,83.2,2.7
G_986,1.3,196.0,2.8
G_5279,3.3,76.8,3.7
G_3108,57.8,139.0,6.2
G_3166,58.3,128.7,7.3
G_5727,6.1,88.7,3.0
G_982,3.6,251.8,2.4
G_3529,37.7,133.5,7.9
G_3263,65.8,142.2,6.9
G_5459,6.5,67.8,2.7
G_3443,61.4,110.6,6.2
G_4297,4.3,71.5,2.4
G_3498,91.9,144.5,6.0
G_1474,3.0,193.5,1.7
G_4551,6.0,66.8,3.5
G_4458,4.4,84.9,1.3
G_4883,2.9,83.9,1.9
G_1458,3.6,210.6,1.9
G_1396,3.3,185.4,2.4
G_265,2.6,237.0,2.0
G_2749,52.4,90.9,4.2
G_3394,54.8,129.4,4.0
G_2693,56.4,140.6,8.6
G_930,2.9,244.6,1.9
G_4221,6.1,83.0,2.5
G_5704,3.5,75.7,3.2
G_2401,65.0,134.7,6.9
G_2179,83.9,145.1,9.3
G_3807,66.4,133.1,4.9
G_247,2.3,197.5,2.1
G_1595,1.0,251.5,2.6
G_1759,5.4,226.9,1.7
G_5837,6.8,75.7,2.9
G_4055,4.7,74.2,2.8
G_924,1.9,218.4,2.7
G_3323,53.2,131.9,7.2
G_269,2.3,207.4,1.4
G_670,4.6,235.6,2.0
G_4257,6.6,83.4,1.6
G_1911,5.6,184.6,2.3
G_4397,8.6,89.5,1.3
G_1153,2.0,150.0,2.3
G_4919,3.3,74.4,2.1
G_5773,4.7,67.0,1.2
G_4501,6.0,86.7,1.8
G_2697,75.0,176.9,9.1
G_2592,42.3,97.3,6.4
G_5073,6.4,85.8,3.2
G_1782,2.9,211.8,1.7
G_2414,65.0,135.2,6.2
G_3014,71.0,133.0,5.8
G_5239,6.4,69.5,2.1
G_2308,72.9,168.2,7.6
G_3823,52.6,113.9,8.1
G_688,2.4,181.6,1.5
G_1916,2.2,217.7,1.6
G_5646,4.1,75.4,2.4
G_613,3.4,215.0,2.7
G_3072,45.9,119.6,4.6
G_3406,85.0,166.1,7.9
G_2268,74.5,108.6,6.8
G_5753,4.2,80.1,4.0
G_2534,78.8,157.7,8.2
G_040,3.3,175.8,1.7
G_1899,3.8,230.7,2.0
G_1650,6.9,209.2,2.5
G_3472,55.4,161.5,6.8
G_259,3.7,154.9,2.0
G_2925,30.0,107.6,7.1
G_2435,62.0,124.2,7.4
G_848,6.7,199.1,1.7
G_2823,47.0,135.3,4.6
G_4402,6.4,62.0,3.0
G_5085,4.7,50.8,2.0
G_3955,80.3,135.1,5.8
G_3642,61.3,137.5,7.0
G_1234,6.9,267.8,1.9
G_1128,1.9,253.0,2.0
G_3490,72.1,135.4,8.8
G_1968,2.8,172.8,2.6
G_559,3.6,228.2,1.7
G_905,3.3,182.1,2.3
G_2615,71.5,129.8,7.3
G_485,1.9,206.3,2.0
G_2212,61.9,142.8,7.6
G_1321,3.1,224.9,2.1
G_3333,95.5,118.5,7.8
G_2556,39.0,133.6,4.7
G_008,4.2,199.6,1.7
G_2316,70.7,145.4,8.4
G_5079,7.0,57.0,2.3
G_4385,4.2,89.5,1.9
G_4316,6.5,73.5,3.5
G_5268,6.5,89.2,2.7
G_1451,3.5,208.1,1.8
G_1202,2.4,230.6,1.7
G_2427,47.8,146.6,6.9
G_2649,76.6,134.9,6.5
G_1815,2.6,188.4,1.0
G_2727,47.9,180.0,6.3
G_774,4.5,181.3,2.0
G_2275,54.0,107.5,5.9
G_1012,3.3,253.1,2.4
G_4060,5.6,65.0,1.8
G_3468,54.5,92.8,7.2
G_1992,4.1,208.2,2.2
G_1278,3.6,223.4,1.4
G_1784,4.1,190.7,3.0
G_4254,6.7,83.5,3.1
G_447,3.5,227.4,1.6
G_881,6.8,164.0,2.5
G_4054,3.7,65.6,2.1
G_5347,5.0,72.6,2.0
G_2728,56.6,148.1,4.8
G_3049,40.9,126.1,6.7
G_782,1.0,203.8,2.1
G_2652,54.8,141.2,7.4
G_5828,4.4,72.4,3.1
G_1750,4.5,183.1,1.5
G_2127,77.6,147.6,7.7
G_4422,1.9,66.0,3.4
G_2792,53.2,121.5,6.3
G_2424,62.1,112.6,7.0
G_5858,4.2,95.7,2.9
G_5169,3.8,82.2,4.2
G_884,4.6,231.4,2.2
G_3358,56.5,145.0,7.9
G_1092,2.9,239.0,1.6
G_5623,6.2,73.9,3.7
G_5129,2.3,72.4,2.4
G_532,1.0,196.8,2.5
G_3591,47.3,147.5,7.8
G_2439,67.6,129.5,9.4
G_4862,4.0,71.3,3.2
G_5065,5.1,77.1,1.4
G_3956,91.5,143.9,6.3
G_4967,6.0,75.2,2.2
G_2291,56.4,128.2,5.5
G_1728,4.2,246.7,1.9
G_611,4.0,236.3,2.0
G_571,3.0,221.0,1.7
G_3775,72.2,124.0,9.0
G_1318,2.5,195.4,1.9
G_344,2.2,206.8,2.5
G_588,1.7,214.9,2.5
G_4678,6.0,67.0,2.1
G_637,4.2,224.8,2.3
G_435,5.3,225.6,1.7
G_1904,3.6,196.4,2.5
G_098,3.4,193.2,1.7
G_4929,2.0,58.4,2.1
G_3426,68.1,130.5,6.4
G_4421,3.1,76.4,2.5
G_2070,52.5,122.8,6.5
G_1538,2.2,199.7,1.8
G_3207,64.2,151.1,7.7
G_4547,4.5,80.2,2.0
G_4772,6.3,83.6,1.1
G_3324,63.7,97.7,9.4
G_1518,3.9,230.6,2.3
G_966,5.2,213.5,1.9
G_5276,2.1,50.0,1.9
G_529,3.4,271.4,2.0
G_177,3.0,179.8,2.0
G_2471,60.6,128.5,7.8
G_4522,4.0,76.5,4.4
G_3600,63.8,123.5,6.8
G_3002,33.3,151.5,7.6
G_5866,8.0,68.6,2.4
G_573,3.5,212.5,2.4
G_3266,50.2,143.5,9.0
G_593,3.7,218.9,2.3
G_4975,7.3,85.6,1.5
G_3063,49.3,138.0,4.3
G_3483,51.6,101.8,6.4
G_2375,57.4,126.3,7.2
G_3065,63.5,139.1,8.9
G_5628,7.8,80.9,4.8
G_4333,6.0,62.1,1.2
G_3657,82.8,142.1,9.2
G_2209,59.1,108.4,7.0
G_4417,3.9,57.6,1.0
G_2493,74.4,127.7,5.4
G_3902,43.1,137.4,5.1
G_384,2.2,218.8,2.1
G_853,2.0,192.4,2.3
G_1881,4.4,227.5,1.0
G_371,3.0,216.1,1.1
G_3363,75.9,129.4,5.7
G_4232,6.1,73.0,2.0
G_5205,6.5,78.8,1.4
G_5171,3.1,73.6,1.8
G_5958,6.6,83.3,1.0
G_1106,1.4,229.0,2.1
G_4685,3.2,67.5,4.6
G_2362,76.9,135.1,5.9
G_5154,7.6,82.3,4.1
G_1337,2.1,185.9,1.7
G_2190,79.2,148.9,10.2
G_5503,6.5,91.6,3.7
G_5404,3.5,93.5,2.3
G_4849,1.9,87.8,2.9
G_2247,68.1,130.4,5.0
G_5975,5.5,75.7,2.4
G_5812,5.1,92.5,3.4
G_1172,3.4,235.2,1.4
G_3993,84.6,143.2,6.4
G_3809,84.6,88.6,8.6
G_1423,2.5,230.6,2.5
G_2687,52.3,107.6,4.5
G_5381,6.7,78.1,5.0
G_3319,65.3,120.7,6.9
G_5814,4.5,71.0,2.9
G_5708,5.7,68.5,1.5
G_1465,2.1,224.4,1.0
G_875,3.0,219.2,1.7
G_2298,43.0,137.5,9.4
G_2644,50.0,133.7,6.7
G_3946,45.9,94.4,7.1
G_5191,3.3,64.4,2.9
G_1252,4.3,227.5,1.7
G_3327,77.7,114.1,7.2
G_841,2.9,227.4,1.6
G_4229,6.9,71.3,2.1
G_582,2.4,229.7,1.5
G_205,1.0,196.1,2.1
G_1642,5.1,215.4,1.7
G_2015,67.2,122.5,8.2
G_906,3.1,238.8,2.5
G_632,5.3,231.6,1.7
G_4245,8.1,81.9,2.1
G_1975,3.0,228.9,2.2
G_163,4.7,232.5,1.9
G_4305,3.3,71.7,2.1
G_4056,5.5,84.4,2.1
G_5389,6.9,76.0,3.9
G_3514,53.0,125.0,4.9
G_618,4.1,222.0,1.0
G_876,5.7,197.3,1.5
G_1432,4.2,253.7,1.7
G_2974,77.5,156.6,7.7
G_5363,3.3,69.3,2.9
G_548,2.7,205.9,2.0
G_4872,5.2,83.7,2.0
G_5450,3.4,85.9,2.6
G_5049,4.9,85.4,2.6
G_3382,65.9,108.7,7.0
G_5810,6.9,75.3,2.8
G_5703,3.1,65.5,3.5
G_4891,7.0,68.1,2.8
G_2857,62.3,134.2,7.5
G_1862,4.2,200.3,2.6
G_2660,64.5,132.5,5.2
G_5506,7.7,74.3,3.5
G_641,2.5,265.2,2.4
G_5108,6.6,72.4,2.3
G_1010,2.2,208.2,1.9
G_5863,3.3,70.5,1.9
G_638,3.1,243.5,1.4
G_4900,6.6,66.3,3.7
G_4505,4.7,80.4,2.9
G_2309,59.0,117.2,6.8
G_4169,4.8,70.5,3.9
G_3146,67.1,95.9,8.3
G_3782,75.2,151.4,6.1
G_2097,42.8,153.1,8.0
G_5520,3.9,76.9,2.6
G_1957,1.0,217.7,1.9
G_1373,1.0,256.3,1.5
G_4023,6.1,66.1,3.2
G_922,1.5,238.6,2.2
G_547,3.9,185.6,1.9
G_1450,3.0,209.7,1.3
G_2805,47.0,138.0,8.4
G_2611,70.2,120.8,6.7
G_1901,4.0,206.1,2.0
G_2758,67.4,135.9,6.8
G_2029,30.5,97.5,4.4
G_2302,38.4,120.4,5.5
G_1886,3.4,233.4,2.8
G_1643,2.9,195.3,1.0
G_973,4.3,185.8,1.5
G_5765,5.1,90.1,3.2
G_2098,61.3,153.3,7.5
G_5209,5.3,100.0,1.8
G_4576,2.8,76.8,2.7
G_5491,3.3,64.0,1.0
G_5959,8.1,84.1,3.1
G_837,5.3,267.6,1.8
G_602,1.6,235.5,2.5
G_2185,59.1,131.1,6.1
G_4769,4.5,51.6,2.0
G_3517,86.7,167.0,6.5
G_5150,4.1,70.9,3.2
G_1583,1.5,268.0,2.8
G_5102,2.1,60.8,2.5
G_3584,80.5,135.4,7.7
G_3859,30.0,141.1,6.4
G_1071,2.9,188.3,1.4
G_1776,1.0,231.8,1.3
G_5764,4.5,71.4,3.7
G_1284,4.4,241.9,2.3
G_4988,2.1,85.4,3.0
G_4885,5.3,81.0,2.6
G_5700,5.9,64.8,1.3
G_1837,1.3,250.9,1.0
G_5453,2.8,72.5,3.5
G_1020,3.6,233.8,2.2
G_971,3.2,172.2,2.8
G_1327,1.6,219.9,1.7
G_3334,80.9,147.4,8.7
G_476,2.6,238.0,2.3
G_2811,66.6,132.9,5.9
G_5609,4.1,75.3,1.2
G_1652,3.5,233.8,2.0
G_5570,0.8,62.7,1.2
G_5122,2.9,76.5,2.0
G_2529,60.3,150.2,8.7
G_3692,51.0,124.0,9.6
G_4510,6.1,63.3,2.6
G_4087,6.6,88.7,2.6
G_1374,1.0,265.2,2.0
G_740,4.5,241.3,2.4
G_4609,0.9,72.4,2.4
G_5803,9.9,81.4,2.2
G_868,3.5,197.8,2.0
G_2975,80.2,146.3,5.5
G_1141,2.6,241.2,1.7
G_998,4.0,189.0,3.6
G_1338,2.5,216.3,1.6
G_542,1.3,188.5,3.0
G_1100,3.5,234.5,2.0
G_1133,5.4,176.7,2.2
G_5817,5.2,94.6,2.1
G_5928,0.8,75.8,1.8
G_2259,44.9,123.5,6.3
G_5974,3.7,100.0,3.7
G_2963,67.5,135.1,5.9
G_060,4.5,224.8,1.9
G_3260,96.8,125.0,5.4
G_4084,4.9,68.8,3.4
G_1939,4.6,211.3,2.6
G_3651,76.6,152.5,9.2
G_5924,8.4,86.9,2.0
G_3396,32.5,144.0,6.0
G_2814,30.0,143.7,7.3
G_5997,5.8,86.9,1.9
G_5657,9.1,61.0,2.7
G_1079,5.3,225.9,2.2
G_4533,5.5,84.0,2.4
G_5832,5.5,89.3,2.3
G_4273,4.7,61.2,1.5
G_4284,6.5,71.0,3.0
G_5100,5.1,62.1,2.5
G_2631,36.5,103.4,8.8
G_4802,3.0,82.4,2.5
G_3525,58.9,111.6,5.8
G_3564,73.1,157.8,9.4
G_941,1.1,244.9,2.3
G_1081,2.5,250.0,1.5
G_188,2.9,213.3,1.6
G_3723,62.5,132.1,6.5
G_5614,3.6,79.3,4.1
G_2086,55.0,134.7,7.3
G_2250,75.1,143.5,7.0
G_3689,56.5,129.6,6.5
G_5869,6.3,75.6,1.5
G_2024,55.9,111.0,7.1
G_3795,61.1,118.2,9.0
G_1493,2.2,232.4,1.8
G_4602,4.8,93.9,2.3
G_4041,5.7,66.4,2.7
G_227,3.1,255.5,2.9
G_1014,2.0,185.1,1.9
G_2584,36.8,142.6,4.0
G_1930,5.9,224.3,2.2
G_4216,4.1,71.1,3.5
G_5383,6.1,57.1,3.6
G_1405,4.5,230.9,1.6
G_2180,73.2,124.9,8.7
G_698,1.1,187.2,2.6
G_1125,5.5,216.5,2.3
G_3283,89.5,113.1,6.5
G_3961,50.5,108.6,7.0
G_4111,6.0,67.1,2.4
G_1779,2.4,168.1,2.0
G_2635,48.6,107.8,7.5
G_3092,85.2,123.0,7.5
G_4048,5.7,74.5,1.4
G_1038,1.0,224.3,1.7
G_4995,7.5,72.0,2.0
G_2257,80.8,152.4,8.0
G_3774,66.7,125.8,7.7
G_5930,4.9,68.9,2.1
G_314,4.2,232.4,2.2
G_2650,63.0,107.5,4.7
G_2282,62.8,157.5,6.9
G_3694,57.6,125.4,6.3
G_4288,2.2,77.6,2.1
G_2548,47.7,153.6,8.4
G_1417,3.1,241.0,1.8
G_1037,1.2,211.4,3.1
G_2160,36.5,114.8,8.8
G_2985,41.2,125.5,8.4
G_3138,50.8,151.0,5.2
G_4982,4.9,71.8,2.7
G_1755,3.8,202.7,1.9
G_4263,7.2,79.6,2.2
G_3981,46.1,121.1,5.0
G_3818,46.6,130.0,7.6
G_5346,5.7,82.4,2.3
G_2521,54.8,125.3,6.4
G_874,1.9,205.4,2.1
G_5230,6.3,74.3,3.4
G_4490,6.9,55.5,4.0
G_1507,4.0,228.1,1.5
G_3892,75.9,148.3,10.0
G_1924,3.4,179.7,2.0
G_449,2.2,200.4,2.2
G_3461,50.9,137.6,7.9
G_3576,39.0,113.1,7.5
G_5961,3.7,60.8,3.5
G_3633,74.5,124.0,10.6
G_3258,69.7,108.1,7.0
G_362,5.3,186.2,1.6
G_2184,89.3,132.8,7.9
G_1135,2.6,221.0,1.2
G_4831,6.9,81.3,4.1
G_3200,37.8,120.8,6.9
G_5818,3.4,58.4,1.7
G_3439,37.3,146.5,7.6
G_2156,66.7,122.3,8.6
G_1831,4.1,214.9,1.9
G_1054,3.4,200.4,1.9
G_2461,54.3,115.0,5.1
G_023,3.1,254.0,1.1
G_2067,47.5,153.3,6.6
G_1654,2.5,199.4,2.6
G_3662,62.1,135.6,6.1
G_4332,5.3,72.7,2.6
G_2744,37.6,147.7,6.4
G_5245,5.0,80.4,2.8
G_4873,5.5,75.9,1.0
G_2469,68.0,105.8,8.8
G_2326,38.8,163.3,5.0
G_461,5.9,221.9,2.6
G_1068,4.7,220.5,2.8
G_088,3.5,216.3,2.0
G_1431,3.5,231.7,1.7
G_3740,69.2,138.1,7.2
G_283,5.4,249.9,2.6
G_2484,55.0,103.5,7.9
G_463,2.0,232.1,2.4
G_213,4.4,242.1,2.4
G_2589,46.8,116.0,7.6
G_4292,2.4,69.0,1.7
G_2908,54.6,99.2,7.5
G_2582,63.7,117.6,11.2
G_1369,2.3,230.0,1.8
G_235,6.2,189.7,1.2
G_3923,41.2,95.6,7.2
G_598,1.5,225.3,2.6
G_5296,7.2,76.0,3.1
G_2251,51.5,121.8,6.2
G_5875,5.3,84.6,1.0
G_2284,75.3,80.0,7.3
G_663,3.0,234.9,1.7
G_5955,3.8,80.2,2.2
G_2286,50.8,148.9,7.5
G_3432,38.7,113.4,7.5
G_5656,4.4,75.5,2.8
G_4321,6.2,63.8,3.2
G_3685,74.9,114.4,8.8
G_5474,7.0,88.2,1.9
G_3469,53.7,116.3,6.6
G_3542,59.4,118.5,8.7
G_2991,68.8,162.0,6.9
G_5334,9.8,60.7,2.7
G_780,3.9,232.0,1.0
G_2545,61.2,131.2,6.6
G_5699,3.1,86.7,2.0
G_4619,5.8,88.0,2.6
G_5777,4.2,92.1,2.9
G_5651,5.8,75.3,2.1
G_5784,4.9,66.8,3.4
G_5797,4.2,71.9,1.9
G_686,4.1,227.9,2.3
G_3821,69.0,135.9,6.2
G_4702,6.0,78.6,1.1
G_3244,50.4,107.9,7.3
G_1749,3.3,255.7,2.0
G_4304,5.8,60.5,2.2
G_4639,6.1,68.3,1.8
G_2838,33.4,103.0,6.0
G_3033,67.5,139.8,4.5
G_2172,62.0,155.3,8.4
G_3768,34.1,131.3,5.4
G_1851,2.0,206.9,2.1
G_488,1.4,218.9,1.7
G_1689,3.4,251.9,1.4
G_2231,64.4,130.1,8.4
G_3474,79.1,119.8,6.8
G_4375,3.3,82.5,1.9
G_2321,78.5,89.8,7.4
G_783,3.6,189.9,1.2
G_522,3.8,294.6,2.5
G_523,2.0,229.2,2.2
G_4018,3.5,79.5,1.8
G_2940,40.5,126.9,8.0
G_4681,6.0,68.1,2.8
G_4827,5.3,79.5,1.5
G_2399,73.2,143.5,6.6
G_2208,61.9,98.8,4.7
G_4519,6.8,88.4,2.4
G_781,3.3,241.9,2.1
G_4688,4.7,68.9,2.9
G_3997,64.9,90.0,6.9
G_1512,2.7,198.1,2.4
G_1883,1.1,173.9,2.3
G_652,4.7,258.0,2.3
G_3948,72.1,117.7,4.8
G_1802,2.9,180.0,1.9
G_370,1.8,250.9,2.1
G_5235,7.6,83.6,3.4
G_3732,63.7,153.1,10.7
G_119,4.7,155.9,1.8
G_378,3.3,186.8,3.0
G_217,1.8,209.1,2.9
G_2217,60.2,159.7,8.3
G_4559,2.8,65.4,3.2
G_1614,2.9,229.9,2.0
G_2884,57.2,122.3,7.4
G_4296,7.5,79.3,3.7
G_5382,7.5,81.7,1.0
G_963,3.3,206.8,1.9
G_5398,3.6,73.8,1.9
G_2511,83.3,130.1,5.6
G_5630,1.4,79.3,2.2
G_4564,4.8,72.5,2.0
G_3998,47.5,115.9,8.3
G_360,1.8,230.2,2.3
G_1247,3.1,231.0,1.7
G_3409,31.9,122.2,6.5
G_5084,3.5,76.4,3.6
G_2416,49.8,135.9,6.7
G_5580,2.5,68.9,2.4
G_5320,3.3,74.5,1.0
G_2186,48.8,103.5,11.4
G_3996,93.1,156.0,5.2
G_2568,57.1,140.5,8.0
G_3424,75.4,132.3,6.5
G_2038,34.6,101.9,6.5
G_5097,8.1,74.0,3.1
G_773,3.9,215.6,2.3
G_1285,1.8,181.0,2.8
G_5513,1.5,71.7,3.4
G_3563,74.6,141.4,5.2
G_5680,5.0,74.9,2.3
G_2588,56.1,87.2,7.5
G_5482,3.8,72.3,1.8
G_1415,2.0,206.2,1.6
G_1235,1.8,188.0,2.2
G_5201,5.3,84.6,2.7
G_436,3.1,210.8,2.3
G_1675,5.4,218.4,1.3
G_3300,76.8,108.7,6.3
G_366,2.4,258.3,3.0
G_4509,1.9,75.1,2.7
G_232,3.3,239.8,2.7
G_5103,5.2,84.2,1.0
G_148,1.0,199.3,2.0
G_5267,4.5,79.2,3.4
G_3089,60.8,127.4,4.0
G_4036,3.6,65.9,3.4
G_3555,72.8,121.4,7.6
G_408,2.8,240.7,1.8
G_5539,3.0,74.4,2.9
G_3457,46.4,145.6,9.9
G_2091,71.2,109.0,6.3
G_087,4.4,207.3,2.4
G_3577,30.0,97.8,6.2
G_3272,63.5,155.6,6.3
G_845,3.2,225.4,2.6
G_1032,1.0,203.5,2.6
G_3719,55.5,141.9,5.7
G_4330,4.9,67.9,3.7
G_3856,47.2,141.8,4.0
G_2988,91.4,117.7,6.7
G_4351,3.7,87.0,1.0
G_2629,51.1,142.9,8.4
G_3754,49.1,136.7,6.6
G_5305,1.3,80.6,3.4
G_856,2.1,207.2,3.2
G_3004,56.5,91.2,8.1
G_079,3.1,216.5,1.8
G_2993,74.2,126.9,6.1
G_2248,69.6,122.0,7.9
G_4057,2.3,90.1,2.5
G_5476,5.8,73.1,4.6
G_5516,2.0,93.8,2.4
G_759,1.7,191.7,1.7
G_4697,7.8,77.8,2.5
G_3356,73.0,139.7,9.1
G_789,2.9,208.6,1.0
G_2280,60.9,152.7,8.8
G_3675,47.4,142.5,4.0
G_4248,3.7,72.4,1.8
G_4978,2.7,78.7,2.4
G_4774,6.4,66.3,1.3
G_4487,5.6,75.1,2.1
G_4961,7.2,81.3,1.2
G_2177,57.6,162.0,6.9
G_425,4.0,181.7,1.5
G_393,1.0,182.6,2.2
G_5891,6.4,85.3,1.0
G_5666,4.0,84.0,3.8
G_2240,65.4,110.7,8.3
G_105,2.8,190.3,2.0
G_2673,65.5,128.7,5.7
G_5486,6.6,72.2,2.0
G_5024,9.7,63.6,3.1
G_2069,73.0,130.7,7.3
G_3976,64.8,119.2,4.9
G_3494,60.0,137.8,8.9
G_1949,4.7,213.0,1.2
G_1460,4.0,190.7,1.9
G_1769,3.2,236.6,2.1
G_3299,49.3,132.6,6.5
G_5483,7.9,61.0,2.6
G_3832,71.2,113.7,6.1
G_5742,3.0,76.0,2.9
G_1588,2.4,197.0,1.0
G_4640,4.3,69.2,2.9
G_1732,2.5,199.3,2.0
G_5713,6.6,76.4,3.5
G_4673,4.4,80.0,2.7
G_183,1.4,215.5,1.6
G_1792,3.2,209.7,1.0
G_2356,56.5,149.1,10.9
G_1941,3.5,229.5,1.3
G_703,1.9,270.3,2.3
G_2443,39.2,125.3,6.9
G_5231,1.8,75.3,3.3
G_497,1.4,213.0,1.6
G_4664,4.3,66.2,3.3
G_465,2.8,241.7,1.7
G_3801,47.5,148.7,7.0
G_5184,5.3,65.3,2.8
G_173,2.9,212.0,1.8
G_2021,63.7,82.3,9.3
G_5751,4.6,85.8,2.6
G_5339,3.4,71.4,3.2
G_2541,64.2,123.6,4.9
G_5948,6.4,79.5,2.2
G_2010,47.4,150.6,8.2
G_2261,81.2,119.6,7.1
G_3085,55.4,157.5,9.0
G_2113,67.2,94.9,6.0
G_901,3.6,218.9,1.8
G_1447,2.2,217.2,1.3
G_1912,6.3,225.5,2.0
G_3543,71.9,145.7,7.4
G_2698,76.9,102.0,10.2
G_5633,7.3,50.0,3.1
G_3663,49.9,123.1,9.3
G_742,1.1,231.6,2.2
G_2294,66.5,173.8,6.7
G_2453,43.5,112.3,8.4
G_3706,55.5,113.8,8.1
G_4898,4.6,68.5,3.5
G_1207,1.9,200.7,2.6
G_510,1.8,186.9,2.0
G_5289,3.7,92.0,2.2
G_3704,74.9,130.1,9.3
G_3969,53.9,131.3,7.6
G_5432,7.1,80.9,3.8
G_1550,4.8,219.1,2.7
G_3030,64.8,116.4,7.4
G_4523,3.1,78.2,2.8
G_2203,94.4,119.2,7.7
G_2567,82.1,154.6,8.9
G_3790,76.9,118.0,8.0
G_2045,61.6,149.1,5.8
G_768,5.7,231.4,1.9
G_5881,2.7,67.8,2.6
G_3700,72.8,100.2,4.8
G_1509,3.1,232.5,1.9
G_3135,54.1,99.5,7.3
G_5834,7.1,63.2,1.5
G_422,5.6,249.2,1.5
G_124,1.0,213.4,2.1
G_5425,7.0,76.7,3.1
G_3716,70.0,128.7,4.5
G_3293,50.6,98.7,8.8
G_820,4.6,171.8,1.9
G_1404,4.1,217.5,2.0
G_1383,6.2,225.3,1.5
G_2149,37.8,135.3,4.4
G_5045,2.3,76.9,2.1
G_1576,2.9,227.2,1.0
G_1639,6.1,216.9,1.8
G_1796,1.9,211.9,1.9
G_3332,70.9,123.8,7.5
G_5771,5.6,62.4,4.0
G_5337,4.6,59.6,3.6
G_400,4.9,221.7,2.5
G_3152,71.1,134.6,6.4
G_2311,57.2,111.9,7.1
G_883,2.3,204.8,1.6
G_3566,34.2,132.1,7.0
G_5965,5.4,70.5,2.8
G_1180,1.3,232.9,2.0
G_1353,3.8,230.7,2.1
G_3883,79.3,106.0,6.5
G_5456,5.3,91.4,3.2
G_2131,64.5,124.5,7.5
G_983,1.5,238.3,2.1
G_457,2.8,205.5,1.4
G_1487,1.0,258.3,2.1
G_1080,4.3,213.8,2.7
G_1951,1.0,232.9,2.1
G_5159,1.9,64.4,2.4
G_690,3.7,235.3,1.8
G_2430,53.0,119.3,5.1
G_642,5.5,214.5,2.1
G_2393,36.1,161.5,8.6
G_2826,51.0,102.7,6.6
G_1954,2.0,234.3,2.4
G_3539,49.0,104.2,7.9
G_3890,56.0,107.6,5.9
G_3059,89.3,100.4,6.1
G_3916,60.0,135.8,7.4
G_4801,8.2,73.0,4.2
G_2711,76.1,127.8,8.8
G_1084,6.1,192.1,1.5
G_4449,5.6,76.6,2.5
G_5715,4.4,84.1,2.2
G_4119,3.5,67.1,2.0
G_1885,3.0,218.4,1.3
G_4511,3.4,67.1,1.6
G_390,2.1,245.9,2.3
G_2495,44.6,110.2,5.9
G_1852,5.7,232.3,1.8
G_3037,36.4,130.7,6.8
G_5796,5.9,72.8,1.0
G_3604,47.3,122.4,7.2
G_846,3.7,192.6,2.3
G_543,3.8,214.6,1.1
G_3725,84.6,115.0,9.2
G_092,4.5,227.5,2.7
G_3680,46.9,129.9,5.6
G_5642,4.2,79.8,2.2
G_3905,76.7,149.4,6.6
G_1980,3.6,193.8,2.2
G_3245,70.5,124.0,8.9
G_3979,61.3,109.7,7.5
G_3151,70.3,143.2,6.9
G_4901,3.7,69.5,2.8
G_4105,5.9,67.6,3.4
G_4623,3.6,73.2,3.6
G_2965,62.9,143.3,7.4
G_3464,42.7,135.2,4.7
G_2530,48.0,121.1,7.0
G_4109,5.2,86.4,2.0
G_1677,4.8,221.8,2.1
G_1049,5.2,230.6,2.6
G_2950,70.5,141.2,10.3
G_1961,2.9,201.7,1.6
G_2531,68.7,112.4,9.3
G_4413,5.5,66.4,4.2
G_4904,6.0,72.6,2.5
G_3940,55.7,91.8,9.5
G_238,3.3,196.2,1.8
G_4150,2.8,76.9,1.6
G_4858,5.4,74.0,2.9
G_1134,3.7,257.4,2.2
G_2881,62.8,86.9,5.7
G_1806,1.0,232.8,2.1
G_4959,7.1,68.6,1.0
G_164,1.8,248.5,1.1
G_4528,7.7,80.5,1.8
G_5705,6.0,65.9,3.5
G_5648,0.9,70.2,2.6
G_4429,4.5,67.4,1.5
G_4499,4.6,80.8,2.9
G_4327,2.6,76.3,3.2
G_266,1.1,249.8,2.2
G_2002,50.5,119.9,6.5
G_1812,3.2,230.5,2.7
G_3278,59.0,138.0,7.0
G_5610,2.3,64.8,2.7
G_2979,83.4,142.5,8.6
G_4261,1.1,68.0,3.8
G_2907,42.5,144.7,5.7
G_4291,4.1,61.2,2.0
G_5498,7.6,78.7,3.2
G_1429,2.7,231.1,1.6
G_399,2.8,225.2,2.5
G_3965,51.6,161.8,5.8
G_5006,3.2,66.5,1.2
G_948,2.0,150.0,1.3
G_3079,68.4,108.7,5.2
G_3139,52.1,117.8,6.2
G_5348,3.8,84.2,3.1
G_4924,0.0,83.2,3.4
G_5574,3.1,81.6,1.6
G_5149,3.8,90.1,2.6
G_3230,69.9,130.4,7.0
G_3995,49.4,153.9,7.7
G_1453,3.4,216.8,2.9
G_594,3.5,221.5,1.0
G_2726,78.0,122.5,5.9
G_042,3.3,209.8,2.4
G_561,3.4,194.7,1.5
G_4832,3.7,68.4,3.2
G_5151,6.6,80.9,1.9
G_490,4.3,172.0,2.0
G_244,4.3,180.9,2.3
G_3173,57.5,142.6,5.2
G_1340,3.3,264.9,2.4
G_3937,30.0,136.2,8.2
G_5990,2.3,73.2,2.7
G_406,3.9,253.5,2.4
G_1443,3.3,223.5,1.6
G_262,2.9,230.1,1.9
G_3913,56.8,115.6,6.8
G_3538,30.0,150.4,7.3
G_5469,6.3,69.1,1.3
G_1690,2.6,216.2,1.9
G_3479,88.8,132.4,5.1
G_1726,4.6,234.6,1.4
G_1204,3.8,252.0,2.4
G_835,2.9,213.9,1.0
G_1867,4.5,228.0,1.7
G_2497,75.0,140.7,4.8
G_3017,59.5,96.0,6.7
G_4512,5.2,72.2,1.5
G_2011,59.1,124.2,8.4
G_3932,80.2,113.1,10.3
G_341,1.8,237.5,2.5
G_4173,0.9,87.2,2.0
G_1602,5.1,202.0,1.9
G_2797,83.1,119.7,4.1
G_5368,0.5,65.6,3.1
G_5760,4.8,83.9,2.5
G_481,2.8,204.9,1.4
G_3726,38.5,124.0,6.0
G_5906,0.8,66.9,2.6
G_2786,53.7,134.5,8.4
G_1524,1.6,260.7,1.7
G_3622,52.4,119.8,9.0
G_4468,5.8,75.3,1.3
G_5321,3.5,81.4,2.3
G_5561,5.1,50.0,3.8
G_5645,7.6,79.7,2.7
G_800,3.0,227.5,2.4
G_1767,6.3,195.6,2.3
G_5364,3.3,84.7,2.8
G_3026,66.0,143.9,9.4
G_2454,50.7,117.5,8.8
G_4074,2.0,77.7,3.0
G_4740,6.9,66.7,1.8
G_4856,1.4,76.1,3.0
G_3705,48.6,140.8,7.8
G_5611,5.1,67.8,1.7
G_364,3.6,247.8,2.6
G_1272,3.9,198.2,3.3
G_2004,51.8,144.3,7.2
G_5395,5.7,75.2,2.3
G_4246,10.9,78.4,3.2
G_5624,6.5,75.3,3.7
G_4958,6.6,70.0,2.9
G_348,1.0,198.4,1.2
G_3351,46.3,136.5,5.0
G_5896,6.1,69.0,2.5
G_3614,54.1,92.5,5.6
G_5719,5.0,68.6,2.4
G_2563,57.1,148.6,7.1
G_3028,43.1,151.4,4.9
G_4181,5.0,76.9,2.5
G_5499,5.2,86.0,2.7
G_1424,1.7,230.5,2.0
G_657,3.0,192.7,1.8
G_3084,50.2,136.0,6.4
G_5525,3.6,71.1,1.0
G_2103,43.0,120.4,4.0
G_633,2.8,224.9,2.2
G_4861,8.3,69.2,3.2
G_2494,70.0,118.9,6.0
G_2666,46.1,147.2,7.0
G_4339,6.0,65.7,2.3
G_5669,5.1,86.9,2.6
G_4404,6.4,82.4,3.8
G_5541,0.0,67.4,3.2
G_2335,58.3,150.6,7.3
G_3549,71.1,117.4,9.2
G_4594,10.9,75.6,1.2
G_2501,78.4,180.0,9.3
G_3620,65.9,117.0,8.4
G_1466,3.9,186.6,2.0
G_3941,30.4,118.7,8.5
G_4014,6.7,64.5,2.0
G_5406,5.2,79.7,3.0
G_116,3.5,207.2,1.8
G_1822,3.1,226.7,2.1
G_1495,5.3,232.8,2.2
G_2402,47.8,153.3,6.9
G_3875,102.4,136.4,6.5
G_1233,2.9,193.2,1.5
G_2662,50.5,102.0,7.4
G_2818,37.8,131.6,7.3
G_5701,3.6,78.2,2.4
G_5479,5.7,91.1,2.8
G_1154,1.0,210.6,1.7
G_3910,71.7,158.3,6.9
G_4761,7.3,68.1,2.0
G_5327,0.3,71.1,2.0
G_058,2.5,241.9,2.2
G_5583,0.0,76.1,2.6
G_3884,59.1,139.0,7.1
G_3062,69.0,130.8,6.1
G_5180,5.5,88.0,2.3
G_5935,5.4,81.7,2.9
G_1736,1.0,216.9,1.9
G_5402,3.0,82.5,2.3
G_2824,68.4,117.0,7.6
G_2197,38.5,142.9,7.4
G_160,4.0,233.9,2.0
G_4101,1.7,53.4,2.2
G_2476,69.2,118.5,5.2
G_2565,59.7,82.9,10.4
G_4295,7.0,75.7,1.3
G_5050,4.1,78.9,2.8
G_4140,7.0,78.5,2.3
G_2609,48.2,80.0,8.7
G_5856,5.5,78.2,3.9
G_708,5.6,220.6,1.8
G_3047,60.2,155.6,9.2
G_5555,2.0,84.2,1.6
G_1094,3.1,230.5,2.9
G_4575,6.5,70.1,1.3
G_1377,2.0,213.0,3.3
G_5898,2.4,66.9,3.3
G_073,2.9,222.2,1.2
G_1923,1.4,211.3,2.3
G_4439,5.5,72.2,2.3
G_4306,3.6,68.0,2.4
G_1765,2.6,225.6,2.1
G_744,3.0,234.0,2.2
G_4075,2.9,97.6,2.6
G_1006,3.6,186.6,1.4
G_2669,65.8,137.7,7.1
G_1191,3.2,209.8,1.7
G_4317,8.7,83.2,2.8
G_2602,60.9,114.8,6.0
G_1126,1.3,238.5,1.7
G_1242,2.7,291.7,1.6
G_4038,0.3,71.2,2.5
G_5373,5.4,76.7,2.7
G_4945,2.6,74.6,3.4
G_5652,8.5,76.9,3.3
G_3352,61.9,139.6,7.8
G_999,2.1,228.4,2.4
G_4462,9.4,79.9,3.2
G_3825,74.4,126.5,5.3
G_4032,2.7,80.0,1.6
G_2685,60.2,147.4,4.6
G_5195,3.0,73.9,1.7
G_1578,4.7,204.0,2.1
G_3907,61.3,142.7,7.8
G_3730,62.5,137.8,7.8
G_3669,59.9,111.5,6.9
G_5743,3.5,81.2,1.7
G_1827,1.4,190.6,1.9
G_1344,4.8,250.8,1.7
G_5984,4.9,71.4,2.0
G_5147,5.7,62.3,3.1
G_4952,1.9,75.0,2.4
G_441,3.6,263.7,1.3
G_5941,6.2,70.7,3.2
G_1101,4.5,202.3,2.5
G_2638,40.3,107.3,5.2
G_4218,4.9,71.4,1.7
G_650,4.0,242.6,1.9
G_1547,1.5,237.2,3.0
G_3232,85.3,143.1,6.1
G_4491,6.4,79.6,3.6
G_4557,5.0,58.2,3.7
G_4574,1.7,63.1,2.0
G_4146,6.4,55.7,2.3
G_2853,60.5,96.7,6.7
G_3504,61.5,109.5,8.9
G_5385,1.8,83.9,1.2
G_4691,4.2,77.8,2.1
G_631,1.0,227.4,1.2
G_673,2.5,226.5,2.2
G_1250,1.0,173.6,2.2
G_4088,6.0,62.3,2.7
G_483,1.0,269.8,1.6
G_1585,3.6,221.8,2.6
G_4234,4.9,78.1,2.4
G_5544,7.2,67.1,2.4
G_4205,8.0,88.7,2.6
G_1463,2.7,223.9,2.5
G_3041,71.5,134.3,6.2
G_4471,8.0,84.6,3.9
G_4811,7.9,67.9,2.7
G_4611,5.4,97.1,4.3
G_5973,5.3,77.9,2.8
G_3274,56.6,150.7,8.2
G_3239,46.0,113.2,7.2
G_3132,57.2,170.3,7.6
G_3684,83.1,114.5,7.1
G_2579,63.8,84.9,7.6
G_5411,3.5,74.9,1.0
G_050,1.0,223.9,2.2
G_5126,0.1,72.6,2.8
G_4217,4.3,75.3,1.4
G_859,2.2,249.5,2.1
G_3226,43.2,133.6,4.0
G_1073,3.1,225.1,2.3
G_720,2.9,223.1,2.1
G_2200,54.6,131.6,7.5
G_2632,66.9,124.2,7.2
G_5849,5.3,86.0,2.7
G_1661,5.0,211.0,2.0
G_1657,3.3,220.2,2.5
G_2426,67.6,129.3,7.8
G_5527,2.2,74.0,2.5
G_5055,3.2,73.0,3.0
G_5966,4.7,87.2,1.7
G_4405,0.5,68.2,3.3
G_3098,59.0,105.4,7.3
G_3977,45.2,163.5,7.3
G_5367,4.3,93.1,2.2
G_5878,5.0,73.8,2.9
G_5698,6.8,66.6,2.4
G_3190,30.0,162.2,4.4
G_3990,68.7,114.6,9.6
G_2935,73.2,142.5,7.4
G_4941,5.2,72.2,2.3
G_4258,7.4,87.3,1.0
G_2607,47.9,101.6,7.7
G_1386,3.4,205.9,2.0
G_5572,2.8,93.0,2.1
G_1400,2.0,209.9,2.2
G_1196,3.7,173.0,1.8
G_1409,2.5,214.4,1.9
G_1846,1.5,240.7,1.7
G_1799,4.6,195.2,2.3
G_3958,92.4,109.3,7.6
G_1476,4.0,187.9,2.8
G_5219,4.8,77.1,2.3
G_036,1.2,289.0,2.5
G_4865,4.6,84.2,2.0
G_2346,61.1,136.6,6.0
G_445,1.0,207.4,1.0
G_5357,4.0,66.8,1.0
G_3313,63.4,151.6,5.7
G_2360,37.5,118.1,7.2
G_3007,84.1,125.9,6.3
G_3655,76.3,138.4,4.0
G_2207,54.0,142.2,9.3
G_4328,0.1,50.0,2.3
G_5133,5.9,68.3,2.5
G_3658,30.0,93.2,8.6
G_3180,49.1,120.8,7.3
G_3423,43.0,135.8,6.7
G_1287,1.0,211.7,1.4
G_4446,8.9,65.6,1.1
G_350,2.7,210.2,1.7
G_3417,71.7,164.7,6.9
G_2138,51.4,142.1,4.3
G_2692,49.5,134.0,8.3
G_2637,65.7,155.5,5.8
G_4017,6.2,84.2,1.6
G_1682,3.0,210.2,1.8
G_5433,5.7,67.3,4.0
G_1693,4.3,250.5,2.2
G_4425,4.4,70.7,2.6
G_4777,2.8,87.1,2.9
G_3636,53.7,101.9,7.3
G_373,5.2,224.0,1.5
G_4605,6.7,53.7,4.1
G_141,3.3,224.1,2.3
G_5591,3.2,66.6,3.4
G_715,2.9,229.2,2.0
G_3189,55.8,128.2,8.2
G_5400,7.3,67.8,2.9
G_4190,3.2,65.8,3.1
G_407,1.4,187.5,1.9
G_021,5.2,221.5,3.1
G_1005,4.0,233.9,2.4
G_2412,58.5,150.1,7.3
G_2546,54.5,168.5,7.7
G_2391,30.9,137.9,4.0
G_4819,2.7,77.4,1.0
G_043,2.8,206.9,1.2
G_2831,66.6,122.3,9.2
G_3372,60.9,129.0,4.3
G_3023,51.6,109.3,8.1
G_3365,75.6,152.2,6.7
G_012,2.3,200.9,1.3
G_1178,2.9,207.5,1.1
G_1948,3.0,230.7,2.6
G_2502,41.8,121.0,9.0
G_2864,63.9,96.9,6.5
G_3866,44.7,129.4,5.3
G_1027,3.1,224.8,1.5
G_3849,50.2,113.4,4.0
G_2990,59.1,121.1,8.2
G_962,5.0,204.8,1.5
G_2890,58.5,124.7,8.0
G_3016,66.1,110.5,7.1
G_3339,60.3,130.7,12.0
G_4231,5.6,80.5,1.6
G_736,3.7,206.7,2.5
G_1441,4.0,223.6,1.7
G_2876,46.5,123.3,4.1
G_3987,63.3,122.6,7.1
G_917,3.9,215.6,2.5
G_5003,1.8,75.6,3.6
G_4090,1.0,69.4,1.1
G_5542,5.8,51.9,2.0
G_4686,8.2,81.0,1.6
G_2773,30.0,114.2,8.3
G_1625,5.8,267.4,2.9
G_5670,8.1,90.3,2.7
G_822,5.1,241.1,1.9
G_1368,1.6,224.4,1.8
G_3713,56.3,104.3,8.7
G_5999,5.4,81.5,1.6
G_851,2.1,206.3,1.0
G_1001,5.1,172.3,1.8
G_4653,8.0,51.0,2.7
G_4115,4.3,50.0,3.7
G_1638,3.6,229.3,1.5
G_1668,2.2,234.8,2.4
G_3174,69.1,107.0,6.5
G_4561,4.8,88.2,3.2
G_1348,4.4,259.8,1.0
G_5721,7.4,83.6,1.6
G_3231,44.4,128.9,7.5
G_4211,2.2,73.5,3.6
G_4607,5.6,69.2,1.7
G_3233,63.7,131.4,7.3
G_4902,4.8,77.7,2.3
G_704,1.0,245.6,2.3
G_4782,2.3,69.8,2.6
G_3292,50.4,136.7,8.4
G_3674,55.7,98.0,10.2
G_2409,53.4,117.5,8.7
G_1328,2.8,205.3,2.1
G_5587,3.8,71.9,1.9
G_5697,6.4,73.6,1.7
G_5009,6.3,62.4,2.0
G_987,5.3,216.9,1.9
G_5441,7.5,77.2,2.6
G_5157,2.5,71.6,2.2
G_5308,1.7,82.9,3.5
G_4050,4.1,65.4,1.3
G_3486,50.6,155.9,7.0
G_2475,32.6,139.6,7.5
G_3874,46.5,157.8,5.7
G_1199,3.3,210.7,1.6
G_4182,5.6,90.9,2.9
G_1519,1.5,252.0,1.4
G_1800,3.0,194.6,1.7
G_1015,5.6,205.4,2.0
G_129,3.1,237.9,1.6
G_1365,4.8,202.3,1.9
G_5508,4.7,72.4,2.2
G_892,3.8,166.7,1.4
G_2794,50.9,124.5,7.7
G_5034,7.5,92.4,1.2
G_5716,0.6,66.8,2.8
G_5142,7.2,64.9,4.4
G_3250,37.9,96.5,6.6
G_1209,1.0,242.5,1.5
G_3869,42.7,137.6,7.5
G_4066,5.3,80.8,2.7
G_5130,6.9,59.4,1.0
G_1240,5.4,243.4,2.4
G_2290,55.3,91.9,5.9
G_2741,34.3,115.0,8.5
G_276,3.7,192.9,1.9
G_1036,5.4,231.2,3.2
G_1230,6.3,219.0,2.5
G_1009,4.6,247.1,1.6
G_3829,62.9,140.5,5.8
G_2533,83.1,139.6,6.3
G_1059,3.8,189.9,1.9
G_5518,4.0,81.9,3.1
G_282,4.0,203.1,1.2
G_1044,2.9,225.6,1.6
G_1317,1.4,218.7,1.2
G_969,2.9,174.5,1.9
G_2382,38.4,136.1,8.4
G_4788,0.9,70.8,3.5
G_1940,3.1,200.7,3.1
G_5202,7.9,82.6,2.5
G_1275,4.8,197.1,1.8
G_620,3.3,256.4,1.9
G_4355,6.8,68.8,2.1
G_1743,3.1,228.0,2.0
G_1391,3.7,180.6,1.7
G_4881,5.6,76.7,1.7
G_1580,1.8,193.3,2.0
G_1656,2.6,229.1,1.6
G_3569,77.6,173.1,7.9
G_2353,39.7,138.6,6.8
G_2213,52.9,114.3,8.0
G_5964,5.2,76.5,3.1
G_3179,53.8,109.5,6.5
G_3193,58.8,142.4,6.6
G_1308,3.0,229.0,1.6
G_576,1.0,192.2,1.9
G_2361,73.5,143.1,7.1
G_1281,3.2,198.5,1.7
G_4878,6.6,75.9,1.8
G_4962,7.1,73.7,2.9
G_1994,4.1,238.8,2.3
G_2640,59.4,117.7,7.0
G_270,3.2,218.0,2.5
G_630,4.6,208.0,2.2
G_4445,3.3,70.9,2.2
G_3082,78.7,162.1,9.6
G_3467,55.2,158.7,6.5
G_5234,8.1,71.0,1.9
G_4024,7.3,85.3,2.3
G_2047,60.0,117.4,7.7
G_4711,4.5,62.2,1.6
G_2114,46.9,104.6,7.1
G_028,3.6,251.0,1.9
G_2041,74.3,126.0,7.2
G_3929,64.7,143.8,6.1
G_5422,5.5,71.8,2.2
G_3217,51.1,154.1,8.7
G_3815,61.8,127.3,8.0
G_130,2.2,238.0,2.8
G_4448,2.6,66.3,2.4
G_5889,3.8,86.1,1.0
G_014,1.0,196.5,2.1
G_5143,4.8,57.8,2.0
G_1526,4.6,190.7,1.7
G_2366,86.8,137.0,8.0
G_3053,75.8,128.6,7.6
G_4006,5.4,70.0,4.0
G_2341,46.1,131.7,6.3
G_375,6.2,247.9,2.5
G_4373,6.1,91.2,2.7
G_5153,3.2,62.1,1.4
G_940,2.2,210.2,1.3
G_5745,4.0,66.1,3.5
G_2148,54.4,163.3,6.8
G_3592,69.1,123.8,5.3
G_5444,5.7,79.4,1.0
G_5042,4.0,61.9,2.6
G_3624,49.0,147.8,5.5
G_530,1.6,191.7,1.7
G_3715,79.5,139.1,7.9
G_1270,4.9,236.2,2.4
G_4282,4.1,89.2,2.1
G_1395,2.5,269.3,1.3
G_4010,4.2,94.0,2.6
G_1798,1.8,225.3,1.9
G_2980,30.7,125.5,7.6
G_1442,4.8,204.6,1.7
G_5297,6.1,68.7,3.9
G_5850,7.3,93.8,1.3
G_3812,57.3,116.0,5.1
G_1274,2.5,238.0,2.3
G_1713,1.0,227.0,2.4
G_956,4.7,263.7,1.3
G_4443,3.7,86.2,2.8
G_4795,10.0,81.7,3.2
G_5377,4.1,86.6,3.0
G_404,3.1,213.2,2.2
G_2072,37.4,143.5,5.3
G_5702,2.0,79.1,2.6
G_1978,4.4,256.2,2.3
G_159,1.2,252.0,1.7
G_3889,68.8,135.1,6.7
G_903,3.0,205.8,1.5
G_353,4.3,237.1,1.9
G_4131,8.9,81.9,2.6
G_755,1.6,218.2,1.7
G_2972,59.2,159.6,6.7
G_5971,4.5,95.6,2.6
G_2921,63.9,163.7,9.4
G_312,4.6,264.9,1.1
G_662,2.2,197.6,1.9
G_1990,3.6,200.6,1.8
G_3666,69.6,155.5,5.9
G_307,4.9,235.2,1.7
G_2336,61.3,137.8,6.9
G_2357,92.2,128.9,7.7
G_3703,50.1,141.7,4.5
G_3805,57.6,146.5,7.1
G_1928,2.6,231.6,2.1
G_3428,42.4,117.8,6.1
G_750,1.0,214.9,2.0
G_3639,81.5,117.8,6.7
G_5244,1.0,81.2,3.8
G_1267,2.8,198.0,2.5
G_5918,2.1,74.8,2.6
G_5300,2.0,76.7,3.7
G_3596,50.1,121.0,8.3
G_2135,48.0,99.4,5.4
G_4110,4.3,52.7,2.5
G_515,2.1,216.9,1.9
G_5362,2.5,75.7,3.3
G_410,3.8,191.3,2.4
G_4476,7.8,79.9,2.4
G_5976,4.3,75.6,2.6
G_5931,5.4,63.2,1.6
G_5194,1.4,82.9,2.0
G_208,3.8,228.9,1.0
G_459,2.2,232.5,1.2
G_2055,65.1,119.2,5.3
G_2431,50.6,114.7,6.4
G_251,1.1,216.8,2.5
G_5120,6.0,96.0,2.9
G_1108,1.4,234.3,2.0
G_4863,6.1,71.8,2.6
G_1714,4.3,166.7,2.2
G_3912,68.5,149.4,5.0
G_716,4.7,167.5,2.0
G_553,4.8,266.8,2.4
G_1440,4.1,227.3,2.0
G_2271,54.6,100.5,6.4
G_3145,64.6,121.4,8.8
G_5744,2.5,77.9,1.6
G_1926,1.6,211.6,1.6
G_635,1.5,262.5,1.7
G_317,4.0,241.0,1.4
G_5637,3.9,95.1,2.9
G_428,4.0,218.4,1.6
G_4454,3.9,83.0,1.9
G_106,3.6,261.1,2.1
G_3042,53.8,135.9,5.3
G_4239,7.0,84.9,3.4
G_2170,66.6,127.7,6.2
G_1710,1.5,221.0,2.9
G_090,3.8,256.3,1.8
G_2242,45.9,129.8,6.0
G_3175,80.6,152.1,8.0
G_4479,6.1,67.9,3.4
G_1950,2.9,188.0,1.3
G_4045,8.3,76.2,2.5
G_2849,97.9,120.0,6.6
G_002,2.8,216.4,2.0
G_4338,6.1,69.8,2.2
G_936,2.2,256.8,2.3
G_5134,5.0,75.3,2.3
G_2721,68.5,123.8,6.7
G_592,2.3,208.6,2.1
G_4909,6.3,87.9,2.8
G_2937,81.7,110.2,8.0
G_2449,30.0,114.3,6.5
G_1577,1.0,199.2,1.7
G_5005,4.7,67.5,1.8
G_214,4.0,208.7,1.1
G_779,2.9,218.5,1.5
G_3497,52.3,154.9,6.3
G_4706,6.9,91.5,2.7
G_2044,54.7,148.9,7.2
G_5439,6.9,76.0,2.1
G_1568,3.8,246.9,2.3
G_166,3.6,194.6,2.4
G_3567,54.6,110.3,7.3
G_4591,2.7,61.6,1.4
G_2014,76.4,128.9,6.3
G_274,3.0,220.9,1.5
G_3861,90.8,142.1,7.6
G_4168,4.8,80.2,1.9
G_4789,3.0,71.5,2.2
G_3789,59.1,98.7,9.4
G_395,4.8,217.9,2.4
G_584,6.4,250.6,2.4
G_5981,7.6,55.0,3.2
G_5565,3.6,94.2,2.2
G_5741,4.9,61.1,4.1
G_521,1.0,224.4,1.8
G_1764,1.0,240.6,1.3
G_1876,5.1,249.8,1.5
G_3966,53.1,140.0,7.1
G_3345,53.2,130.6,7.2
G_2254,64.5,109.5,5.8
G_3225,59.8,100.1,8.3
G_527,1.0,230.5,1.3
G_2947,32.4,126.0,6.0
G_3900,52.7,148.9,8.6
G_693,1.4,219.0,2.5
G_5675,4.6,67.6,3.9
G_3634,70.6,116.2,7.6
G_1051,2.1,185.7,2.4
G_591,3.1,250.9,1.7
G_520,4.1,198.7,1.6
G_3381,74.0,130.0,7.7
G_3677,56.8,109.5,7.0
G_4938,6.4,75.0,4.5
G_1608,5.4,247.0,1.8
G_3611,63.5,132.6,8.0
G_5813,5.6,69.7,2.2
G_1810,4.3,240.3,1.9
G_792,3.3,206.1,1.8
G_793,3.4,209.7,1.9
G_4928,5.7,81.0,2.2
G_1856,2.0,216.2,1.1
G_1981,1.5,254.1,1.5
G_3234,70.9,127.3,6.8
G_3599,74.9,141.4,6.1
G_934,1.0,243.9,2.6
G_3964,71.0,125.3,5.5
G_5573,5.2,78.3,2.4
G_4180,5.8,70.1,2.3
G_4027,2.7,71.6,2.8
G_4117,5.3,80.4,3.2
G_989,2.7,191.7,2.1
G_4627,4.8,70.6,1.3
G_3454,75.3,134.6,5.5
G_5478,3.0,83.8,2.3
G_3779,56.6,146.7,6.5
G_5350,3.8,58.5,2.4
G_3094,77.9,155.6,7.2
G_3156,30.0,120.7,8.7
G_3202,61.0,120.5,4.8
G_4840,5.7,83.1,1.8
G_1099,4.4,216.8,1.6
G_4980,3.2,80.4,2.6
G_2845,96.6,138.7,6.4
G_887,3.9,206.8,1.6
G_5919,6.5,69.1,2.6
G_4652,2.3,63.4,3.4
G_516,4.1,228.2,1.5
G_5785,3.6,82.2,2.2
G_1454,6.9,206.0,1.4
G_3554,42.7,125.5,8.7
G_3610,59.3,140.0,5.9
G_2507,79.0,151.0,6.4
G_2995,50.5,129.6,5.0
G_4000,91.2,142.9,5.6
G_5689,3.7,78.3,1.0
G_907,1.0,209.6,1.8
G_029,2.1,225.2,2.8
G_2508,67.4,113.2,4.2
G_2429,80.3,94.4,8.7
G_763,6.8,242.4,2.3
G_3748,64.4,106.9,4.0
G_285,6.2,208.4,1.6
G_687,2.6,231.7,1.6
G_2354,71.0,145.4,5.7
G_4826,6.0,79.5,2.7
G_022,2.7,226.9,1.3
G_2753,56.0,142.4,4.0
G_886,5.8,207.5,1.8
G_918,3.3,236.7,1.8
G_1041,5.5,235.3,2.2
G_1266,1.0,268.5,1.6
G_5188,7.4,82.0,1.9
G_278,2.1,191.3,1.5
G_2085,58.6,100.8,7.9
G_1246,1.2,239.3,2.0
G_2383,52.3,131.9,5.6
G_572,5.5,183.8,1.9
G_1436,3.4,242.2,1.7
G_3903,65.8,107.7,4.0
G_1248,1.8,201.7,1.2
G_3527,75.2,106.2,7.4
G_2515,62.2,121.4,7.2
G_1008,4.0,181.3,2.2
G_5193,4.0,76.1,2.8
G_2065,62.7,112.4,5.0
G_5749,9.4,84.9,3.6
G_1691,3.9,233.3,2.0
G_5590,5.4,60.3,3.3
G_1986,3.8,167.9,1.7
G_295,3.5,199.2,2.6
G_1548,3.5,256.7,2.2
G_2013,63.0,127.7,5.0
G_589,4.2,200.0,1.8
G_3330,52.9,142.1,6.3
G_2404,67.6,126.6,7.0
G_2130,38.2,135.6,5.3
G_3999,84.8,139.9,6.8
G_5251,3.9,78.6,1.1
G_3742,57.9,106.7,6.8
G_3509,48.0,121.9,8.8
G_2720,72.9,114.0,7.3
G_5462,5.4,82.8,2.0
G_5468,5.1,68.9,1.8
G_557,2.3,154.1,1.5
G_2470,50.0,118.7,8.4
G_3739,63.2,148.5,5.2
G_4287,5.5,80.9,2.0
G_4933,6.9,74.1,1.6
G_1717,3.5,300.0,2.2
G_2605,59.1,142.3,7.3
G_4944,7.6,62.2,2.6
G_1705,3.6,216.5,1.8
G_2140,74.3,136.9,5.1
G_3240,45.0,105.7,7.2
G_2384,58.1,154.9,7.1
G_4312,5.9,68.8,1.1
G_1286,1.0,257.6,2.2
G_5106,0.7,93.6,1.5
G_5358,3.5,71.5,1.9
G_3931,69.1,115.9,6.3
G_4538,5.6,65.8,3.2
G_1592,1.0,235.1,1.9
G_5311,3.8,74.8,2.1
G_2163,41.2,145.8,7.4
G_2397,61.8,148.5,6.3
G_318,2.5,204.6,2.6
G_5384,6.9,63.8,2.2
G_3112,62.5,140.8,8.4
G_4037,4.5,87.2,2.9
G_796,4.6,198.8,1.4
G_3021,90.7,133.8,7.8
G_1712,2.8,187.1,1.5
G_3388,64.7,164.9,8.1
G_037,3.3,229.8,2.3
G_914,5.4,238.9,2.1
G_3973,50.2,146.9,5.6
G_4134,5.7,64.8,1.0
G_975,2.3,242.8,1.3
G_984,2.9,227.2,1.9
G_5210,7.5,74.2,2.4
G_1419,5.3,187.7,1.7
G_1561,3.0,225.8,1.5
G_4136,5.9,80.6,2.6
G_4266,5.3,71.2,3.3
G_1356,1.0,215.9,2.4
G_5692,3.6,61.0,2.5
G_988,4.3,222.3,2.0
G_2683,70.7,96.3,6.7
G_1641,3.0,207.6,2.4
G_1291,3.6,255.5,2.8
G_3682,47.9,102.3,6.6
G_1381,4.0,274.1,1.7
G_1934,2.8,239.0,1.0
G_5046,8.1,74.9,1.7
G_3161,64.1,119.2,9.0
G_2031,35.5,121.7,8.2
G_893,4.6,239.2,1.7
G_4070,8.0,65.8,3.0
G_4256,3.6,71.8,2.3
G_003,4.0,200.2,2.0
G_2110,49.1,138.3,9.0
G_850,2.2,206.5,2.2
G_2738,65.0,125.2,5.5
G_2467,47.3,142.1,5.8
G_1915,1.0,182.5,1.9
G_1597,3.9,195.7,2.2
G_1914,3.8,198.9,2.2
G_5653,7.7,80.0,3.5
G_2737,72.2,134.1,9.3
G_727,3.0,245.3,2.1
G_054,3.9,212.4,2.1
G_1797,2.5,215.9,3.5
G_3846,82.0,125.2,6.8
G_2554,48.8,130.2,4.8
G_2801,45.8,113.7,6.1
G_937,1.5,204.9,2.0
G_4942,5.8,76.1,2.4
G_825,2.3,218.7,2.0
G_4322,6.6,70.3,1.5
G_3402,68.6,122.1,5.9
G_1390,1.9,223.5,1.0
G_3565,65.4,139.4,8.6
G_885,4.0,151.3,2.3
G_1869,1.4,223.5,1.7
G_011,2.3,179.8,2.0
G_3416,33.6,112.1,6.0
G_1464,1.7,245.6,1.6
G_807,3.3,218.0,1.6
G_4716,5.2,50.0,2.4
G_4069,6.0,65.1,1.1
G_2109,68.0,152.1,6.9
G_5063,5.9,80.6,2.1
G_5947,11.6,86.6,2.7
G_2235,56.7,151.1,4.8
G_964,4.1,193.6,2.2
G_4495,5.2,83.4,2.7
G_2633,54.1,160.3,6.5
G_705,1.0,226.2,2.3
G_432,1.0,194.5,1.0
G_4389,3.9,76.0,2.9
G_146,4.2,257.2,1.0
G_2034,46.6,145.7,6.2
G_5031,6.0,65.4,2.6
G_1166,6.7,176.2,2.5
G_3501,85.9,124.6,7.8
G_2051,80.7,108.4,4.3
G_3761,79.7,101.6,7.1
G_2625,50.2,150.4,8.8
G_4485,2.9,78.1,1.9
G_4436,4.5,96.3,2.6
G_4779,0.0,73.8,2.5
G_4649,1.4,99.2,2.8
G_4362,6.9,77.2,2.0
G_2425,51.7,142.3,5.6
G_1263,3.8,197.4,2.1
G_1772,5.5,207.6,1.9
G_3512,96.1,109.6,7.1
G_272,1.0,207.8,1.7
G_245,1.2,260.4,2.0
G_5821,5.6,73.6,2.3
G_4573,5.6,77.0,3.6
G_2033,67.5,158.2,7.8
G_4741,1.9,80.4,2.7
G_814,3.3,212.0,1.6
G_3811,68.7,118.7,5.8
G_4869,6.0,83.5,2.9
G_1805,1.0,197.7,2.6
G_4347,5.4,68.2,2.5
G_2462,41.0,86.8,5.5
G_546,1.8,230.8,2.3
G_3242,53.3,128.7,8.7
G_739,5.5,258.9,1.3
G_311,2.7,212.0,2.0
G_3522,36.2,169.6,4.0
G_1132,3.6,219.1,2.4
G_5907,4.7,88.7,2.9
G_4112,6.5,70.3,3.1
G_2770,50.6,145.6,10.0
G_921,4.6,202.0,2.8
G_3588,72.3,141.6,5.6
G_3960,54.3,138.5,8.6
G_039,1.0,219.4,2.0
G_4460,4.9,68.6,3.8
G_4279,5.5,82.4,3.7
G_2984,49.9,146.5,7.8
G_5986,3.7,83.8,3.4
G_2668,56.8,116.3,8.4
G_3224,106.8,99.4,4.5
G_1183,4.4,192.4,1.9
G_615,6.7,235.0,2.0
G_5890,4.1,91.7,3.7
G_1467,5.5,209.7,2.1
G_4498,6.5,98.2,3.1
G_3043,66.9,138.1,6.7
G_935,3.7,241.9,1.8
G_2420,56.6,119.8,7.0
G_5412,5.8,82.7,1.5
G_4857,6.4,73.3,2.3
G_827,5.4,251.2,2.0
G_1522,3.9,157.7,1.7
G_2931,48.3,122.7,6.4
G_4233,3.3,62.5,3.3
G_629,3.1,208.9,2.5
G_4431,7.7,58.5,2.9
G_3854,68.1,117.2,7.7
G_391,1.7,173.8,2.3
G_4346,6.7,72.5,3.1
G_5851,3.2,93.3,1.8
G_3991,78.1,158.7,6.2
G_401,1.0,202.0,2.2
G_3360,89.2,136.2,7.4
G_047,2.3,220.0,2.4
G_5754,5.2,78.7,3.1
G_5910,7.6,73.5,3.2
G_3643,53.4,135.3,9.3
G_3727,40.7,130.0,7.8
G_5825,9.1,92.5,3.4
G_2422,47.7,148.9,7.6
G_1751,1.0,205.4,2.0
G_5799,8.0,67.5,2.5
G_4908,2.6,82.9,2.6
G_4063,3.8,66.3,3.8
G_339,3.6,220.2,1.0
G_216,4.1,226.6,2.3
G_3664,69.9,134.5,6.1
G_1342,3.0,213.9,2.2
G_5485,3.7,79.3,3.5
G_3895,31.0,127.3,6.4
G_3641,30.0,96.0,7.6
G_330,3.9,241.2,1.8
G_3005,70.6,126.9,8.6
G_5732,4.9,61.0,1.0
G_3116,53.5,148.2,7.7
G_5802,1.5,79.4,2.5
G_2323,54.2,166.2,8.6
G_4198,5.3,70.6,2.1
G_3550,85.2,88.9,5.6
G_1459,4.9,220.5,1.5
G_172,1.8,218.1,1.9
G_4204,6.0,76.7,4.7
G_5021,4.7,81.8,3.2
G_3570,51.2,122.4,6.0
G_4227,2.3,93.0,4.0
G_4889,5.2,88.0,2.2
G_4937,6.9,77.1,2.1
G_939,3.4,179.0,2.5
G_061,2.3,241.3,2.4
G_1241,2.4,220.3,1.9
G_5010,4.3,70.1,3.3
G_2121,58.3,152.8,10.8
G_1525,2.4,205.5,1.6
G_154,3.3,225.8,1.6
G_482,1.6,263.0,2.1
G_4461,1.9,63.6,2.3
G_3921,79.7,109.4,8.1
G_1763,3.1,199.7,1.5
G_751,1.6,263.9,2.6
G_1786,1.0,206.2,2.3
G_4502,3.0,75.2,3.2
G_2712,81.4,120.9,10.2
G_4846,5.1,65.4,2.8
G_4194,6.6,86.2,2.2
G_1334,5.2,234.4,2.6
G_5336,7.5,63.5,2.6
G_2855,60.3,127.0,5.8
G_187,3.7,184.4,3.2
G_1137,4.8,243.8,2.2
G_2059,99.6,133.7,7.7
G_5023,4.6,88.1,2.9
G_149,3.8,217.4,1.7
G_4125,6.8,96.4,3.2
G_3364,51.7,132.8,7.1
G_2867,76.4,135.6,7.3
G_3777,75.6,138.0,4.9
G_1387,5.0,199.6,2.7
G_5672,5.1,77.4,3.3
G_4960,2.5,77.8,3.2
G_3630,65.9,170.8,9.7
G_5397,5.6,91.5,2.5
G_3029,42.6,135.9,7.5
G_2970,72.4,159.9,7.7
G_5208,5.1,79.5,3.2
G_1709,2.8,230.6,1.6
G_2954,50.0,119.1,7.5
G_455,2.2,237.1,2.6
G_610,5.2,251.9,1.6
G_4264,3.9,84.1,2.4
G_5082,4.3,74.3,2.4
G_2075,85.6,88.6,8.4
G_4053,7.2,66.9,1.3
G_4874,5.1,84.8,3.6
G_1623,4.4,170.5,1.5
G_4684,1.8,87.2,1.4
G_5253,3.2,79.8,3.0
G_041,4.1,202.6,2.1
G_2090,59.4,119.6,9.3
G_3925,55.2,130.9,6.3
G_2176,56.1,152.4,6.7
G_075,1.0,204.6,1.8
G_5926,3.8,70.1,2.4
G_5917,0.0,59.1,4.1
G_2658,83.0,163.0,5.7
G_3181,64.7,128.1,4.0
G_2077,40.8,128.3,6.0
G_442,3.0,254.5,2.1
G_2052,75.3,106.5,8.0
G_2542,30.0,102.8,7.3
G_1302,4.5,196.6,1.8
G_3431,60.6,147.3,6.6
G_1305,3.8,247.5,1.9
G_237,1.0,220.4,2.7
G_4996,3.9,65.9,2.6
G_2600,86.1,136.9,7.5
G_4617,8.4,68.8,2.7
G_2574,53.0,154.3,7.6
G_3281,48.4,152.9,10.2
G_3187,30.0,95.8,8.5
G_3954,39.2,110.8,4.0
G_2769,84.8,131.0,8.2
G_4224,5.9,80.5,3.0
G_2107,95.1,129.2,7.8
G_2680,51.8,97.9,8.2
G_2762,57.1,104.1,7.7
G_4689,7.3,87.0,2.8
G_1388,5.3,222.0,1.2
G_5632,1.4,69.7,4.3
G_5427,3.0,79.2,2.3
G_1280,2.5,233.9,2.0
G_5880,4.0,84.0,1.7
G_1556,3.6,219.2,1.3
G_5423,3.8,88.9,2.5
G_3191,62.4,111.2,6.8
G_4567,6.1,67.8,1.9
G_4803,4.5,54.3,2.5
G_5627,3.7,71.9,3.7
G_3595,81.7,132.1,7.0
G_1921,1.0,266.4,2.6
G_514,1.6,213.6,1.5
G_4178,3.3,56.2,3.9
G_1309,4.6,264.0,1.6
G_915,2.9,237.1,1.4
G_3453,44.0,117.5,4.3
G_3696,81.8,114.1,5.5
G_4243,6.3,57.5,2.4
G_3157,77.5,136.3,6.4
G_2199,55.5,174.1,8.9
G_775,3.9,207.7,1.0
G_4426,3.8,95.0,3.3
G_944,2.9,215.2,1.6
G_823,6.4,218.8,1.6
G_4278,5.5,64.2,2.2
G_165,4.4,259.5,1.8
G_4548,5.3,74.9,1.7
G_3984,88.3,134.9,6.5
G_2539,52.3,136.6,4.3
G_5725,3.6,76.6,2.5
G_1312,4.2,231.2,2.6
G_5839,4.7,82.4,3.1
G_4998,3.9,88.1,4.2
G_5569,3.8,57.0,1.4
G_3301,50.1,138.4,7.3
G_3311,53.2,168.5,6.8
G_328,4.2,210.3,2.5
G_2491,61.6,155.3,5.5
G_5621,7.9,83.0,1.9
G_4409,3.3,66.5,2.7
G_833,1.5,259.1,2.3
G_3080,57.7,96.3,9.3
G_3463,42.3,128.1,6.1
G_5254,4.2,77.9,2.8
G_055,4.5,186.4,1.5
G_4065,6.3,74.5,3.4
G_3452,67.1,138.3,5.7
G_1902,2.5,216.7,1.0
G_1482,2.4,154.9,2.2
G_4151,0.6,73.2,2.5
G_3336,64.5,126.3,5.5
G_947,1.0,222.1,1.6
G_3294,45.3,138.1,9.8
G_2162,73.1,147.6,6.7
G_5077,5.8,58.0,3.1
G_3058,59.6,127.7,6.0
G_769,2.1,207.1,2.5
G_5641,4.4,77.0,3.3
G_3496,52.5,105.8,6.9
G_286,1.0,231.6,2.1
G_5927,1.0,65.4,2.5
G_4525,3.5,87.2,1.8
G_5333,6.0,90.2,2.6
G_2333,53.4,133.0,9.8
G_2718,58.8,132.9,8.1
G_2080,80.0,156.7,5.4
G_3390,72.5,146.2,6.6
G_723,1.0,193.5,2.0
G_952,3.5,239.4,2.6
G_5584,7.7,60.2,2.7
G_2263,57.6,126.2,7.9
G_990,3.0,280.3,3.2
G_3213,40.6,154.3,8.0
G_1760,5.0,219.4,2.4
G_4920,2.8,64.9,2.7
G_4423,2.6,72.4,1.3
G_1725,1.6,204.4,1.8
G_342,3.4,230.5,2.1
G_3702,43.3,138.9,7.9
G_4244,6.8,73.2,1.0
G_689,4.1,238.9,1.3
G_3433,66.9,124.4,4.0
G_967,2.0,228.8,1.5
G_5667,8.5,81.9,3.5
G_2204,88.0,114.0,7.1
G_2714,64.3,123.4,4.1
G_4758,3.4,66.9,2.8
G_5733,8.0,81.3,2.7
G_5943,0.0,71.3,2.1
G_3573,50.4,120.2,6.4
G_4806,1.5,68.4,1.6
G_1991,4.2,177.8,2.3
G_4121,6.9,50.0,3.3
G_4760,4.5,77.2,2.3
G_4915,4.4,85.4,2.7
G_5554,6.5,72.1,3.8
G_5794,5.4,81.2,2.2
G_3601,58.1,86.0,4.2
G_5473,1.9,85.8,1.3
G_5972,6.5,64.3,1.7
G_4939,1.0,67.5,2.2
G_386,3.2,201.0,1.8
G_5229,3.8,71.6,2.4
G_5475,2.0,66.2,3.1
G_537,1.7,244.4,2.1
G_5622,5.7,67.5,2.7
G_4213,0.7,86.6,3.5
G_3508,48.4,144.5,6.5
G_202,3.8,215.2,1.5
G_1333,2.7,259.7,2.1
G_3503,71.3,133.5,7.9
G_2709,81.9,158.3,6.7
G_4663,3.2,72.1,2.7
G_4022,6.1,65.9,4.5
G_1855,4.5,210.9,1.3
G_5359,2.0,67.3,3.1
G_2873,39.8,94.6,8.0
G_3031,39.5,129.8,6.1
G_1206,3.1,203.1,2.4
G_1646,3.6,192.1,1.1
G_3418,46.3,137.7,6.2
G_3477,30.0,135.4,8.8
G_2862,87.7,132.7,5.0
G_1793,2.8,226.4,2.1
G_3798,55.2,137.5,5.9
G_3369,40.7,149.5,5.1
G_3368,53.0,156.7,9.6
G_3534,53.4,118.1,4.6
G_5260,6.1,59.7,2.9
G_3450,56.2,144.8,4.5
G_604,5.0,190.3,2.7
G_3057,55.9,126.3,5.7
G_5213,5.3,82.9,3.3
G_127,1.5,190.5,1.6
G_3877,51.1,167.9,6.7
G_2936,67.2,129.0,5.4
G_4452,7.8,76.5,4.0
G_3532,69.2,154.6,7.6
G_2731,85.2,121.0,4.6
G_828,2.2,218.4,2.4
G_1640,1.4,231.4,2.1
G_985,3.0,178.6,2.3
G_3282,80.5,132.1,6.5
G_5963,5.8,59.3,1.5
G_2189,59.7,143.6,7.4
G_5524,4.3,63.9,3.9
G_2444,73.5,103.8,6.1
G_363,2.8,181.9,2.1
G_2350,49.2,155.7,6.7
G_346,3.3,247.4,2.0
G_815,4.5,265.8,2.2
G_4808,4.4,68.7,3.6
G_3206,62.4,95.9,6.9
G_5415,4.7,67.0,2.1
G_5750,6.2,69.4,2.9
G_3326,70.6,137.2,8.4
G_4107,4.7,93.2,2.6
G_2117,72.3,109.7,7.7
G_1835,2.1,195.7,2.1
G_794,1.1,196.8,2.1
G_5936,4.2,86.0,1.8
G_2675,74.0,123.2,4.8
G_095,2.4,246.0,2.6
G_4226,7.7,92.0,3.4
G_3757,45.7,145.5,7.1
G_2892,112.9,140.6,7.7
G_2372,57.2,111.7,6.7
G_4966,3.8,73.0,1.9
G_5668,8.1,53.9,3.6
G_3229,62.4,94.6,6.6
G_5343,3.9,82.8,1.9
G_2854,34.1,90.0,6.4
G_2913,49.7,125.5,4.8
G_1866,1.0,201.8,1.7
G_4613,1.9,85.0,2.2
G_1858,2.6,234.8,1.7
G_2646,87.0,90.6,7.3
G_2244,73.9,156.8,7.8
G_2337,70.4,110.6,5.8
G_951,2.6,250.1,2.1
G_3069,84.1,159.8,9.2
G_1121,4.7,207.9,1.3
G_2598,50.9,151.0,8.3
G_2205,42.6,122.0,7.0
G_420,3.1,186.8,1.0
G_923,3.2,215.1,2.3
G_1255,4.8,229.2,1.6
G_478,3.5,256.3,2.4
G_2036,61.0,169.7,6.3
G_1203,3.2,225.6,2.1
G_2627,65.6,123.2,8.9
G_5774,6.1,80.9,2.5
G_1971,3.9,210.1,2.5
G_3111,45.3,167.0,5.7
G_4019,6.3,70.8,3.1
G_2152,46.7,119.1,5.7
G_3688,68.1,99.5,4.0
G_4917,5.2,85.0,2.1
G_1998,1.7,212.0,1.4
G_4034,4.8,57.8,3.5
G_5884,8.9,85.9,2.9
G_3055,62.1,95.1,8.2
G_1249,3.4,225.7,2.4
G_2193,49.9,128.6,8.6
G_2713,81.5,106.6,4.9
G_993,2.6,221.8,1.9
G_2191,76.2,142.1,5.7
G_4671,4.8,79.2,1.2
G_3763,44.6,134.0,4.4
G_3598,44.2,129.2,10.8
G_4712,6.7,69.4,2.4
G_1319,2.1,248.0,1.9
G_1864,1.0,214.6,1.1
G_2344,57.5,103.4,5.5
G_2450,65.0,136.6,6.7
G_2137,76.3,111.8,5.2
G_1066,1.3,228.0,1.9
G_5951,3.7,77.6,3.4
G_4228,4.8,72.7,2.5
G_2622,62.9,143.9,7.7
G_078,2.6,250.1,1.0
G_2899,59.4,108.8,6.0
G_4821,7.9,60.1,1.5
G_1315,3.0,211.0,1.7
G_5232,5.3,72.0,3.6
G_873,1.0,167.8,1.4
G_3851,90.0,117.2,7.7
G_5843,5.3,68.3,2.0
G_2966,68.1,99.1,6.7
G_3392,61.2,160.3,7.6
G_2561,55.5,122.0,6.3
G_5877,0.4,72.2,2.3
G_2636,54.1,106.6,5.3
G_3531,78.9,146.2,5.2
G_376,1.8,256.2,2.3
G_1909,1.2,234.6,2.8
G_4430,4.5,85.4,1.5
G_5183,4.4,71.1,2.9
G_5241,1.5,79.1,2.7
G_4028,9.9,67.3,2.1
G_1605,2.3,239.6,2.2
G_1119,3.3,246.2,1.2
G_3678,30.0,161.8,6.5
G_3491,56.0,134.2,5.8
G_5836,8.3,88.7,2.7
G_2959,100.0,149.1,7.5
G_1995,3.5,168.4,2.4
G_5946,5.7,71.1,1.6
G_5207,11.2,79.9,3.8
G_2377,65.4,102.7,8.4
G_1343,3.7,194.3,1.1
G_321,3.1,231.0,2.0
G_1620,4.7,242.4,1.9
G_3714,65.0,123.4,7.4
G_2061,60.7,132.1,7.2
G_2220,80.6,103.3,7.8
G_1674,1.6,240.5,3.4
G_261,1.6,230.9,2.5
G_5292,6.8,83.9,3.7
G_2040,72.3,175.1,10.0
G_4786,6.9,83.9,2.1
G_902,2.4,209.4,1.5
G_3745,65.8,141.4,8.3
G_2027,76.1,107.2,7.4
G_4235,4.7,80.5,1.5
G_1918,2.1,233.7,1.1
G_1829,2.9,249.5,2.1
G_1574,1.0,224.9,1.8
G_4416,4.7,66.5,1.9
G_4750,4.1,64.6,2.5
G_5261,6.2,67.7,2.0
G_4655,5.3,50.0,3.9
G_4209,7.6,66.7,3.8
G_4628,4.3,86.4,2.1
G_225,2.3,203.8,1.3
G_724,4.1,257.0,1.8
G_5379,7.8,81.7,3.2
G_1142,5.1,166.8,2.3
G_2763,64.5,106.2,6.5
G_847,3.4,205.3,1.0
G_4290,3.8,87.8,3.9
G_5043,8.5,58.1,2.3
G_2552,77.4,115.2,4.9
G_2929,59.0,109.9,5.4
G_118,1.2,195.1,1.1
G_646,2.6,200.4,2.8
G_004,5.3,212.3,2.2
G_4171,10.0,62.1,1.6
G_468,4.1,220.9,2.2
G_006,2.6,225.3,2.3
G_920,3.3,252.4,2.6
G_2596,79.9,126.0,7.8
G_4325,6.9,50.0,2.2
G_1064,1.0,206.8,1.3
G_2591,56.8,159.1,6.6
G_243,3.8,269.4,1.7
G_5214,2.0,84.4,3.0
G_1161,1.0,204.8,2.1
G_2871,66.1,151.2,8.9
G_3736,34.9,127.1,6.8
G_2398,40.7,133.4,9.2
G_3518,56.3,153.8,8.2
G_3422,59.8,135.6,7.9
G_2564,82.1,134.2,6.8
G_1606,1.6,200.2,2.1
G_5786,7.2,72.1,2.6
G_2325,52.6,131.3,7.3
G_2710,55.6,112.5,6.2
G_5266,7.3,93.3,3.4
G_1313,5.1,272.2,1.6
G_3449,78.6,122.4,8.4
G_3813,62.3,137.7,6.6
G_5581,5.1,74.5,3.6
G_2363,52.3,103.5,7.4
G_1976,2.4,224.8,1.7
G_3515,42.3,134.2,6.9
G_1762,4.1,219.7,2.3
G_2740,44.6,100.4,4.8
G_5588,5.9,80.8,2.7
G_2473,61.9,116.8,6.3
G_4008,4.9,61.7,3.1
G_4719,8.9,72.5,1.8
G_1494,3.3,206.6,3.0
G_4207,6.7,63.3,3.6
G_2159,61.4,138.7,7.8
G_1170,4.3,209.6,1.4
G_5416,7.0,87.2,2.1
G_233,3.1,170.7,1.7
G_067,2.9,159.0,2.1
G_1604,1.8,220.0,2.5
G_3284,59.4,144.0,6.5
G_3597,36.4,110.5,4.5
G_4633,4.7,72.9,3.4
G_126,6.3,233.7,1.5
G_1297,4.4,261.9,2.0
G_1977,4.7,232.7,2.8
G_5417,0.9,66.7,3.0
G_5374,5.1,76.3,3.2
G_2076,48.4,133.1,6.5
G_4581,5.7,74.4,2.5
G_3087,62.1,170.7,7.3
G_5197,7.7,79.6,3.4
G_3346,44.7,126.8,6.3
G_5819,5.9,83.3,2.9
G_2798,83.6,148.0,6.3
G_919,2.3,222.5,2.7
G_1647,2.7,226.5,1.7
G_5123,3.2,80.9,2.4
G_5127,7.1,79.5,2.7
G_4979,6.0,64.0,2.1
G_4622,4.9,97.3,2.7
G_365,4.0,204.3,1.7
G_3288,75.7,137.8,5.0
G_2126,48.3,147.7,6.8
G_4124,4.4,68.9,1.6
G_4570,4.1,55.9,3.9
G_526,1.0,232.1,2.6
G_4822,3.6,86.6,1.7
G_056,4.4,199.5,2.1
G_639,1.1,194.2,1.0
G_303,4.1,210.4,1.5
G_2767,92.0,150.3,4.0
G_1277,6.5,249.3,1.3
G_4721,2.3,83.8,1.8
G_2056,82.5,139.3,7.7
G_5146,5.9,65.2,2.8
G_4433,1.8,89.5,2.0
G_3645,74.2,125.7,7.8
G_4144,8.2,74.6,2.3
G_2879,55.5,141.3,5.0
G_4203,2.4,61.7,1.9
G_2287,44.4,133.0,6.9
G_2262,71.6,164.4,8.3
G_2297,46.1,169.5,4.0
G_1754,1.0,208.8,1.3
G_1969,2.7,270.4,2.2
G_5203,3.8,62.1,1.7
G_3118,54.5,144.6,6.9
G_2394,50.0,123.1,6.5
G_524,3.9,212.2,3.0
G_3901,37.7,148.7,7.9
G_5712,2.9,80.4,3.0
G_4700,4.0,60.5,3.3
G_5490,3.8,76.1,2.6
G_3123,52.8,143.6,8.0
G_4157,5.2,94.4,2.0
G_1970,4.7,252.3,1.7
G_672,1.0,234.6,1.2
G_4189,2.1,55.4,2.5
G_667,2.6,241.2,1.7
G_5533,8.4,81.1,2.2
G_1888,3.6,215.9,1.6
G_3267,73.1,125.1,7.4
G_281,3.2,176.9,3.0
G_1720,2.3,217.3,1.0
G_2948,73.5,133.7,8.2
G_4456,4.0,53.0,2.8
G_900,1.8,227.2,2.3
G_5815,4.4,77.6,2.9
G_761,2.1,235.7,1.4
G_1907,1.0,253.1,1.9
G_4043,4.8,87.9,1.8
G_3824,64.3,120.8,8.9
G_4139,3.2,51.1,2.9
G_3819,53.3,108.2,7.2
G_4301,5.5,76.4,2.4
G_2594,50.7,132.7,8.3
G_4165,8.1,64.6,2.1
G_3032,52.0,125.2,7.9
G_3580,38.6,123.2,5.9
G_2833,42.7,120.3,6.2
G_3473,41.5,92.8,5.3
G_138,2.5,258.7,2.2
G_4893,2.3,80.7,2.8
G_2181,74.5,80.0,4.9
G_2129,47.8,126.4,7.2
G_3178,45.5,119.3,8.4
G_4855,2.7,79.4,2.8
G_4638,6.7,72.1,1.9
G_5116,3.8,68.7,2.0
G_5224,4.7,63.6,2.7
G_4262,4.8,74.2,3.2
G_4345,3.2,62.8,1.9
G_1332,4.8,181.4,1.9
G_2018,62.9,115.2,7.7
G_4543,4.4,75.4,2.7
G_2483,46.7,168.3,5.0
G_1359,1.0,231.5,1.1
G_1330,3.9,240.9,1.1
G_5909,3.6,86.9,3.1
G_2151,88.4,139.3,7.1
G_4531,5.0,71.8,2.6
G_2123,48.6,138.4,8.0
G_4674,4.7,66.7,2.3
G_3982,52.4,119.9,6.6
G_1253,1.0,236.0,1.8
G_3279,58.8,120.7,7.6
G_3375,67.1,113.8,5.3
G_2815,38.6,136.3,6.3
G_4720,3.1,80.3,3.0
G_1849,4.5,216.3,1.5
G_4859,5.0,66.3,2.3
G_3038,46.0,156.9,7.6
G_389,4.4,242.3,2.1
G_236,4.0,238.3,1.4
G_1078,2.4,233.8,2.5
G_1985,4.4,226.1,2.8
G_4364,4.0,60.6,1.0
G_3963,48.3,143.8,5.2
G_771,4.1,214.9,2.0
G_2166,50.8,180.0,7.8
G_4534,7.2,84.2,4.2
G_674,2.4,206.5,1.5
G_250,3.6,243.0,2.0
G_1575,3.7,188.2,1.5
G_3420,56.3,125.0,8.3
G_2082,64.8,152.8,5.0
G_1824,2.0,224.6,2.6
G_5551,6.6,57.4,2.5
G_5739,4.8,75.7,2.4
G_4545,3.7,86.8,1.5
G_717,3.2,235.6,3.2
G_5345,5.3,70.4,2.3
G_5600,5.6,59.9,3.1
G_2049,39.8,104.1,7.7
G_4179,2.0,58.9,3.0
G_4810,5.4,70.9,1.4
G_2725,52.5,127.2,8.0
G_5421,3.2,82.2,2.8
G_1461,2.8,262.4,2.0
G_1669,4.3,216.4,1.1
G_2757,65.2,120.1,6.8
G_2001,43.3,129.3,6.0
G_4572,5.5,61.4,2.9
G_4614,8.1,75.4,2.6
G_405,2.3,261.8,1.9
G_385,1.9,220.8,1.7
G_5386,5.4,83.8,2.1
G_2153,48.4,119.9,6.3
G_1634,4.5,238.6,2.1
G_5495,5.6,64.3,2.1
G_4785,4.3,80.5,2.0
G_3926,69.0,119.6,7.1
G_4159,3.7,87.5,2.6
G_4949,9.0,82.5,2.1
G_224,1.0,215.5,2.6
G_2194,74.4,131.8,7.0
G_3137,50.2,126.1,5.6
G_4470,6.5,73.2,2.7
G_1825,3.3,203.2,1.7
G_5510,8.3,83.2,3.4
G_5125,5.7,74.4,1.0
G_4973,4.5,87.9,2.8
G_798,4.0,175.4,1.0
G_2872,70.0,131.6,7.4
G_010,3.8,243.4,2.3
G_1945,3.9,209.7,2.2
G_1839,3.0,195.8,1.4
G_4805,3.1,80.1,2.9
G_256,2.3,229.1,2.5
G_4486,4.7,68.2,1.6
G_5403,4.9,61.6,3.6
G_1582,4.7,253.3,2.5
G_2957,61.4,106.7,4.0
G_925,4.8,222.3,2.2
G_5548,7.1,74.9,2.6
G_2509,41.7,118.0,7.7
G_5025,5.3,80.0,2.1
G_3776,69.0,161.7,6.0
G_4836,2.8,73.8,2.7
G_4137,4.9,79.4,2.1
G_4965,2.1,76.0,2.2
G_2780,57.5,126.6,7.1
G_540,2.1,221.4,2.4
G_2746,46.2,116.1,6.9
G_5392,5.3,81.5,3.4
G_5477,4.3,75.2,1.0
G_1146,3.0,231.8,2.1
G_5128,4.0,77.7,2.5
G_4469,8.1,56.6,2.3
G_668,5.3,189.2,2.8
G_3020,60.8,143.3,9.0
G_358,2.6,223.6,1.8
G_5064,7.3,70.1,1.7
G_2832,48.7,117.9,7.4
G_2784,56.0,106.7,8.2
G_1354,4.1,221.9,2.6
G_5132,7.4,63.5,3.9
G_471,2.6,246.8,2.2
G_2704,39.0,142.8,8.9
G_3331,104.1,158.2,7.5
G_3638,54.6,159.9,6.6
G_1397,1.0,232.6,2.1
G_3585,69.9,153.0,7.8
G_5380,6.1,63.7,2.4
G_5263,4.4,87.1,2.6
G_3377,67.0,88.7,7.0
G_1257,5.5,198.0,1.8
G_3513,63.3,149.6,6.0
G_1251,3.5,235.1,1.5
G_5763,4.3,88.9,3.1
G_4299,3.4,91.9,1.2
G_3285,78.7,134.0,6.0
G_2934,59.9,110.3,7.2
G_4176,4.3,66.3,1.7
G_5269,4.6,85.0,3.1
G_4911,5.3,71.4,1.6
G_1853,1.2,252.4,2.3
G_5613,2.9,87.3,3.1
G_5842,5.2,66.5,2.2
G_2106,75.9,90.4,6.2
G_134,3.7,234.8,2.6
G_5237,0.7,97.6,1.3
G_5030,5.7,80.5,2.9
G_929,5.3,259.5,1.4
G_824,2.5,184.9,2.0
G_5447,6.4,72.1,2.2
G_1532,1.0,266.4,1.6
G_1215,2.6,238.4,2.2
G_505,2.0,192.9,1.9
G_4286,6.2,54.8,1.6
G_1997,3.0,168.1,2.6
G_3073,39.4,98.0,5.3
G_1959,4.6,247.9,1.8
G_1385,4.1,247.6,2.4
G_895,5.1,232.7,1.5
G_4925,5.9,74.6,2.7
G_456,1.8,257.2,2.1
G_5559,6.3,50.0,2.9
G_3710,46.8,108.5,6.9
G_5534,7.4,60.2,3.3
G_4850,2.8,75.5,3.1
G_4749,5.3,76.1,2.4
G_4269,3.2,78.8,2.3
G_3523,62.6,149.1,5.2
G_4135,4.2,76.6,1.6
G_3603,67.3,133.8,5.3
G_714,3.6,185.0,2.2
G_4187,5.8,79.4,2.3
G_2215,46.6,119.9,4.1
G_5302,5.1,85.9,1.7
G_2924,49.2,127.5,6.6
G_1811,2.3,195.2,2.6
G_3487,78.4,126.8,4.0
G_3142,65.9,126.5,9.2
G_1828,5.1,232.2,2.0
G_1156,4.5,179.2,2.0
G_1325,3.1,247.6,2.1
G_4313,3.3,71.3,1.0
G_511,3.4,232.0,1.4
G_1681,3.6,192.0,1.5
G_500,1.0,228.5,1.4
G_5438,6.7,93.1,1.2
G_1857,5.1,185.1,1.0
G_1389,3.0,241.5,1.3
G_3720,41.5,117.7,9.6
G_2387,59.6,162.6,5.2
G_3237,56.1,140.7,5.0
G_1541,3.0,228.3,2.8
G_1218,3.4,206.9,1.7
G_2682,64.0,132.1,7.1
G_2994,76.1,93.7,6.4
G_1192,1.0,237.8,2.0
G_5294,6.5,67.3,2.3
G_1543,5.5,242.0,2.6
G_3302,52.3,146.9,7.1
G_3325,67.1,101.1,7.7
G_2540,44.7,142.9,9.8
G_954,5.2,258.0,2.5
G_4847,8.6,81.7,2.3
G_4331,3.2,78.3,3.2
G_733,3.6,234.1,1.5
G_5992,2.7,81.4,3.3
G_1157,2.0,189.1,2.1
G_5558,3.6,86.6,2.5
G_3295,61.8,169.1,4.3
G_2983,55.8,128.0,6.4
G_5306,3.9,65.2,3.2
G_5162,4.3,69.9,4.1
G_2157,57.6,133.6,5.4
G_1063,4.7,217.7,1.8
G_2617,76.3,100.1,7.6
G_1168,3.8,224.0,1.9
G_3223,56.9,148.8,6.9
G_3637,43.5,128.5,6.9
G_2939,53.6,139.5,4.0
G_4492,5.2,73.9,3.2
G_3141,30.0,130.0,5.3
G_4981,2.4,63.1,2.5
G_144,3.3,226.1,2.2
G_3578,59.5,145.1,7.7
G_4947,6.6,75.8,1.6
G_2783,60.9,153.7,5.9
G_718,3.2,242.1,2.6
G_1820,1.5,190.4,1.9
G_2503,66.6,167.9,8.2
G_4361,8.1,79.8,1.7
G_4172,5.7,89.6,2.9
G_396,2.3,183.8,1.3
G_5798,6.5,77.3,4.0
G_4493,2.8,67.9,1.7
G_1366,2.8,268.8,1.3
G_5901,4.9,80.6,2.0
G_596,2.2,163.8,2.1
G_3953,55.9,112.2,6.4
G_5393,5.9,83.4,2.8
G_4969,5.5,78.1,1.9
G_2915,76.0,126.9,5.8
G_2327,52.2,126.8,7.2
G_3767,99.0,148.7,6.7
G_3441,86.5,94.8,7.0
G_3852,55.4,126.9,7.2
G_4133,2.9,88.6,1.7
G_5500,4.6,73.4,2.8
G_2144,70.2,120.7,5.8
G_5823,4.9,84.3,1.4
G_5074,5.9,91.2,2.2
G_1572,1.1,252.8,1.7
G_4080,6.5,81.7,2.1
G_1123,4.0,232.3,1.9
G_2787,74.6,142.6,8.6
G_2968,58.8,135.9,5.5
G_2505,76.0,102.6,7.0
G_3466,47.1,105.0,6.8
G_676,1.8,170.9,1.5
G_2809,54.4,139.7,6.0
G_3349,46.5,142.2,9.1
G_729,2.2,201.4,2.8
G_413,1.0,191.9,1.5
G_3147,68.8,125.0,6.0
G_1517,5.3,200.1,2.3
G_826,5.2,262.6,2.1
G_3268,61.2,91.5,8.2
G_3975,61.2,160.3,6.0
G_617,3.2,201.6,2.6
G_115,2.7,238.5,2.8
G_418,3.2,228.5,1.0
G_3070,30.0,144.5,7.6
G_1626,4.6,196.3,2.0
G_5940,5.5,62.8,2.8
G_4186,8.8,79.7,2.1
G_2897,49.2,140.6,4.7
G_5603,8.6,96.4,1.5
G_2083,78.3,119.4,7.4
G_754,4.6,216.2,1.8
G_2547,36.3,131.6,7.5
G_3970,77.0,115.4,4.0
G_3374,31.4,136.6,6.6
G_4108,9.0,79.7,3.1
G_2445,71.8,133.8,7.7
G_4381,4.8,73.9,1.7
G_1067,1.1,263.9,2.0
G_3914,68.1,145.9,5.9
G_5288,5.5,92.9,1.9
G_5388,8.4,83.0,3.3
G_3499,30.0,131.3,6.6
G_2739,104.0,159.6,6.4
G_5053,5.5,65.4,4.4
G_4001,7.3,72.8,3.2
G_1569,1.0,225.6,2.1
G_2428,82.5,111.9,6.2
G_3747,81.3,127.6,7.6
G_5562,5.3,73.8,4.0
G_1688,3.3,226.6,1.8
G_852,2.2,240.8,3.3
G_3547,60.2,143.4,7.3
G_896,4.0,300.0,2.0
G_4593,3.4,87.2,3.3
G_336,2.8,234.4,1.7
G_2840,56.1,141.8,6.1
G_3088,31.7,169.8,6.9
G_4612,8.3,76.3,2.2
G_1349,1.0,237.0,1.0
G_1016,3.3,246.0,1.7
G_2817,30.5,124.6,7.1
G_1632,1.7,204.1,2.4
G_2490,79.8,115.5,5.8
G_3731,83.1,104.5,5.5
G_3252,48.9,163.5,6.8
G_5556,4.2,64.4,3.0
G_2071,68.6,149.0,6.3
G_4453,6.1,74.1,2.6
G_5859,5.2,94.0,3.2
G_5409,9.1,73.5,1.0
G_1636,2.4,226.7,2.4
G_4647,7.4,85.3,3.6
G_2480,64.4,103.0,7.6
G_2266,62.1,126.1,7.6
G_2960,61.5,124.0,7.2
G_5324,5.0,79.5,3.7
G_5673,9.9,66.1,2.8
G_3060,70.3,153.0,8.2
G_5054,9.3,72.8,2.1
G_2142,59.3,115.3,8.1
G_5105,5.7,81.0,3.5
G_3119,47.4,128.3,8.6
G_5189,6.7,77.6,1.3
G_5665,5.9,82.5,1.7
G_4046,5.5,67.2,3.0
G_3357,64.6,143.2,7.1
G_2745,45.0,171.0,9.5
G_5093,5.9,86.9,2.9
G_3507,63.1,127.6,8.6
G_1680,2.4,217.9,1.8
G_4250,4.5,82.9,3.3
G_3148,30.0,120.4,7.5
G_2295,42.1,147.6,7.2
G_581,3.5,229.3,2.1
G_1471,4.8,217.7,2.8
G_4800,8.2,71.4,1.6
G_4071,6.4,73.9,1.7
G_5309,8.0,50.0,3.7
G_3344,46.4,138.9,7.0
G_4993,7.6,77.1,1.5
G_4584,8.2,72.0,3.2
G_3673,65.0,109.5,5.0
G_560,2.4,243.1,2.3
G_5238,6.8,76.6,2.9
G_5216,6.0,91.7,3.5
G_2850,45.1,143.4,6.1
G_513,2.6,233.7,1.7
G_4730,5.8,79.2,1.6
G_1082,2.5,223.5,2.1
G_1665,4.9,249.8,1.8
G_1013,6.1,187.8,2.0
G_1932,3.7,258.2,1.6
G_1151,1.5,241.0,3.1
G_2839,51.3,158.4,6.2
G_117,2.9,214.3,1.9
G_741,1.0,230.4,2.3
G_5762,5.7,72.0,2.5
G_5178,9.0,80.1,1.0
G_3676,48.9,159.7,5.8
G_831,1.0,177.4,2.4
G_120,4.1,215.2,1.5
G_4753,2.6,75.3,2.0
G_5729,5.6,67.2,2.5
G_5682,5.7,80.4,2.2
G_5929,7.6,73.5,4.2
G_636,1.0,246.8,1.0
G_4466,4.4,65.5,1.9
G_4365,6.5,62.3,2.6
G_4143,5.7,82.6,1.8
G_992,1.0,235.1,2.3
G_877,2.2,196.6,1.3
G_4870,2.7,80.3,2.1
G_5316,5.6,55.8,2.7
G_5223,6.8,68.4,2.3
G_005,2.6,172.7,1.3
G_3052,66.0,107.4,4.5
G_3125,80.1,142.1,8.6
G_2661,72.5,176.1,9.1
G_2492,46.4,110.6,7.1
G_5174,6.0,75.8,1.6
G_3855,45.0,118.6,6.2
G_4934,5.0,94.4,3.6
G_4778,7.5,64.7,2.9
G_1716,2.9,216.0,1.8
G_1149,5.4,217.2,2.4
G_3262,60.2,159.9,6.1
G_575,4.2,285.5,1.6
G_3770,77.5,94.5,5.4
G_3737,100.7,138.4,6.5
G_4147,7.1,63.7,3.9
G_854,4.8,225.5,2.1
G_1983,2.1,298.8,3.0
G_2775,43.5,158.7,10.0
G_4930,0.5,75.9,3.1
G_5212,5.1,70.3,2.4
G_1167,5.1,210.3,1.7
G_972,2.0,218.3,2.0
G_2702,57.8,118.2,7.9
G_4496,3.9,52.9,2.0
G_3848,61.0,135.0,5.0
G_2369,47.7,162.5,4.9
G_4116,6.4,78.9,3.7
G_4781,7.3,85.6,3.3
G_4132,5.6,82.2,1.6
G_2951,40.0,134.8,6.0
G_525,1.9,243.0,2.6
G_2456,44.9,144.6,6.3
G_5017,1.5,68.1,1.6
G_1842,1.0,202.3,1.4
G_538,2.4,243.0,1.8
G_2807,46.3,112.7,6.1
G_5597,5.3,79.0,2.0
G_4342,4.3,86.8,3.6
G_3176,65.4,122.4,7.8
G_785,3.8,207.8,3.4
G_4058,8.2,67.7,3.1
G_1410,2.6,271.2,2.6
G_2538,70.4,164.0,5.2
G_155,3.4,188.5,2.5
G_3010,81.7,153.0,6.9
G_1687,2.3,282.1,2.6
G_2902,60.8,134.3,6.2
G_5939,7.4,67.7,3.3
G_4722,4.6,84.9,1.2
G_3864,50.4,108.5,9.5
G_2734,49.8,92.4,6.2
G_1896,2.4,245.0,2.5
G_5443,5.1,90.4,2.4
G_570,2.5,214.1,2.0
G_1817,1.0,210.4,1.6
G_2066,55.9,131.8,6.9
G_128,2.2,247.9,2.9
G_3395,60.7,133.4,5.7
G_3328,66.1,151.5,8.0
G_5978,5.7,75.4,1.5
G_2976,60.4,111.7,7.4
G_981,4.2,226.6,1.4
G_2301,56.7,159.1,9.9
G_191,2.3,180.0,2.2
G_1140,4.1,213.3,1.7
G_5089,3.4,69.4,3.4
G_700,2.7,253.2,1.8
G_5730,5.8,69.9,2.4
G_607,1.8,204.9,1.8
G_4277,4.6,81.1,2.4
G_302,2.2,195.0,1.3
G_3421,53.6,135.8,7.3
G_5776,3.7,62.7,3.2
G_1061,4.2,227.9,1.8
G_2566,70.6,130.4,4.8
G_5989,3.1,77.7,1.9
G_1070,3.5,237.3,2.1
G_2525,76.8,95.1,7.3
G_2206,83.7,121.1,8.8
G_1244,1.5,246.5,2.3
G_017,1.5,213.4,1.8
G_3121,53.5,86.2,7.6
G_5980,5.5,86.3,3.4
G_4643,4.5,55.2,2.7
G_4755,1.5,85.2,3.3
G_816,1.0,240.4,1.9
G_3068,56.9,141.5,7.7
G_5994,2.2,71.4,2.8
G_5601,3.2,77.3,2.5
G_960,3.7,192.3,2.3
G_4894,3.5,58.8,1.8
G_226,4.6,253.0,2.3
G_3355,79.7,86.8,8.1
G_2486,97.5,145.1,7.1
G_563,4.3,196.9,1.6
G_3437,48.4,132.3,6.7
G_1694,1.0,246.4,1.5
G_1046,4.3,168.8,2.5
G_3447,71.6,114.0,6.4
G_4566,4.1,72.5,2.5
G_955,2.9,196.3,2.2
G_5977,6.8,82.9,4.1
G_2736,67.6,117.3,4.0
G_5885,7.8,70.1,2.8
G_4736,4.6,58.5,2.5
G_5779,3.7,65.2,2.2
G_1219,1.7,201.6,1.7
G_5255,4.6,68.9,1.9
G_5512,4.1,91.9,4.0
G_1528,5.3,271.7,2.0
G_3988,54.7,94.5,8.3
G_5920,9.0,68.5,3.2
G_1301,2.0,228.5,1.9
G_5870,6.3,80.2,2.7
G_161,1.5,192.2,2.0
G_4068,4.3,65.6,2.1
G_957,3.5,243.3,1.9
G_3792,48.1,136.7,9.3
G_3235,50.6,153.5,6.9
G_2870,40.2,102.7,7.9
G_3778,44.7,133.3,6.9
G_4434,5.7,77.4,3.0
G_4974,5.5,72.1,1.7
G_2962,63.5,127.2,5.1
G_2201,51.7,80.0,7.4
G_099,3.0,181.2,1.9
G_5835,2.6,70.8,2.8
G_2558,76.7,173.0,6.6
G_3184,46.0,136.7,6.4
G_254,4.5,219.7,1.5
G_3924,79.3,150.9,6.1
G_4200,5.0,73.1,2.6
G_1446,2.0,191.5,1.9
G_5540,4.3,78.6,2.2
G_1649,4.8,239.6,2.7
G_4683,6.4,84.4,1.7
G_4724,4.9,57.0,3.4
G_3992,59.6,133.8,4.8
G_1697,1.5,205.7,1.8
G_3192,60.5,93.8,6.6
G_4500,2.7,81.8,3.3
G_1155,5.5,194.0,1.6
G_2256,30.0,158.5,5.0
G_1683,1.6,224.5,1.5
G_3171,52.7,108.0,8.3
G_2057,61.1,131.6,6.7
G_4091,6.2,74.8,2.6
G_5854,3.6,65.0,1.9
G_3109,30.0,160.6,6.7
G_4549,4.4,80.7,3.7
G_3724,60.2,130.5,5.0
G_5424,4.4,66.8,2.7
G_2050,47.1,131.7,7.7
G_4977,6.6,65.4,3.4
G_3644,60.1,131.3,4.0
G_5915,5.2,77.0,2.0
G_624,5.0,255.3,2.4
G_263,1.0,250.9,2.4
G_5731,5.5,50.0,1.3
G_3370,52.4,137.4,8.9
G_4062,2.3,67.8,3.6
G_5535,5.9,71.5,1.6
G_1803,1.9,189.6,1.8
G_4737,3.5,79.3,2.3
G_5987,5.2,66.5,3.4
G_2386,79.0,100.8,6.8
G_1960,3.3,224.7,3.0
G_2977,64.8,136.1,8.1
G_489,5.5,220.6,2.4
G_1844,3.1,185.7,1.0
G_1735,4.2,239.8,1.7
G_2912,80.1,113.6,7.5
G_3220,33.9,121.7,6.4
G_147,1.1,180.0,2.2
G_5631,3.5,86.4,1.7
G_1987,4.1,233.8,1.6
G_1370,1.7,223.3,2.8
G_2812,38.5,136.6,7.3
G_660,2.8,233.8,1.6
G_1795,3.3,220.2,1.9
G_2512,73.2,141.7,7.0
G_3398,62.1,120.5,5.8
G_4283,6.3,76.6,3.2
G_1148,1.0,202.2,1.9
G_3273,73.6,110.0,5.9
G_609,1.0,242.4,2.3
G_3583,59.6,99.3,6.3
G_1931,1.2,236.8,1.5
G_198,3.2,220.5,1.2
G_2932,72.8,133.5,9.8
G_2328,69.3,125.1,7.7
G_4390,4.8,68.7,2.0
G_767,2.9,219.2,1.4
G_4497,6.8,68.5,3.0
G_4219,5.1,82.7,1.9
G_3256,87.3,120.5,7.9
G_203,4.6,238.0,1.5
G_3511,86.2,82.2,8.5
G_4932,3.7,61.6,3.1
G_5536,6.8,94.5,2.5
G_1734,2.5,223.6,1.9
G_2778,64.9,152.8,6.5
G_1708,5.8,253.8,2.1
G_5173,3.8,63.7,1.6
G_5250,1.9,67.7,3.3
G_5758,2.0,84.9,2.5
G_3475,58.6,87.5,6.3
G_855,5.1,250.4,2.6
G_5686,7.9,77.4,3.0
G_4738,3.7,67.0,1.8
G_4098,3.8,84.2,4.5
G_2161,62.2,127.2,4.8
G_699,4.4,235.6,2.1
G_5937,2.9,62.4,3.7
G_3000,66.0,146.0,6.6
G_3697,75.5,132.5,6.1
G_1637,1.6,211.5,3.0
G_3458,71.4,131.0,8.2
G_3582,70.0,101.8,7.7
G_1292,6.7,157.8,2.2
G_4660,6.2,76.9,3.3
G_5617,5.7,71.1,2.7
G_1854,4.4,192.3,1.5
G_5233,5.8,73.0,1.6
G_3764,69.1,136.5,7.1
G_3305,66.8,149.9,5.5
G_5897,7.4,97.4,3.1
G_5728,5.8,51.0,3.1
G_3744,69.0,133.8,6.8
G_3446,82.5,95.2,7.9
G_1999,2.8,261.1,2.2
G_664,2.2,196.3,1.8
G_4780,4.8,70.1,2.4
G_5354,6.9,72.8,2.3
G_3749,70.9,116.4,7.4
G_4414,6.2,69.8,1.1
G_4745,5.6,79.7,1.4
G_5531,6.3,88.6,2.9
G_5576,4.7,80.7,1.9
G_710,5.5,259.1,2.0
G_1283,4.1,166.2,2.5
G_5069,3.0,71.3,1.8
G_2676,71.7,148.0,6.2
G_4030,6.9,89.9,3.7
G_1307,3.0,233.3,1.9
G_5497,2.1,94.4,2.0
G_5505,6.4,64.3,2.1
G_2238,60.8,110.3,6.7
G_3303,53.1,140.7,5.9
G_5593,1.9,68.3,2.7
G_2039,72.3,128.3,7.9
G_1530,1.3,193.7,1.9
G_1664,2.1,227.8,1.3
G_5451,6.6,93.4,2.5
G_5922,5.6,69.5,2.5
G_5944,4.0,90.7,3.6
G_3628,67.4,178.0,6.1
G_5740,1.3,50.0,1.8
G_5148,6.8,76.6,2.1
G_4892,4.1,57.0,3.0
G_2694,67.0,127.6,6.9
G_3061,83.0,128.0,5.2
G_1598,6.1,245.2,1.9
G_2730,86.8,125.3,5.3
G_2626,30.0,134.2,6.6
G_3158,48.4,141.5,6.7
G_3315,43.2,127.4,6.8
G_1723,4.1,179.0,1.6
G_5280,5.0,77.4,2.3
G_1060,2.4,210.1,1.8
G_4637,7.1,81.3,4.1
G_3243,47.2,129.7,6.5
G_1679,4.5,249.8,2.2
G_1758,4.4,271.1,1.8
G_4192,7.1,76.9,1.3
G_5117,8.5,71.5,1.9
G_564,2.5,226.4,2.1
G_2791,58.7,87.7,6.6
G_864,5.7,237.0,1.3
G_1485,3.3,194.7,1.0
G_5135,4.7,78.6,2.5
G_207,3.8,257.1,2.2
G_4489,5.0,65.3,3.4
G_871,2.7,204.1,3.5
G_4494,2.1,81.5,2.2
G_503,1.0,211.7,1.2
G_1029,3.9,207.3,2.6
G_3841,59.1,107.9,7.9
G_2691,67.1,140.2,6.2
G_5582,3.1,77.7,2.8
G_5057,4.3,70.8,3.1
G_1571,4.2,212.6,2.0
G_2774,42.5,143.1,9.0
G_2732,46.7,127.4,7.5
G_805,2.3,217.6,1.9
G_5848,7.9,90.7,1.9
G_3646,51.7,124.1,8.1
G_2455,37.4,108.0,5.5
G_4599,6.6,58.8,2.4
G_3105,69.5,110.2,8.0
G_4876,2.4,71.4,2.3
G_201,3.5,265.1,2.1
G_3100,38.9,120.0,6.7
G_2279,41.9,112.7,7.2
G_3562,43.1,113.9,5.3
G_4475,5.7,66.4,1.7
G_4515,4.7,73.4,2.5
G_5795,3.4,72.0,4.2
G_392,3.7,196.8,2.4
G_5619,1.3,100.0,3.0
G_5259,6.0,63.5,3.0
G_1496,6.0,268.4,1.4
G_2696,43.8,148.1,5.4
G_2028,37.4,131.2,6.6
G_5249,7.6,73.3,1.7
G_5464,2.8,80.9,1.8
G_2569,63.3,138.9,6.3
G_065,4.2,226.6,1.5
G_3885,62.1,140.9,7.1
G_2063,54.5,99.9,8.3
G_5277,4.4,61.9,3.0
G_493,3.1,207.7,1.7
G_380,1.8,226.5,1.6
G_4860,2.2,74.8,3.0
G_3994,73.6,100.0,5.6
G_4888,5.0,63.8,2.5
G_1077,1.0,239.4,2.0
G_879,3.0,227.3,1.7
G_338,2.5,221.2,2.3
G_1017,2.0,182.0,1.0
G_1276,3.2,253.9,2.4
G_3799,62.2,127.7,9.6
G_4552,1.8,76.4,1.7
G_3343,72.8,157.9,6.3
G_4912,3.6,56.1,1.8
G_996,2.6,221.9,2.0
G_1982,1.0,261.0,2.8
G_4298,3.7,66.2,1.9
G_162,4.2,226.2,2.2
G_5676,6.7,69.6,2.0
G_4799,0.5,57.6,3.1
G_1501,4.2,249.5,2.4
G_3844,54.1,105.0,6.2
G_5226,11.9,74.2,3.2
G_2614,92.9,126.7,6.0
G_3462,59.5,129.2,7.7
G_1022,2.1,208.4,1.6
G_3074,77.7,159.8,7.1
G_3944,66.7,166.6,7.7
G_1586,4.0,187.7,1.6
G_1956,5.1,204.7,2.4
G_3153,46.8,149.9,5.2
G_035,4.2,246.5,1.6
G_4015,5.0,71.6,3.5
G_776,1.0,212.9,2.4
G_2557,58.4,123.0,7.4
G_1479,1.7,248.8,1.8
G_5487,6.1,59.6,2.2
G_1364,1.5,186.1,1.5
G_2613,41.6,134.4,9.1
G_2825,71.2,147.7,5.3
G_2042,78.3,126.3,6.7
G_242,2.8,234.6,2.4
G_2062,70.8,133.0,7.4
G_2364,70.2,121.3,5.1
G_601,4.1,173.1,1.9
G_2436,55.1,133.0,7.3
G_5394,3.0,71.5,2.0
G_2889,50.5,128.6,9.0
G_647,1.0,210.7,1.3
G_3891,62.5,155.0,6.5
G_3557,79.7,100.6,7.6
G_3203,72.2,120.2,6.0
G_1529,2.3,174.2,1.9
G_1268,1.6,210.5,1.7
G_1900,2.6,229.5,2.5
G_4659,5.9,79.5,1.3
G_3006,71.7,106.9,6.7
G_2735,69.2,98.6,5.5
G_190,1.0,234.7,2.0
G_1807,3.4,220.9,1.0
G_976,1.0,222.6,1.3
G_2748,67.8,124.6,5.6
G_2048,83.0,115.9,7.3
G_2559,70.3,128.1,6.8
G_1083,2.5,170.8,2.0
G_475,5.5,227.6,2.4
G_2905,54.5,121.5,6.9
G_4844,4.6,79.7,2.6
G_4118,6.0,91.0,2.1
G_3386,64.7,137.3,6.8
G_4556,2.0,61.6,2.8
G_1185,1.5,200.5,2.5
G_5052,8.2,84.3,1.5
G_5312,6.8,73.0,4.3
G_2434,39.9,144.8,6.9
G_5612,3.4,75.0,1.9
G_2392,59.9,127.7,8.8
G_770,5.7,215.1,2.4
G_1686,4.8,198.7,1.3
G_131,1.0,231.0,1.9
G_2920,59.5,146.5,6.6
G_3172,56.3,130.9,7.5
G_3445,33.3,158.7,4.9
G_5579,1.3,76.1,1.6
G_4427,3.6,70.6,2.2
G_5335,7.0,54.3,1.5
G_467,3.9,200.9,2.4
G_5735,7.0,90.7,2.8
G_3093,38.1,106.9,6.9
G_3773,55.6,101.5,7.9
G_5192,3.5,53.2,2.7
G_5227,5.2,80.4,1.3
G_5391,5.7,68.7,1.7
G_861,3.3,206.7,1.8
