Guest_ID,Stay_Duration_Days,Daily_Spend_ADR,Total_Spend
G4030,2,328.75,657.51
G1267,5,117.91,589.54
G3661,2,329.22,658.44
G2589,5,126.86,634.31
G0973,6,118.48,710.85
G3786,1,333.06,333.06
G4914,2,338.25,676.5
G3643,1,333.97,333.97
G5601,1,302.16,302.16
G2282,5,121.59,607.95
G4740,2,308.18,616.35
G1570,5,115.14,575.71
G0251,4,121.03,484.13
G1358,6,111.76,670.56
G0268,4,111.22,444.88
G5791,1,306.73,306.73
G3747,1,328.23,328.23
G3482,1,323.47,323.47
G5926,2,331.11,662.22
G2407,4,99.68,398.74
G3731,3,310.84,932.52
G5446,1,338.9,338.9
G2655,5,106.24,531.21
G0249,7,117.29,821.03
G4248,2,339.47,678.94
G3198,1,351.21,351.21
G5142,1,352.06,352.06
G5406,1,338.57,338.57
G5524,1,316.27,316.27
G2885,3,100.21,300.64
G0775,6,97.29,583.74
G3639,1,320.83,320.83
G1323,5,127.2,636.01
G0934,3,122.61,367.83
G1370,5,117.23,586.16
G5180,1,332.68,332.68
G4660,1,312.32,312.32
G5284,1,324.8,324.8
G0549,6,103.88,623.31
G1089,5,126.4,631.98
G0330,6,123.35,740.09
G4412,2,332.67,665.34
G5679,2,313.44,626.88
G1716,5,114.62,573.11
G1960,6,120.03,720.19
G2847,5,144.27,721.36
G4545,2,325.99,651.98
G3176,1,324.34,324.34
G3532,2,348.48,696.97
G4674,1,316.2,316.2
G1859,6,116.31,697.84
G5727,3,337.94,1013.82
G2716,3,110.74,332.23
G3246,2,318.55,637.1
G0215,5,122.36,611.78
G0274,6,122.21,733.27
G2412,7,109.76,768.35
G5773,1,338.69,338.69
G2952,6,115.25,691.52
G2247,5,109.0,545.01
G3763,2,332.97,665.95
G2259,3,98.73,296.19
G0660,5,137.13,685.63
G1584,6,122.84,737.04
G4291,1,315.02,315.02
G3905,1,344.56,344.56
G1331,7,121.81,852.7
G1255,7,117.34,821.37
G1303,5,105.26,526.29
G4083,1,334.1,334.1
G5575,1,321.13,321.13
G3768,2,330.95,661.91
G0903,6,131.69,790.14
G1841,5,106.94,534.68
G4121,1,367.55,367.55
G3374,2,334.97,669.93
G5167,3,310.94,932.83
G0734,4,116.45,465.8
G4925,1,330.53,330.53
G1051,5,107.62,538.1
G3447,1,318.0,318.0
G5868,1,296.63,296.63
G3158,1,338.61,338.61
G0925,7,112.37,786.61
G0192,6,122.12,732.74
G1246,4,99.57,398.28
G4018,1,336.87,336.87
G4253,2,337.92,675.84
G0400,7,110.96,776.69
G3732,1,347.35,347.35
G5024,1,343.84,343.84
G2308,5,106.48,532.42
G3209,1,333.71,333.71
G5609,1,310.78,310.78
G3156,2,323.06,646.11
G1534,5,106.22,531.08
G2359,4,96.93,387.72
G5121,2,336.2,672.4
G5818,2,336.31,672.62
G1338,5,120.03,600.16
G2193,8,120.56,964.48
G2371,5,102.58,512.89
G3807,1,332.36,332.36
G2726,6,102.85,617.11
G5469,1,326.36,326.36
G3454,1,333.45,333.45
G5393,2,337.88,675.76
G2250,6,119.24,715.43
G2252,7,109.61,767.3
G0405,5,119.36,596.8
G4181,2,308.71,617.42
G2441,7,108.98,762.86
G0832,5,109.72,548.59
G5559,1,331.77,331.77
G0763,8,106.87,854.96
G5474,1,327.58,327.58
G5404,1,313.8,313.8
G5489,2,320.59,641.19
G1554,5,105.34,526.69
G1986,6,131.36,788.15
G5482,1,335.04,335.04
G4166,1,337.52,337.52
G5449,1,344.42,344.42
G2859,7,111.99,783.93
G4198,1,345.46,345.46
G2094,4,132.04,528.16
G5220,1,324.25,324.25
G4883,2,322.77,645.55
G0093,5,114.06,570.28
G4236,2,332.2,664.39
G0631,4,120.96,483.86
G3090,1,321.34,321.34
G1271,7,113.68,795.75
G5761,2,331.02,662.05
G4533,2,323.48,646.96
G5828,2,329.97,659.93
G3657,1,339.1,339.1
G4926,2,313.7,627.4
G4434,1,329.28,329.28
G1885,5,121.32,606.62
G5534,2,306.44,612.89
G2121,8,101.19,809.55
G5507,2,346.49,692.98
G4584,2,296.74,593.47
G3003,1,337.48,337.48
G4995,1,310.31,310.31
G4116,1,331.85,331.85
G3932,2,317.31,634.62
G2988,6,115.41,692.46
G5660,2,323.27,646.54
G5355,3,341.02,1023.05
G4168,1,331.75,331.75
G0913,6,125.09,750.57
G5625,2,362.66,725.32
G4635,3,334.66,1003.97
G3606,1,352.87,352.87
G3000,5,103.3,516.49
G4072,1,313.25,313.25
G0299,6,103.47,620.8
G0307,7,120.32,842.24
G3828,1,320.99,320.99
G2581,6,134.0,804.02
G3286,1,292.18,292.18
G5281,1,362.03,362.03
G1577,4,103.23,412.92
G3254,2,310.28,620.55
G1907,4,110.03,440.14
G4779,1,335.85,335.85
G2954,7,123.1,861.67
G2137,6,119.8,718.77
G0629,6,99.57,597.43
G1488,4,109.22,436.88
G0273,7,123.81,866.7
G0069,6,117.25,703.52
G4560,1,350.45,350.45
G4458,2,369.49,738.97
G0939,6,111.51,669.03
G0853,5,127.96,639.8
G3821,3,334.43,1003.28
G0484,6,114.36,686.15
G0271,7,112.84,789.9
G2956,7,123.58,865.07
G0710,7,115.39,807.76
G2453,5,132.05,660.23
G4607,1,336.93,336.93
G0429,7,119.44,836.09
G2278,4,102.37,409.49
G3897,1,323.35,323.35
G1153,5,115.86,579.31
G4772,1,353.68,353.68
G3002,1,346.1,346.1
G1245,5,115.25,576.26
G5504,1,348.89,348.89
G2788,4,134.42,537.69
G5253,1,317.11,317.11
G2602,6,113.96,683.78
G3097,1,311.06,311.06
G1213,5,122.98,614.89
G3561,1,325.24,325.24
G1948,5,101.65,508.27
G5991,2,322.16,644.32
G3691,2,337.27,674.54
G4639,2,323.09,646.19
G5581,2,328.04,656.08
G2327,4,109.82,439.29
G3264,2,318.5,637.01
G5530,1,315.75,315.75
G2799,5,120.1,600.51
G4414,2,322.09,644.17
G2143,6,125.34,752.03
G5623,1,327.5,327.5
G0226,7,105.12,735.85
G2272,5,140.88,704.4
G5475,2,323.03,646.07
G1678,7,126.06,882.41
G3469,2,319.73,639.46
G2141,6,109.26,655.55
G5943,1,341.81,341.81
G4509,1,337.38,337.38
G0642,7,113.17,792.22
G3965,2,353.84,707.67
G2998,4,102.83,411.3
G1328,5,124.01,620.03
G0277,6,126.7,760.21
G5023,1,341.45,341.45
G4349,1,341.72,341.72
G3563,1,338.57,338.57
G4610,1,319.92,319.92
G4793,1,330.82,330.82
G3715,1,336.82,336.82
G2386,5,115.23,576.16
G1578,7,133.21,932.44
G0445,4,121.95,487.82
G5922,2,334.64,669.27
G0774,6,107.4,644.42
G1850,6,119.79,718.76
G1772,7,105.25,736.76
G4632,1,331.59,331.59
G3536,2,322.98,645.97
G1065,5,105.08,525.42
G4378,2,341.87,683.74
G1781,4,117.79,471.16
G5685,2,347.74,695.49
G3152,1,333.48,333.48
G1599,6,119.22,715.31
G3628,2,366.02,732.05
G4683,1,327.31,327.31
G4129,2,332.49,664.98
G1327,5,109.04,545.22
G3698,2,339.22,678.45
G1428,4,106.56,426.23
G4563,2,330.56,661.13
G0061,5,118.17,590.87
G5770,2,313.76,627.51
G0172,5,121.08,605.41
G3079,1,314.01,314.01
G0180,8,120.16,961.25
G4985,2,344.16,688.33
G0614,4,118.96,475.83
G4842,1,313.14,313.14
G0272,4,106.27,425.08
G4642,2,320.99,641.98
G3345,2,330.47,660.93
G1696,7,113.02,791.13
G2205,5,138.82,694.09
G3543,1,341.75,341.75
G2958,5,121.03,605.13
G3302,1,342.7,342.7
G3251,1,317.9,317.9
G2523,6,122.53,735.21
G2134,6,119.54,717.22
G3103,1,341.0,341.0
G3601,1,297.04,297.04
G0065,6,99.86,599.13
G4413,1,313.94,313.94
G2756,5,104.58,522.89
G4630,2,357.16,714.32
G0325,4,126.04,504.16
G5728,2,350.34,700.68
G3802,1,337.55,337.55
G1285,5,107.21,536.05
G0495,7,120.11,840.8
G0101,4,107.93,431.72
G4061,2,332.1,664.19
G3581,1,352.0,352.0
G0580,7,104.34,730.36
G2852,6,110.3,661.79
G2269,5,101.64,508.21
G4557,2,334.11,668.22
G5431,1,325.97,325.97
G0847,6,125.91,755.45
G3076,1,353.14,353.14
G2113,6,114.6,687.61
G2879,6,106.83,640.96
G0926,4,111.64,446.54
G0197,5,122.13,610.64
G5562,2,312.86,625.71
G2430,5,97.26,486.3
G0320,5,138.2,691.0
G1192,4,117.64,470.54
G5662,1,321.13,321.13
G0983,5,146.52,732.6
G0747,6,93.23,559.38
G3936,2,331.86,663.71
G5555,2,336.45,672.9
G0766,5,115.18,575.88
G5031,1,320.95,320.95
G0854,7,103.93,727.5
G1413,6,104.42,626.49
G0887,6,93.04,558.23
G5738,1,359.29,359.29
G0923,6,111.54,669.21
G2089,5,115.85,579.23
G3571,1,324.36,324.36
G1991,6,94.01,564.04
G5312,3,313.9,941.71
G0193,6,137.82,826.9
G5287,2,322.14,644.29
G5573,2,323.7,647.4
G2251,5,105.34,526.71
G0981,6,128.63,771.75
G4602,1,320.02,320.02
G4729,2,295.63,591.26
G3440,2,328.44,656.88
G1196,6,110.04,660.25
G1844,6,113.58,681.5
G2318,5,112.79,563.97
G3411,2,329.48,658.95
G0811,5,105.06,525.31
G1580,5,123.32,616.58
G5935,2,324.36,648.72
G4585,2,317.37,634.74
G1512,5,125.58,627.89
G1728,6,110.12,660.69
G0122,5,108.88,544.39
G0567,3,117.29,351.87
G5138,2,312.27,624.54
G3609,1,308.6,308.6
G4096,1,353.99,353.99
G0879,5,99.67,498.36
G3744,1,332.82,332.82
G1471,7,118.23,827.62
G0779,5,94.24,471.22
G4738,2,315.0,629.99
G1468,6,119.18,715.06
G1049,7,113.96,797.7
G4044,1,331.87,331.87
G2185,3,125.4,376.21
G2504,5,101.18,505.9
G5537,2,353.36,706.71
G3462,1,329.39,329.39
G0630,7,108.67,760.71
G2376,7,122.4,856.78
G1322,6,113.93,683.56
G2795,5,112.15,560.76
G2101,6,125.29,751.73
G4896,1,334.03,334.03
G0916,6,114.08,684.49
G5957,1,350.77,350.77
G3978,2,316.49,632.97
G2420,4,103.21,412.84
G2568,6,121.92,731.5
G0506,5,101.28,506.38
G4430,1,311.25,311.25
G1833,6,120.88,725.27
G4530,1,330.46,330.46
G0401,4,119.91,479.66
G1001,7,106.37,744.56
G0054,6,107.16,642.97
G4841,1,310.81,310.81
G0206,5,108.23,541.15
G1891,6,106.78,640.68
G5189,2,342.38,684.76
G1601,5,112.84,564.2
G0082,6,116.4,698.42
G0627,5,106.66,533.28
G4927,1,318.43,318.43
G0149,6,113.89,683.36
G5243,1,324.7,324.7
G5183,1,341.46,341.46
G1556,6,112.0,671.97
G1503,5,99.16,495.82
G1913,6,123.27,739.63
G1031,5,123.62,618.11
G3742,1,312.52,312.52
G5045,2,329.94,659.87
G0727,6,119.97,719.81
G0544,7,104.23,729.58
G2438,6,126.84,761.04
G4518,1,349.09,349.09
G0224,4,121.95,487.81
G5300,2,323.3,646.59
G2087,5,114.83,574.15
G1253,4,117.1,468.38
G4059,3,337.17,1011.51
G0379,8,120.06,960.48
G1190,5,114.37,571.84
G2312,7,127.34,891.36
G5357,1,330.8,330.8
G2285,5,131.19,655.94
G1103,8,128.51,1028.09
G5173,2,312.21,624.43
G0100,5,120.8,603.99
G1741,5,120.19,600.94
G5503,3,338.88,1016.63
G5758,2,355.92,711.85
G5321,1,335.71,335.71
G0046,5,94.5,472.5
G0725,6,108.78,652.68
G1411,7,108.32,758.22
G3083,2,327.88,655.75
G0313,6,135.86,815.16
G4182,1,333.36,333.36
G4785,2,353.71,707.41
G2329,6,119.76,718.54
G1378,7,135.42,947.94
G3914,2,341.94,683.88
G5797,1,302.01,302.01
G5120,2,344.56,689.11
G2056,5,103.78,518.92
G4210,2,319.67,639.34
G4151,2,330.51,661.03
G2629,5,106.89,534.46
G2525,6,106.44,638.62
G3761,2,308.71,617.42
G2666,4,100.64,402.55
G5004,2,341.33,682.66
G2793,5,117.97,589.87
G1643,5,112.74,563.72
G2715,6,118.95,713.67
G1336,5,108.54,542.72
G5056,2,318.83,637.65
G5744,2,328.26,656.52
G3028,1,346.08,346.08
G0787,6,118.16,708.98
G2627,7,118.28,827.95
G1552,5,123.39,616.97
G2361,4,114.54,458.15
G5148,2,335.14,670.27
G0311,5,103.18,515.91
G4844,1,338.87,338.87
G1220,8,96.96,775.69
G1541,5,104.6,522.99
G1123,6,124.58,747.47
G4043,2,326.11,652.22
G0514,5,97.52,487.62
G2914,6,119.06,714.36
G5920,2,322.54,645.08
G4512,3,330.0,990.01
G4127,2,337.09,674.18
G4345,1,339.26,339.26
G0178,7,109.99,769.9
G2088,5,120.05,600.25
G4698,1,362.23,362.23
G0704,4,106.63,426.52
G3538,2,345.28,690.56
G3441,1,303.63,303.63
G0049,6,119.25,715.53
G1456,4,117.89,471.55
G0187,6,103.03,618.19
G5248,1,328.55,328.55
G1992,6,121.83,730.99
G2336,6,110.02,660.12
G5672,2,330.12,660.23
G4317,1,348.34,348.34
G1838,6,107.41,644.47
G2901,5,114.3,571.49
G4895,1,324.96,324.96
G2142,6,120.36,722.18
G1811,5,122.56,612.82
G2399,6,96.07,576.43
G4972,2,327.27,654.54
G2697,7,111.0,777.01
G3422,1,334.2,334.2
G3032,1,326.41,326.41
G1073,6,99.62,597.74
G1733,5,104.54,522.69
G3972,1,340.52,340.52
G1785,6,142.55,855.31
G0407,4,121.82,487.28
G3048,2,329.09,658.17
G5704,2,353.25,706.49
G1806,4,99.04,396.16
G3340,1,330.32,330.32
G3150,2,336.25,672.51
G0463,5,116.57,582.83
G0875,5,107.61,538.03
G2614,5,115.93,579.66
G2206,6,123.27,739.63
G4332,2,322.01,644.02
G0341,5,122.06,610.3
G3414,2,323.93,647.86
G2071,6,103.21,619.26
G3488,1,347.93,347.93
G0324,8,117.58,940.64
G4992,1,341.68,341.68
G2730,5,114.47,572.37
G0064,4,109.71,438.83
G4048,1,333.15,333.15
G5367,2,323.2,646.4
G0978,3,129.47,388.42
G2188,5,117.14,585.69
G3513,1,344.69,344.69
G5549,1,351.78,351.78
G0990,6,107.25,643.52
G2959,7,110.54,773.8
G2714,4,118.98,475.92
G5988,1,343.34,343.34
G0127,5,95.91,479.53
G1289,4,130.09,520.37
G2825,5,109.03,545.16
G0609,4,101.5,406.02
G4338,1,354.35,354.35
G5703,1,305.08,305.08
G5620,2,343.62,687.24
G5840,2,331.57,663.14
G1910,6,106.76,640.59
G0378,6,105.35,632.13
G0776,4,119.72,478.86
G2490,4,111.16,444.62
G3640,1,326.39,326.39
G2801,6,117.95,707.71
G5481,1,330.23,330.23
G3717,2,333.88,667.77
G0890,7,123.5,864.47
G1661,7,129.82,908.74
G1630,6,119.25,715.52
G2661,4,114.45,457.81
G5280,2,315.29,630.59
G5705,3,337.7,1013.11
G2494,7,135.83,950.79
G5811,2,317.85,635.71
G2120,5,123.17,615.84
G5048,1,321.18,321.18
G2689,6,102.32,613.91
G3794,1,315.66,315.66
G0673,5,103.57,517.85
G2691,4,115.68,462.73
G0550,5,114.64,573.21
G2754,5,101.44,507.2
G5419,1,325.46,325.46
G2819,6,102.5,615.01
G5642,1,329.53,329.53
G1362,6,106.75,640.52
G5232,1,321.16,321.16
G3307,1,342.45,342.45
G1449,7,119.81,838.65
G2047,6,94.26,565.53
G5591,2,338.47,676.93
G1562,5,132.19,660.95
G5687,1,346.71,346.71
G4814,1,333.22,333.22
G2295,5,128.23,641.14
G3517,3,357.72,1073.15
G5161,1,349.88,349.88
G0418,6,117.08,702.47
G1685,4,104.63,418.52
G0851,5,109.75,548.77
G0121,6,110.16,660.99
G0522,6,90.07,540.4
G1869,4,116.47,465.88
G2194,4,109.09,436.35
G2758,5,111.69,558.43
G5641,2,335.51,671.02
G3668,1,324.26,324.26
G1126,4,104.04,416.18
G1545,5,118.7,593.51
G2061,6,111.95,671.69
G3262,2,352.41,704.81
G4624,1,350.29,350.29
G2389,6,101.69,610.16
G0283,7,93.48,654.33
G1300,6,107.07,642.45
G1279,6,114.32,685.91
G3735,2,350.36,700.73
G1461,5,126.89,634.43
G3502,1,349.84,349.84
G1724,6,111.96,671.79
G4225,1,349.12,349.12
G1532,4,124.45,497.81
G1183,6,106.54,639.22
G2373,6,104.04,624.23
G2313,6,106.95,641.69
G1922,6,118.05,708.31
G5209,1,337.3,337.3
G0688,5,117.65,588.24
G3163,1,340.07,340.07
G0440,5,117.93,589.64
G2803,6,110.89,665.37
G1896,5,114.9,574.51
G2231,5,133.08,665.38
G5492,1,332.71,332.71
G1158,8,110.23,881.81
G0769,5,121.65,608.24
G0346,6,131.28,787.71
G5861,2,336.32,672.64
G5820,2,339.93,679.87
G0020,4,120.52,482.07
G1525,5,126.8,634.01
G4735,2,315.23,630.47
G0153,5,90.0,450.0
G0511,6,127.21,763.25
G4924,2,326.1,652.21
G2811,5,126.03,630.16
G5483,3,324.38,973.14
G3406,2,357.08,714.16
G0752,4,118.29,473.16
G2575,8,105.2,841.61
G1197,5,125.97,629.87
G4648,3,335.03,1005.08
G2650,6,124.39,746.32
G5512,2,331.41,662.82
G1204,6,105.3,631.82
G1542,7,134.45,941.16
G3770,1,303.39,303.39
G5776,1,320.02,320.02
G1141,5,121.19,605.94
G4960,1,332.0,332.0
G0588,5,105.82,529.09
G2422,7,103.1,721.67
G3244,2,313.4,626.8
G0906,6,111.78,670.68
G1020,6,114.12,684.71
G0802,5,99.0,494.99
G0935,6,115.6,693.61
G2332,5,112.45,562.25
G5204,1,328.18,328.18
G0720,5,113.94,569.68
G2731,7,113.55,794.86
G1306,5,99.02,495.11
G2619,6,118.9,713.42
G3615,2,323.24,646.49
G4765,2,353.35,706.69
G1909,4,117.68,470.71
G1638,6,102.8,616.78
G0442,5,108.86,544.29
G1044,5,118.0,589.98
G5996,2,312.28,624.56
G5407,3,318.44,955.32
G2770,5,98.77,493.83
G5878,1,325.42,325.42
G4174,2,335.35,670.69
G1160,5,115.84,579.21
G1884,5,119.75,598.77
G4871,2,349.48,698.96
G3758,2,322.56,645.13
G5856,1,295.12,295.12
G5747,1,336.28,336.28
G3463,1,328.56,328.56
G3031,1,329.82,329.82
G5729,2,322.5,645.0
G2977,7,131.53,920.73
G3276,2,302.0,604.0
G1708,7,110.16,771.11
G0105,5,107.7,538.52
G1594,6,93.28,559.71
G2969,4,118.38,473.52
G1729,6,130.93,785.56
G2469,6,111.73,670.4
G3116,1,343.66,343.66
G1743,6,115.02,690.1
G3364,2,332.09,664.18
G4388,2,323.82,647.64
G1711,7,108.92,762.42
G0915,5,100.01,500.05
G5786,2,333.47,666.95
G1770,6,122.97,737.8
G3557,1,307.91,307.91
G4537,1,346.46,346.46
G4600,2,335.38,670.77
G1619,5,114.83,574.17
G1769,6,125.29,751.76
G0262,5,115.46,577.3
G5036,3,315.23,945.68
G2632,6,123.65,741.89
G5870,1,336.78,336.78
G3539,1,310.66,310.66
G2623,6,105.6,633.6
G2093,6,101.08,606.48
G0478,6,93.94,563.66
G3268,2,301.11,602.22
G0873,4,104.03,416.11
G0867,6,118.2,709.17
G1857,7,123.71,865.95
G4503,2,341.67,683.33
G2828,5,115.34,576.72
G4305,2,333.58,667.16
G2502,6,120.33,721.99
G3328,2,346.12,692.24
G3015,2,326.79,653.58
G5633,2,366.39,732.79
G4625,3,347.97,1043.92
G1241,5,96.58,482.91
G1235,5,99.37,496.85
G3480,2,345.66,691.32
G0534,4,102.61,410.44
G1767,8,103.17,825.36
G5522,2,286.37,572.74
G2139,4,108.08,432.31
G1127,6,106.19,637.15
G3981,1,323.31,323.31
G3326,1,335.43,335.43
G1137,7,114.44,801.09
G2095,7,113.85,796.94
G0520,6,92.83,556.99
G1980,6,92.8,556.77
G5718,2,318.98,637.95
G4252,1,344.92,344.92
G1759,7,108.35,758.42
G3357,3,339.91,1019.72
G3570,2,324.29,648.58
G0894,7,95.92,671.44
G5223,2,328.86,657.71
G1368,5,115.32,576.62
G4160,1,348.18,348.18
G4727,1,323.47,323.47
G3287,1,336.43,336.43
G5303,1,319.16,319.16
G4454,2,347.8,695.59
G3912,2,344.52,689.04
G3479,1,331.81,331.81
G1095,6,127.35,764.09
G1437,5,126.73,633.67
G5715,2,338.78,677.57
G2990,8,111.06,888.48
G3836,1,345.82,345.82
G5003,1,346.66,346.66
G4391,2,292.63,585.27
G2491,5,110.89,554.45
G1938,6,127.3,763.8
G5760,2,333.64,667.27
G3840,1,311.66,311.66
G0287,5,111.7,558.49
G2109,5,104.26,521.32
G2388,5,99.87,499.37
G1620,7,113.94,797.59
G5630,1,357.1,357.1
G2085,5,124.56,622.81
G4158,1,320.66,320.66
G1470,6,118.87,713.24
G4099,1,324.0,324.0
G0497,4,123.16,492.62
G2741,6,118.38,710.3
G3810,1,326.93,326.93
G5434,2,329.15,658.29
G2124,5,114.3,571.52
G2829,6,116.61,699.64
G0655,8,116.49,931.95
G5119,1,346.39,346.39
G1407,4,113.85,455.39
G5373,2,333.57,667.14
G5222,2,325.96,651.92
G3971,1,316.31,316.31
G2248,4,99.41,397.65
G5993,1,323.91,323.91
G5062,2,320.66,641.32
G3030,1,319.81,319.81
G4450,1,326.61,326.61
G2151,5,137.76,688.79
G5889,1,327.29,327.29
G0860,6,113.05,678.28
G3508,2,340.91,681.82
G1662,5,112.17,560.84
G3999,1,337.44,337.44
G2243,7,122.51,857.56
G4962,2,311.02,622.03
G0667,5,122.31,611.57
G0809,7,121.55,850.85
G3120,1,350.66,350.66
G3946,2,303.27,606.54
G5487,2,294.26,588.52
G4791,2,326.12,652.24
G1191,6,118.96,713.75
G4144,1,317.62,317.62
G1751,3,126.04,378.12
G4242,1,320.31,320.31
G4281,1,335.18,335.18
G3833,1,323.17,323.17
G1110,7,117.32,821.23
G5558,3,299.79,899.38
G4191,2,317.46,634.91
G2893,6,101.01,606.06
G5824,1,348.57,348.57
G5892,2,360.47,720.93
G5934,1,343.6,343.6
G5066,2,325.09,650.19
G0833,4,125.36,501.44
G3467,1,351.5,351.5
G5304,2,297.37,594.73
G3197,1,353.06,353.06
G4679,1,322.05,322.05
G4029,1,304.43,304.43
G3505,2,357.72,715.44
G4498,3,331.31,993.92
G1393,8,118.24,945.95
G2648,4,130.68,522.73
G2323,6,125.84,755.05
G4728,1,307.83,307.83
G5244,2,333.41,666.82
G0159,4,128.29,513.15
G5147,2,319.59,639.19
G4307,2,330.22,660.44
G0427,5,117.53,587.63
G5963,2,311.96,623.92
G0475,7,107.83,754.81
G4456,1,322.64,322.64
G1805,4,112.37,449.49
G4088,1,309.27,309.27
G0396,5,101.14,505.7
G4556,2,307.28,614.56
G3054,2,324.97,649.94
G0546,5,118.13,590.66
G2916,7,106.06,742.45
G1589,5,110.4,552.02
G0075,3,107.67,323.01
G5172,2,335.02,670.03
G2112,5,140.39,701.97
G5768,2,314.42,628.84
G1088,6,115.8,694.79
G4504,2,331.12,662.24
G5118,2,328.87,657.75
G0592,5,121.04,605.21
G4553,1,310.53,310.53
G1667,5,108.58,542.92
G5433,1,297.3,297.3
G5014,1,318.35,318.35
G4226,1,343.87,343.87
G4446,2,332.96,665.92
G4916,2,329.73,659.46
G5557,1,336.34,336.34
G1454,8,117.97,943.73
G0537,5,121.79,608.95
G5040,3,318.86,956.58
G0817,6,111.17,667.03
G0707,4,109.75,439.02
G4069,2,333.24,666.47
G3721,2,325.13,650.26
G4199,3,349.37,1048.12
G2315,6,108.43,650.6
G3013,2,292.19,584.37
G1201,6,117.44,704.62
G3235,1,347.66,347.66
G4347,1,343.32,343.32
G5859,1,324.12,324.12
G5678,2,324.52,649.05
G3082,2,354.09,708.17
G1111,5,126.46,632.3
G1228,5,119.2,595.99
G4983,1,323.91,323.91
G1270,7,124.29,870.06
G5085,1,349.85,349.85
G1886,6,110.26,661.55
G5273,1,319.22,319.22
G1758,6,127.81,766.86
G0917,6,114.13,684.75
G4965,1,334.34,334.34
G5782,2,320.83,641.65
G5182,2,323.26,646.51
G2536,5,140.01,700.05
G3702,1,336.7,336.7
G0714,6,93.67,562.04
G2232,6,120.06,720.37
G3266,2,340.1,680.2
G1050,7,118.93,832.53
G4401,1,329.05,329.05
G3389,2,345.41,690.81
G0703,5,105.84,529.18
G5200,2,329.37,658.73
G5152,1,323.86,323.86
G2415,7,107.91,755.34
G3137,2,327.1,654.21
G3105,1,315.14,315.14
G4298,1,353.62,353.62
G3258,1,313.56,313.56
G0380,5,107.72,538.59
G3704,1,330.1,330.1
G2884,6,100.0,599.97
G2237,6,101.02,606.13
G4947,2,320.33,640.65
G3403,1,306.19,306.19
G3477,2,334.08,668.15
G2768,6,114.2,685.21
G5616,1,330.47,330.47
G1450,6,129.97,779.8
G0492,7,112.87,790.06
G3982,2,322.44,644.89
G2798,4,112.42,449.67
G3582,2,308.86,617.72
G2566,5,121.9,609.5
G1490,7,115.01,805.09
G1513,5,109.11,545.54
G1427,8,118.5,948.03
G4559,1,328.46,328.46
G5903,1,295.96,295.96
G5858,2,345.42,690.84
G2664,5,100.21,501.07
G4234,2,313.44,626.88
G1639,8,94.83,758.61
G2032,5,127.54,637.72
G4093,1,293.13,293.13
G0517,6,107.04,642.27
G3917,1,349.74,349.74
G3793,2,332.7,665.41
G4217,1,343.45,343.45
G3760,2,321.73,643.47
G4724,2,331.07,662.14
G2357,5,98.68,493.4
G1872,5,128.6,643.01
G1792,6,111.0,666.01
G1719,6,122.23,733.37
G1946,5,125.4,627.0
G2902,5,90.0,450.0
G4260,3,329.51,988.52
G2802,8,112.62,900.94
G3265,1,316.0,316.0
G4596,1,337.5,337.5
G2968,5,127.24,636.19
G2620,7,113.46,794.23
G3439,2,342.4,684.81
G4333,3,358.43,1075.3
G3392,1,352.71,352.71
G3162,2,328.47,656.94
G0812,5,119.2,596.01
G3358,1,341.21,341.21
G3857,2,317.13,634.27
G0516,6,119.75,718.53
G0919,5,124.5,622.48
G0424,6,119.18,715.09
G2254,5,100.17,500.85
G1072,6,107.95,647.72
G3157,1,334.69,334.69
G5771,1,301.12,301.12
G4416,1,327.08,327.08
G2644,5,128.59,642.96
G4626,2,325.72,651.43
G5710,1,328.52,328.52
G2832,5,113.8,569.02
G2727,7,92.92,650.42
G0213,6,131.67,790.03
G4899,1,319.84,319.84
G5265,1,334.74,334.74
G5789,2,354.06,708.12
G5195,2,324.81,649.62
G4528,1,315.8,315.8
G2989,4,119.35,477.4
G1104,5,123.86,619.31
G0236,6,116.89,701.37
G5749,1,334.5,334.5
G0289,6,108.72,652.34
G1998,5,146.13,730.65
G4444,2,321.25,642.51
G0880,7,113.04,791.26
G2192,6,114.59,687.52
G2719,5,120.56,602.8
G0658,5,94.14,470.68
G3450,2,341.1,682.2
G5730,1,337.98,337.98
G4732,2,335.05,670.1
G5805,2,331.08,662.17
G5951,2,349.11,698.22
G5939,2,320.38,640.77
G5069,2,352.12,704.23
G0706,6,118.08,708.46
G1352,4,115.47,461.9
G4933,1,312.51,312.51
G3170,2,335.13,670.27
G2616,6,90.0,540.0
G4583,1,322.69,322.69
G2957,6,113.77,682.61
G2501,6,122.03,732.19
G2712,7,104.64,732.47
G1033,6,103.49,620.93
G4341,1,323.24,323.24
G0295,6,102.93,617.58
G2204,4,122.71,490.83
G4237,1,347.42,347.42
G4906,1,304.42,304.42
G0708,7,128.52,899.65
G4098,1,334.58,334.58
G2531,6,127.92,767.52
G1239,6,129.53,777.2
G4001,2,319.82,639.65
G4830,1,321.07,321.07
G1559,7,109.62,767.36
G1367,5,109.74,548.72
G5336,2,315.38,630.77
G2944,5,99.56,497.78
G0106,6,118.61,711.69
G3233,1,331.03,331.03
G2202,5,109.9,549.49
G5994,1,315.8,315.8
G2431,6,108.14,648.84
G2051,6,122.29,733.74
G2446,6,112.78,676.69
G2900,6,125.92,755.51
G1472,5,127.84,639.19
G2642,5,109.4,547.02
G5966,1,330.7,330.7
G1718,6,126.84,761.06
G3909,1,345.93,345.93
G1080,6,111.94,671.66
G5375,1,313.36,313.36
G3481,2,338.76,677.52
G0738,6,113.41,680.44
G4203,2,337.34,674.67
G0303,6,117.17,703.0
G0239,5,116.85,584.24
G3387,1,318.06,318.06
G4381,2,365.24,730.47
G0945,7,110.88,776.14
G2169,5,107.34,536.69
G0800,6,104.84,629.05
G2569,6,117.73,706.39
G2869,6,108.47,650.79
G2930,6,119.03,714.2
G0290,5,112.12,560.6
G4649,1,324.56,324.56
G5617,1,324.76,324.76
G5608,3,333.39,1000.16
G2170,6,103.72,622.32
G1902,5,104.82,524.11
G0124,4,111.42,445.68
G0421,8,108.93,871.41
G5413,1,336.03,336.03
G0770,7,109.47,766.3
G0247,5,119.41,597.07
G4657,2,351.51,703.02
G5587,3,320.91,962.73
G0604,7,115.01,805.05
G0486,4,109.85,439.39
G4299,1,346.3,346.3
G3879,1,313.36,313.36
G3918,3,321.92,965.75
G1669,6,106.44,638.63
G2970,6,109.08,654.47
G4666,2,329.88,659.77
G1433,6,117.27,703.6
G5650,1,344.79,344.79
G1203,6,105.14,630.87
G4370,1,356.47,356.47
G3611,2,331.92,663.84
G3187,2,304.36,608.72
G1626,7,127.62,893.31
G5962,1,330.56,330.56
G1048,4,143.15,572.59
G1637,5,120.23,601.16
G1713,3,119.1,357.29
G4893,1,329.55,329.55
G5395,1,317.48,317.48
G5714,1,334.4,334.4
G0591,6,125.68,754.1
G4865,1,329.25,329.25
G5640,1,339.13,339.13
G2342,6,119.28,715.67
G0984,5,103.77,518.83
G3856,3,338.88,1016.63
G4436,2,332.69,665.38
G1794,6,117.64,705.86
G5298,2,322.95,645.91
G1504,5,119.13,595.65
G2019,6,116.55,699.32
G3783,2,313.35,626.71
G2220,5,103.01,515.05
G3845,3,323.54,970.61
G0032,7,108.42,758.92
G3194,2,335.2,670.4
G3599,1,338.55,338.55
G5688,2,288.0,576.0
G0238,6,102.45,614.7
G4063,1,343.28,343.28
G0244,6,125.59,753.52
G0902,5,113.7,568.5
G5532,1,335.94,335.94
G2317,6,99.9,599.4
G0818,6,113.76,682.58
G2717,6,119.5,717.03
G1654,5,121.23,606.17
G2515,5,126.96,634.78
G0184,6,111.69,670.15
G0677,4,115.73,462.93
G2594,6,118.83,712.96
G4042,1,326.75,326.75
G4749,2,301.58,603.16
G0013,6,102.13,612.77
G2808,5,111.39,556.95
G5606,2,313.83,627.67
G5089,2,285.8,571.59
G3556,1,360.13,360.13
G4836,1,326.47,326.47
G3844,1,311.23,311.23
G3940,1,301.33,301.33
G1100,6,115.72,694.34
G1445,6,95.63,573.79
G1082,5,108.02,540.09
G0987,7,120.53,843.72
G1816,5,112.52,562.61
G5627,1,318.92,318.92
G2553,7,113.27,792.92
G3271,1,352.43,352.43
G1778,5,127.02,635.12
G4576,1,336.5,336.5
G0502,7,108.73,761.09
G1389,6,116.46,698.75
G2404,5,115.91,579.55
G5412,2,299.6,599.2
G2046,7,125.71,879.98
G4288,2,330.14,660.28
G0675,4,114.35,457.41
G3930,1,338.22,338.22
G5418,2,322.33,644.66
G3751,2,322.73,645.46
G5597,1,305.45,305.45
G2165,7,122.95,860.62
G0637,6,111.61,669.65
G0979,4,120.68,482.72
G0343,6,104.74,628.42
G0318,5,105.18,525.88
G5096,3,339.25,1017.75
G0540,5,113.4,566.98
G4428,1,322.47,322.47
G0641,5,110.03,550.15
G0234,5,134.11,670.57
G2138,7,122.29,856.03
G4741,2,344.58,689.16
G0022,5,110.37,551.84
G0954,7,120.71,844.94
G0342,6,112.57,675.44
G1457,6,103.43,620.57
G1149,7,109.85,768.97
G5338,1,319.13,319.13
G2855,7,101.18,708.29
G4502,2,350.01,700.02
G2838,7,129.44,906.11
G3024,1,343.22,343.22
G1651,6,112.51,675.08
G3779,2,342.55,685.11
G5499,1,326.38,326.38
G1278,6,105.33,632.0
G3558,2,341.01,682.02
G2465,6,95.33,571.96
G4582,2,372.02,744.04
G3541,2,334.93,669.86
G2821,5,115.34,576.69
G0367,6,109.74,658.45
G0695,6,123.72,742.33
G2080,5,129.78,648.9
G5605,2,321.84,643.67
G3522,1,359.74,359.74
G5556,2,337.63,675.26
G3928,1,326.48,326.48
G0296,5,104.25,521.23
G0304,6,104.74,628.45
G1334,7,116.99,818.96
G4079,2,335.38,670.77
G3871,2,330.88,661.76
G2974,7,93.46,654.24
G3835,2,362.48,724.97
G0444,5,130.89,654.43
G4314,1,342.16,342.16
G2074,6,99.45,596.68
G4868,2,318.08,636.16
G0862,4,107.11,428.43
G1561,5,104.3,521.49
G5438,2,349.14,698.29
G2334,5,126.93,634.67
G5157,2,323.96,647.91
G1434,5,109.38,546.92
G2604,4,124.7,498.81
G3078,1,312.68,312.68
G4400,2,301.95,603.91
G1736,4,124.58,498.31
G1957,3,113.04,339.13
G1610,5,106.61,533.06
G3759,3,328.1,984.3
G5779,2,324.79,649.57
G2343,6,97.98,587.89
G4026,2,352.17,704.33
G1735,6,117.91,707.46
G2993,6,105.02,630.1
G1695,6,113.09,678.55
G5971,1,333.94,333.94
G5113,1,330.49,330.49
G2809,6,142.03,852.18
G0808,5,95.31,476.57
G0399,5,137.71,688.57
G0391,5,99.23,496.15
G3476,2,330.47,660.95
G0001,6,95.92,575.53
G3874,1,350.86,350.86
G0513,5,132.12,660.6
G3378,2,348.33,696.65
G0131,4,114.11,456.43
G0700,5,112.77,563.86
G1712,5,120.93,604.63
G2576,4,95.43,381.71
G0538,5,106.88,534.38
G3019,1,327.08,327.08
G5594,2,349.44,698.88
G4513,2,328.57,657.15
G0654,4,106.74,426.97
G4221,2,349.74,699.49
G3027,2,323.45,646.9
G3304,2,303.47,606.95
G2384,5,131.85,659.23
G4041,2,331.85,663.71
G5506,1,331.87,331.87
G5675,1,299.08,299.08
G0508,5,114.39,571.95
G0446,6,103.59,621.54
G0891,6,121.93,731.57
G1302,6,101.34,608.06
G2377,5,140.72,703.6
G2603,5,112.86,564.31
G5318,2,336.09,672.18
G2875,5,127.71,638.55
G5823,2,340.84,681.69
G3790,2,320.99,641.97
G1422,7,104.14,728.98
G4788,1,328.79,328.79
G0933,4,123.88,495.5
G0963,6,115.49,692.96
G3645,1,326.75,326.75
G1737,4,107.09,428.36
G0395,7,134.73,943.08
G0231,5,110.82,554.1
G5473,1,312.56,312.56
G5333,2,337.61,675.23
G1054,6,116.95,701.69
G3708,2,344.89,689.78
G5385,2,326.95,653.9
G3904,1,329.38,329.38
G1002,6,114.69,688.13
G0480,7,128.86,902.04
G4750,2,327.6,655.2
G1879,4,108.19,432.74
G4235,1,307.65,307.65
G2372,5,103.74,518.72
G4004,1,331.66,331.66
G3960,2,336.39,672.78
G2908,4,90.0,360.0
G4207,2,352.74,705.48
G2975,6,119.47,716.82
G4364,1,311.36,311.36
G1950,5,119.35,596.73
G2171,6,118.1,708.59
G4988,1,327.32,327.32
G4800,1,348.34,348.34
G1901,6,111.08,666.49
G4655,2,317.24,634.48
G3920,1,331.43,331.43
G2302,5,111.87,559.37
G2176,8,133.01,1064.11
G0883,5,96.56,482.81
G1096,5,104.68,523.4
G2340,5,122.71,613.54
G3432,1,317.55,317.55
G2131,6,119.36,716.16
G3809,1,298.92,298.92
G1756,7,117.95,825.65
G1795,6,113.5,680.99
G2354,4,126.62,506.49
G4309,1,327.68,327.68
G1726,7,90.0,630.0
G5651,1,352.37,352.37
G4955,2,319.94,639.88
G4331,3,318.38,955.13
G5694,1,322.96,322.96
G4592,2,324.44,648.87
G0278,5,116.34,581.71
G5316,2,317.0,634.01
G2068,5,131.08,655.38
G3962,2,318.24,636.47
G0344,5,127.3,636.5
G1216,7,120.58,844.08
G3604,2,324.31,648.61
G1799,7,94.5,661.47
G0029,5,109.9,549.51
G0294,6,118.38,710.28
G0207,6,107.27,643.64
G2172,5,102.26,511.32
G2678,4,128.45,513.81
G5769,2,330.11,660.22
G0300,6,126.37,758.24
G1568,6,102.71,616.25
G3813,1,335.78,335.78
G5075,1,320.17,320.17
G2297,6,115.8,694.77
G3926,1,322.19,322.19
G0414,7,106.68,746.76
G1091,5,104.01,520.07
G2212,6,104.21,625.29
G4094,2,315.29,630.58
G4361,1,331.31,331.31
G2049,5,126.22,631.09
G2761,6,115.29,691.77
G2470,5,116.25,581.24
G3383,1,311.11,311.11
G0674,5,123.2,616.01
G4599,2,334.32,668.64
G2961,5,106.87,534.37
G5266,1,350.49,350.49
G3044,1,302.62,302.62
G1486,6,99.05,594.31
G1611,5,115.68,578.39
G0190,4,133.3,533.18
G5263,1,329.28,329.28
G2108,6,115.46,692.76
G1961,5,111.81,559.06
G1822,6,113.16,678.97
G1181,6,117.78,706.7
G5272,2,322.51,645.02
G0753,5,127.53,637.64
G1343,6,134.48,806.9
G5070,1,336.13,336.13
G3870,1,325.33,325.33
G2806,4,116.37,465.47
G2765,6,116.07,696.43
G4730,2,313.37,626.75
G4296,1,325.93,325.93
G1674,5,104.45,522.24
G3355,1,297.58,297.58
G4905,2,328.76,657.52
G2311,5,112.28,561.38
G0403,6,116.95,701.73
G1890,5,121.36,606.8
G3970,2,319.07,638.15
G0021,7,127.0,889.02
G3514,1,326.26,326.26
G2100,6,115.68,694.08
G0563,6,93.1,558.6
G0097,6,125.42,752.5
G2687,6,127.55,765.31
G1311,5,115.44,577.22
G4113,2,319.93,639.86
G4884,1,333.64,333.64
G1951,4,117.4,469.61
G4833,2,321.58,643.17
G0348,4,130.91,523.62
G0982,6,131.41,788.44
G4374,1,321.52,321.52
G3021,2,332.83,665.66
G3757,2,341.6,683.21
G2090,7,107.86,755.05
G1734,5,119.73,598.67
G3189,1,328.66,328.66
G5790,1,340.19,340.19
G5725,1,351.51,351.51
G1151,5,114.4,571.98
G1046,6,110.85,665.09
G4838,1,319.73,319.73
G0500,4,111.43,445.73
G0995,4,94.35,377.4
G1215,5,115.45,577.27
G4420,1,330.14,330.14
G5067,2,325.53,651.06
G4536,1,311.8,311.8
G2244,4,121.54,486.18
G5294,3,357.51,1072.54
G4911,2,328.88,657.76
G0227,6,106.53,639.19
G3662,1,334.22,334.22
G3132,1,360.2,360.2
G0119,7,125.49,878.41
G4524,2,329.07,658.14
G3301,1,336.32,336.32
G1237,7,129.35,905.46
G3632,2,328.54,657.08
G2187,4,111.31,445.24
G2654,7,126.28,883.98
G0499,5,113.17,565.84
G2596,3,97.57,292.72
G5188,2,338.23,676.45
G2760,6,123.53,741.19
G4424,2,329.8,659.6
G2321,6,117.23,703.4
G4055,2,313.43,626.87
G5456,2,339.14,678.29
G3095,2,348.25,696.49
G5546,3,349.44,1048.33
G5726,1,319.56,319.56
G0944,5,91.1,455.48
G0369,6,119.0,714.03
G4912,2,335.15,670.31
G2394,5,116.49,582.47
G5465,2,379.32,758.63
G1973,6,104.92,629.49
G1374,4,116.35,465.41
G0579,4,106.85,427.38
G3452,2,336.24,672.47
G4825,2,313.27,626.54
G1165,7,110.67,774.71
G3366,3,307.49,922.46
G4060,2,308.41,616.81
G1363,6,117.77,706.6
G2018,3,135.42,406.27
G2518,3,121.27,363.8
G2918,6,96.27,577.59
G2950,4,100.05,400.21
G2463,6,125.9,755.41
G3470,1,328.59,328.59
G2701,6,114.75,688.47
G0799,6,105.07,630.4
G5543,1,334.13,334.13
G4244,1,337.73,337.73
G0573,6,118.21,709.25
G5560,2,313.26,626.52
G3014,2,332.23,664.46
G5302,1,330.53,330.53
G0170,5,110.84,554.2
G4118,1,336.51,336.51
G5713,1,347.11,347.11
G2820,4,112.35,449.39
G3765,1,332.23,332.23
G1320,5,111.63,558.17
G2862,6,127.28,763.68
G0974,5,115.87,579.33
G1443,6,120.52,723.11
G1114,6,99.7,598.17
G0036,4,119.47,477.87
G2509,4,112.73,450.92
G4170,2,322.3,644.61
G3180,2,323.13,646.26
G3579,2,313.77,627.54
G2475,6,113.3,679.81
G1167,7,112.03,784.18
G1990,6,138.92,833.53
G2554,6,121.39,728.32
G5297,3,317.94,953.83
G3504,1,314.63,314.63
G1537,6,117.17,703.0
G1969,5,112.06,560.28
G1656,5,136.55,682.75
G2184,7,118.68,830.73
G5804,2,323.35,646.69
G1625,7,118.56,829.94
G1385,6,108.93,653.55
G5063,1,303.16,303.16
G3799,1,328.27,328.27
G2843,7,100.06,700.45
G0441,6,116.46,698.73
G3418,2,335.76,671.53
G3231,2,329.21,658.42
G2016,5,109.88,549.41
G4197,2,334.09,668.18
G3063,1,336.01,336.01
G4684,2,341.69,683.37
G3108,1,336.72,336.72
G2786,5,120.91,604.56
G0309,6,132.61,795.67
G1975,5,100.28,501.4
G1731,5,103.11,515.55
G3673,2,314.59,629.18
G0383,3,117.13,351.38
G2844,4,93.76,375.04
G1906,6,124.28,745.69
G3902,2,335.55,671.1
G1484,5,120.53,602.67
G2962,5,136.05,680.26
G0663,5,118.73,593.67
G0967,5,118.11,590.56
G5731,1,314.55,314.55
G0561,6,117.33,703.97
G1629,6,125.96,755.76
G2497,5,113.71,568.57
G5670,2,304.75,609.5
G0366,5,134.53,672.66
G0469,5,110.45,552.27
G0503,4,115.45,461.81
G2326,6,114.91,689.45
G5501,3,338.3,1014.91
G1458,6,101.67,610.01
G5652,2,325.49,650.98
G0217,5,98.43,492.17
G5691,2,321.42,642.85
G2773,5,121.98,609.88
G2119,3,99.18,297.53
G2909,5,131.71,658.57
G4254,2,318.47,636.95
G5883,2,325.03,650.06
G4526,1,328.71,328.71
G3115,1,330.21,330.21
G0651,7,119.08,833.56
G1693,6,124.51,747.08
G4074,2,336.89,673.78
G4163,2,334.25,668.49
G1517,7,110.83,775.78
G4703,1,323.68,323.68
G4360,3,331.84,995.51
G1551,5,128.93,644.66
G2840,5,109.09,545.44
G5621,1,325.28,325.28
G5929,1,320.83,320.83
G3987,1,324.43,324.43
G3237,1,338.05,338.05
G3864,2,313.9,627.8
G4554,1,308.07,308.07
G3566,2,331.55,663.1
G0633,5,112.64,563.2
G3295,1,359.3,359.3
G2363,4,115.62,462.48
G5214,1,338.66,338.66
G1588,5,124.19,620.95
G5645,2,337.65,675.3
G4742,1,332.15,332.15
G4891,2,331.24,662.49
G2861,5,127.43,637.17
G0043,5,109.13,545.67
G4847,1,349.05,349.05
G3253,3,323.47,970.42
G3641,1,304.48,304.48
G2256,6,103.66,621.97
G5476,1,351.36,351.36
G4312,1,322.16,322.16
G0091,6,96.82,580.92
G3023,3,314.47,943.4
G0041,6,121.1,726.61
G2190,6,132.31,793.87
G4008,2,318.27,636.55
G5331,1,335.24,335.24
G0912,6,117.19,703.11
G4147,2,312.46,624.92
G0653,5,119.45,597.24
G0972,5,103.98,519.89
G0088,6,127.19,763.14
G4126,1,328.09,328.09
G1081,5,121.34,606.68
G4175,2,320.08,640.17
G2130,6,115.98,695.87
G5814,2,353.52,707.03
G2241,6,113.98,683.88
G0067,5,132.55,662.75
G5308,3,313.05,939.16
G5708,2,339.34,678.67
G0003,6,110.86,665.18
G3906,2,311.13,622.25
G0551,6,109.69,658.11
G1423,5,127.55,637.77
G4850,1,320.54,320.54
G3574,1,288.82,288.82
G3800,2,312.25,624.51
G5908,1,302.89,302.89
G3824,2,323.11,646.22
G1205,6,116.11,696.63
G0113,6,111.99,671.95
G1212,5,109.62,548.1
G5853,1,348.48,348.48
G4574,2,336.18,672.36
G4521,2,323.83,647.66
G3619,1,345.41,345.41
G2459,6,104.64,627.82
G4993,2,321.08,642.16
G0402,5,120.7,603.49
G5834,2,305.94,611.89
G4862,2,309.95,619.89
G4948,2,341.9,683.8
G0443,3,116.41,349.23
G4149,2,304.01,608.03
G0844,6,101.28,607.7
G4572,2,322.17,644.35
G2779,5,115.29,576.46
G2963,5,115.35,576.74
G3583,1,307.01,307.01
G0373,7,129.51,906.56
G0803,6,102.83,616.96
G5879,2,334.49,668.98
G5669,2,328.54,657.07
G2796,5,113.94,569.69
G5502,1,336.3,336.3
G3250,2,304.87,609.73
G1487,4,119.21,476.83
G2267,4,125.92,503.68
G4541,2,309.09,618.19
G0801,6,101.11,606.69
G1694,4,120.27,481.08
G5757,1,331.43,331.43
G5184,2,324.14,648.29
G2179,8,113.75,910.01
G5420,1,342.62,342.62
G2675,4,101.81,407.24
G2434,5,111.55,557.74
G2951,7,116.37,814.56
G5864,1,354.56,354.56
G0737,6,110.42,662.53
G4998,1,347.69,347.69
G0941,4,118.79,475.17
G0284,4,123.76,495.06
G3319,2,323.04,646.08
G2538,6,111.46,668.78
G4818,1,333.03,333.03
G1647,5,101.07,505.36
G2967,6,123.51,741.07
G5462,1,336.56,336.56
G4804,2,330.66,661.32
G5439,1,335.57,335.57
G5967,1,331.17,331.17
G5665,1,331.52,331.52
G1893,5,109.31,546.53
G5706,2,341.25,682.49
G1325,6,107.37,644.25
G4251,2,321.63,643.26
G0889,6,116.43,698.58
G5733,2,344.05,688.09
G0078,5,120.53,602.65
G5233,1,332.89,332.89
G2140,4,108.41,433.64
G4066,1,329.21,329.21
G3890,1,313.21,313.21
G1476,6,120.14,720.84
G1715,5,115.81,579.06
G5052,1,304.91,304.91
G2500,6,130.99,785.97
G2461,6,114.63,687.8
G3882,1,326.36,326.36
G1706,5,113.71,568.57
G0968,7,96.1,672.72
G4943,1,340.32,340.32
G5572,2,326.2,652.41
G1266,4,119.94,479.74
G0581,6,136.25,817.49
G5885,3,330.61,991.82
G3185,1,327.43,327.43
G3401,2,340.73,681.46
G4443,2,328.69,657.39
G4647,1,359.45,359.45
G0288,6,112.88,677.3
G5743,2,328.37,656.74
G5422,2,339.15,678.3
G5574,2,330.33,660.65
G0920,6,114.41,686.44
G5723,2,324.61,649.23
G5444,1,336.41,336.41
G3620,1,320.28,320.28
G1282,5,99.88,499.41
G0142,7,93.73,656.09
G0771,6,125.02,750.11
G1436,6,121.96,731.75
G2395,5,100.89,504.45
G5452,2,317.17,634.33
G4240,1,342.6,342.6
G4706,1,319.4,319.4
G3317,3,325.73,977.18
G1543,7,96.79,677.52
G5101,1,335.56,335.56
G2777,5,119.52,597.6
G4195,2,324.98,649.96
G5464,1,307.35,307.35
G3272,2,349.18,698.35
G3069,2,352.38,704.75
G0505,5,109.98,549.91
G0783,6,104.57,627.45
G2534,5,117.1,585.52
G4826,2,325.83,651.65
G5289,1,318.22,318.22
G5931,1,322.62,322.62
G2562,6,114.74,688.42
G2934,6,91.86,551.16
G4611,2,326.95,653.9
G4764,2,354.01,708.03
G5632,1,325.04,325.04
G3524,2,362.58,725.15
G3260,1,326.23,326.23
G2168,4,113.49,453.98
G4271,1,324.49,324.49
G1659,4,117.46,469.84
G1520,7,106.02,742.15
G2287,6,102.83,616.99
G2004,5,111.7,558.5
G1480,5,125.54,627.69
G3267,2,326.3,652.59
G3588,1,338.71,338.71
G3497,2,348.64,697.28
G4373,1,334.96,334.96
G3648,1,329.57,329.57
G5600,2,328.19,656.39
G0050,4,126.97,507.89
G0459,5,115.19,575.94
G3889,1,333.84,333.84
G0275,5,105.84,529.19
G0200,4,119.37,477.49
G5103,1,315.51,315.51
G1821,5,113.42,567.08
G1180,4,111.57,446.28
G3225,2,307.59,615.17
G2580,7,115.16,806.1
G0382,5,126.91,634.53
G2301,7,112.91,790.39
G5221,1,316.15,316.15
G2077,6,115.41,692.48
G4327,2,332.08,664.16
G0678,7,113.5,794.48
G0034,4,105.18,420.71
G3243,2,329.8,659.59
G4402,2,328.82,657.64
G3548,1,341.19,341.19
G1883,4,106.48,425.9
G3671,2,332.81,665.61
G5607,1,317.93,317.93
G4857,1,334.8,334.8
G4340,2,313.09,626.18
G4212,1,336.04,336.04
G1782,5,117.92,589.58
G4172,1,343.65,343.65
G1908,4,103.47,413.86
G3016,1,315.35,315.35
G5674,2,361.58,723.15
G4496,1,326.09,326.09
G5596,1,343.01,343.01
G0960,6,116.86,701.18
G3399,2,322.01,644.01
G5829,2,317.73,635.46
G0285,8,99.39,795.08
G5570,1,319.86,319.86
G3950,2,349.51,699.02
G2479,4,110.18,440.71
G3789,1,306.53,306.53
G4278,1,335.87,335.87
G5171,1,343.42,343.42
G1717,6,138.88,833.3
G0881,8,118.02,944.14
G3685,2,318.3,636.61
G5897,2,325.03,650.06
G0843,4,124.79,499.16
G2219,8,109.86,878.89
G0060,6,111.04,666.26
G1301,5,110.76,553.82
G5058,1,319.86,319.86
G4484,1,339.18,339.18
G4145,2,333.39,666.79
G1242,5,123.92,619.6
G3834,2,324.69,649.38
G4469,1,348.36,348.36
G5290,1,359.23,359.23
G4062,2,333.58,667.15
G1152,3,126.28,378.83
G1391,6,120.15,720.89
G3665,1,321.12,321.12
G1176,5,119.92,599.58
G5162,2,315.41,630.83
G2483,7,115.83,810.79
G2541,5,131.89,659.46
G1801,7,120.07,840.49
G2981,6,105.02,630.09
G3485,2,307.62,615.24
G3034,1,312.3,312.3
G4470,2,344.24,688.48
G4051,2,303.42,606.84
G1142,7,131.38,919.69
G4634,2,307.07,614.14
G1310,6,110.35,662.13
G5123,2,339.86,679.72
G4120,2,313.16,626.31
G3005,1,327.67,327.67
G0892,6,120.83,724.95
G2667,6,121.94,731.64
G2899,5,115.38,576.88
G4106,1,321.81,321.81
G4913,1,308.45,308.45
G4829,2,321.71,643.42
G1023,5,96.48,482.41
G5219,1,339.63,339.63
G5646,1,340.77,340.77
G0148,4,107.88,431.51
G4247,1,310.01,310.01
G2063,6,111.65,669.89
G4357,2,337.5,674.99
G0928,6,119.62,717.75
G1560,5,121.55,607.77
G3881,2,330.69,661.38
G5794,1,330.28,330.28
G3730,3,335.82,1007.45
G1105,7,114.37,800.62
G5002,1,336.49,336.49
G4499,1,348.71,348.71
G5527,1,334.35,334.35
G1628,7,107.67,753.69
G2683,5,104.93,524.65
G2235,4,118.08,472.31
G4141,1,327.32,327.32
G3913,1,319.23,319.23
G0426,7,125.64,879.48
G3901,2,344.02,688.04
G3948,2,320.79,641.58
G1832,6,103.14,618.82
G3623,2,332.73,665.47
G1491,5,118.95,594.77
G3896,1,318.33,318.33
G3663,2,324.83,649.65
G5356,2,351.34,702.67
G5379,2,338.77,677.55
G1392,5,123.2,616.0
G1853,4,120.31,481.24
G4392,2,348.25,696.5
G1269,5,103.79,518.94
G1793,5,113.85,569.27
G4274,1,344.1,344.1
G1083,5,131.79,658.93
G4981,1,294.86,294.86
G2725,7,110.52,773.64
G5210,2,355.16,710.32
G4405,1,323.68,323.68
G1014,5,116.99,584.93
G0986,4,94.18,376.72
G0053,5,112.11,560.57
G5457,2,358.76,717.52
G0874,5,100.23,501.15
G2890,6,111.49,668.95
G5637,2,329.26,658.52
G2585,7,126.68,886.73
G1529,5,114.47,572.34
G4418,1,333.26,333.26
G1548,6,114.43,686.56
G3729,1,323.06,323.06
G0997,7,94.22,659.55
G1163,4,112.31,449.25
G0385,5,126.06,630.3
G4757,1,327.82,327.82
G0623,7,95.22,666.52
G1924,6,129.14,774.85
G1932,6,93.09,558.52
G2107,5,104.7,523.5
G5538,3,332.81,998.42
G4598,1,343.27,343.27
G2584,7,118.91,832.38
G5341,2,328.83,657.65
G5940,1,354.88,354.88
G1636,5,90.0,450.0
G2215,5,118.6,593.02
G5319,1,328.95,328.95
G2586,5,107.76,538.8
G1102,3,107.21,321.63
G3875,1,334.78,334.78
G1247,6,116.64,699.86
G1817,3,128.2,384.61
G1483,7,106.55,745.84
G0398,7,129.89,909.24
G3831,2,314.72,629.44
G2154,6,109.71,658.25
G5683,1,359.28,359.28
G2347,5,112.25,561.26
G1673,5,119.8,599.01
G4462,1,315.16,315.16
G5211,2,344.93,689.87
G5025,1,331.87,331.87
G0040,6,112.93,677.6
G4380,2,327.8,655.6
G0897,5,128.93,644.67
G0205,4,105.48,421.91
G5497,2,322.87,645.74
G4603,2,317.16,634.33
G3379,2,324.0,648.01
G4677,1,346.54,346.54
G4021,3,353.17,1059.52
G2098,4,103.78,415.13
G3493,2,323.51,647.02
G3348,2,341.25,682.49
G3677,2,314.6,629.21
G5347,1,325.9,325.9
G4680,1,342.07,342.07
G0999,5,131.43,657.17
G0173,5,101.83,509.14
G0083,7,95.33,667.31
G0026,6,111.11,666.69
G1576,5,112.78,563.92
G1819,5,121.28,606.38
G0161,5,108.93,544.67
G1899,6,121.71,730.25
G0406,6,90.0,540.0
G1644,6,128.89,773.34
G3722,2,333.57,667.13
G2695,6,132.11,792.66
G0301,5,118.39,591.93
G3816,2,333.08,666.16
G4629,1,343.96,343.96
G2540,6,124.52,747.15
G1464,5,126.63,633.14
G3136,1,322.03,322.03
G3545,2,351.13,702.26
G5135,1,332.71,332.71
G5122,1,330.82,330.82
G0848,8,110.37,882.96
G5692,2,356.44,712.87
G2411,6,109.73,658.41
G1069,5,103.11,515.54
G4285,2,331.82,663.64
G5292,3,343.89,1031.67
G0115,5,118.89,594.45
G4022,1,339.06,339.06
G1063,7,105.49,738.44
G2245,7,124.72,873.04
G4223,1,299.08,299.08
G1803,5,101.05,505.23
G3519,1,326.99,326.99
G3101,1,324.88,324.88
G0539,7,114.51,801.57
G1169,6,124.86,749.18
G2937,5,127.27,636.35
G3004,1,300.86,300.86
G3612,2,339.54,679.07
G3008,1,344.7,344.7
G3117,2,354.19,708.39
G1344,7,125.25,876.76
G1653,6,115.46,692.73
G1337,5,98.39,491.95
G3471,2,336.19,672.37
G5400,1,326.84,326.84
G2702,7,112.83,789.8
G1762,6,121.69,730.13
G1324,6,104.23,625.4
G4132,1,314.46,314.46
G3277,2,323.63,647.26
G2222,5,115.13,575.67
G3178,1,322.0,322.0
G0472,3,114.19,342.57
G1966,6,112.64,675.86
G0797,5,113.36,566.78
G3213,1,348.2,348.2
G0877,5,124.5,622.5
G5388,2,341.36,682.72
G2919,6,121.46,728.75
G0869,6,116.4,698.39
G5041,1,322.41,322.41
G2927,5,121.72,608.62
G0541,6,118.31,709.85
G0858,6,120.91,725.48
G1915,4,102.28,409.12
G3798,2,335.63,671.26
G4124,1,305.89,305.89
G3322,1,323.91,323.91
G4798,1,322.76,322.76
G5884,1,331.21,331.21
G3236,2,310.31,620.63
G2277,6,100.3,601.77
G5721,1,326.79,326.79
G2345,3,111.71,335.12
G4751,2,334.88,669.76
G5720,1,356.16,356.16
G2878,5,118.81,594.04
G3500,1,354.98,354.98
G1041,7,117.05,819.33
G5110,2,309.91,619.81
G3428,2,320.81,641.63
G0866,5,107.72,538.58
G0759,5,117.77,588.87
G0068,7,115.18,806.29
G5945,1,360.27,360.27
G5410,1,352.95,352.95
G3460,2,326.98,653.96
G2516,6,99.81,598.86
G1999,5,123.08,615.4
G0066,7,118.22,827.51
G4901,1,316.1,316.1
G4589,2,335.98,671.96
G0109,6,119.51,717.04
G2341,6,104.46,626.77
G4152,2,317.18,634.36
G4640,1,329.58,329.58
G0243,6,98.31,589.88
G5624,2,315.43,630.86
G3320,1,313.53,313.53
G1442,7,117.23,820.62
G0937,4,127.5,509.98
G4219,1,347.81,347.81
G1627,5,108.33,541.64
G5394,1,294.17,294.17
G4714,2,301.15,602.3
G1521,7,110.12,770.86
G0007,7,119.86,839.02
G1962,6,104.7,628.21
G0286,4,130.03,520.14
G3562,2,317.95,635.9
G4267,2,323.6,647.2
G4870,2,338.93,677.85
G2980,6,119.86,719.18
G0728,6,125.7,754.19
G1280,5,118.64,593.2
G2873,3,118.6,355.81
G4823,1,306.4,306.4
G5163,2,300.86,601.72
G4377,2,344.41,688.82
G3693,1,367.96,367.96
G5654,1,355.18,355.18
G5231,2,334.54,669.09
G3780,1,335.53,335.53
G3993,2,339.93,679.87
G0035,6,115.59,693.54
G5239,2,332.45,664.9
G4107,1,338.44,338.44
G5084,2,323.55,647.1
G3973,3,342.68,1028.04
G4902,1,322.0,322.0
G1090,5,111.13,555.63
G1531,6,116.68,700.08
G2564,6,122.47,734.82
G0693,4,127.18,508.73
G5488,1,313.48,313.48
G3299,1,331.95,331.95
G4342,2,299.97,599.95
G2817,6,106.85,641.11
G1034,6,90.0,540.0
G3247,2,335.75,671.5
G0994,5,122.51,612.55
G3390,2,342.13,684.25
G4224,3,336.46,1009.37
G4067,1,325.85,325.85
G2158,5,144.18,720.91
G0329,6,104.08,624.47
G0611,6,115.34,692.04
G2938,5,99.19,495.97
G1963,6,113.77,682.6
G1771,6,115.15,690.91
G2209,5,104.74,523.71
G4385,1,324.97,324.97
G4201,2,334.38,668.75
G2508,7,90.0,630.0
G4297,1,294.66,294.66
G1021,6,136.7,820.2
G5810,2,343.04,686.09
G0533,5,113.97,569.83
G0578,6,108.62,651.7
G5384,2,308.69,617.37
G4417,2,349.09,698.17
G4328,2,337.47,674.94
G1314,6,118.83,713.01
G5191,2,327.59,655.19
G3655,1,336.3,336.3
G4587,1,342.39,342.39
G4483,1,309.93,309.93
G5296,2,311.55,623.1
G5149,2,310.84,621.68
G4344,1,315.48,315.48
G3381,3,329.97,989.9
G4407,1,331.81,331.81
G4205,1,329.99,329.99
G3376,2,314.61,629.23
G4834,1,326.24,326.24
G2218,5,109.93,549.65
G2471,7,130.15,911.08
G3442,1,326.23,326.23
G1882,7,128.74,901.17
G3494,2,335.89,671.77
G3916,1,334.35,334.35
G5181,1,279.37,279.37
G1184,4,109.15,436.6
G5689,3,325.43,976.3
G4250,1,330.09,330.09
G5925,1,322.55,322.55
G5215,1,337.6,337.6
G0242,5,143.68,718.42
G1727,5,117.11,585.53
G4976,2,333.72,667.45
G1348,6,99.18,595.07
G3568,1,337.75,337.75
G1835,5,95.89,479.43
G0204,7,127.79,894.52
G3957,2,335.88,671.76
G0264,4,126.73,506.91
G0146,6,119.7,718.2
G4667,1,342.78,342.78
G2050,6,113.13,678.8
G2865,6,109.33,656.0
G4264,2,327.65,655.31
G1186,6,118.59,711.57
G3617,2,345.23,690.46
G3696,1,318.05,318.05
G4179,1,352.63,352.63
G1284,6,124.73,748.39
G0151,6,123.42,740.52
G2460,6,112.97,677.79
G5108,2,321.85,643.7
G4623,1,336.86,336.86
G4622,1,336.72,336.72
G0413,4,134.92,539.66
G3656,3,349.57,1048.72
G1691,6,114.17,685.04
G3526,2,317.71,635.42
G4716,2,307.22,614.45
G5602,1,337.29,337.29
G3739,3,343.85,1031.54
G5980,1,363.55,363.55
G5068,2,336.8,673.6
G5257,2,289.06,578.12
G5772,2,340.91,681.81
G0158,6,116.09,696.56
G5898,2,334.19,668.38
G1791,4,112.34,449.38
G4812,1,333.39,333.39
G5544,1,343.71,343.71
G3367,1,325.15,325.15
G4409,1,347.32,347.32
G1757,5,100.03,500.14
G5077,1,321.71,321.71
G1373,4,104.08,416.32
G4295,2,331.55,663.09
G2763,6,105.19,631.12
G4637,1,318.1,318.1
G1510,7,114.3,800.13
G4807,2,321.37,642.74
G4321,2,333.78,667.56
G4087,2,315.47,630.95
G4797,1,301.44,301.44
G4711,2,347.62,695.24
G4304,2,315.52,631.04
G2713,6,123.57,741.4
G2665,6,110.12,660.74
G4869,1,319.33,319.33
G4968,1,314.61,314.61
G3893,1,324.55,324.55
G4561,1,323.42,323.42
G4112,2,357.96,715.93
G2682,5,111.58,557.91
G5831,1,321.74,321.74
G4441,3,325.23,975.68
G5238,1,330.59,330.59
G1916,5,117.11,585.57
G3699,1,348.05,348.05
G5352,1,338.08,338.08
G1665,7,122.18,855.29
G0464,6,125.24,751.41
G4301,1,358.61,358.61
G1024,8,122.84,982.69
G1846,4,120.31,481.24
G0524,6,131.29,787.75
G4601,1,347.83,347.83
G5246,1,328.81,328.81
G5218,1,328.09,328.09
G5798,2,318.6,637.19
G1238,5,111.53,557.63
G0291,5,129.19,645.93
G1261,6,124.98,749.86
G2526,6,108.88,653.3
G4135,1,314.22,314.22
G1604,5,128.12,640.58
G0718,6,138.08,828.47
G5930,2,317.51,635.03
G5542,1,346.66,346.66
G3200,1,323.13,323.13
G1174,5,105.34,526.69
G0166,6,97.48,584.89
G3498,2,340.91,681.82
G4952,2,345.39,690.78
G1920,5,127.93,639.64
G5362,2,321.16,642.32
G5588,1,315.86,315.86
G5229,1,326.08,326.08
G4593,1,328.78,328.78
G4700,2,298.74,597.47
G2834,5,123.21,616.03
G4863,1,329.81,329.81
G2114,4,100.96,403.83
G5825,2,313.23,626.45
G2385,6,123.42,740.54
G5995,1,336.77,336.77
G3846,2,326.42,652.84
G4010,2,342.28,684.56
G2444,6,109.59,657.54
G1317,4,103.73,414.9
G4614,1,319.8,319.8
G5519,1,342.66,342.66
G5525,1,317.7,317.7
G5305,2,315.11,630.21
G3956,1,340.46,340.46
G1345,6,108.46,650.77
G1134,6,127.72,766.31
G5516,2,353.0,705.99
G4710,1,321.68,321.68
G2940,5,137.31,686.57
G0404,6,114.01,684.07
G2276,4,122.83,491.33
G4255,2,330.74,661.47
G3039,2,341.61,683.22
G5013,1,328.0,328.0
G0438,4,102.24,408.95
G0824,5,116.83,584.13
G4573,1,311.87,311.87
G2024,4,99.01,396.02
G5649,2,333.12,666.24
G1730,7,115.19,806.35
G1854,6,116.49,698.93
G1982,4,123.87,495.48
G0723,4,98.62,394.48
G1855,7,126.82,887.71
G0315,7,111.39,779.7
G3404,2,326.89,653.78
G3933,2,339.85,679.71
G0168,7,116.58,816.06
G2488,5,119.28,596.42
G2755,5,113.04,565.21
G5354,2,350.55,701.09
G0828,5,119.88,599.38
G1645,4,121.37,485.49
G1060,5,112.63,563.15
G2339,6,111.53,669.17
G5268,1,342.13,342.13
G5461,1,338.83,338.83
G3122,2,308.67,617.33
G1845,6,126.66,759.98
G3489,2,322.8,645.59
G4081,2,357.73,715.46
G5894,1,325.82,325.82
G4171,1,356.55,356.55
G0568,4,125.74,502.97
G0248,5,107.67,538.34
G5125,1,345.91,345.91
G3113,2,345.93,691.87
G2633,6,116.51,699.08
G0353,6,119.28,715.7
G5186,1,314.38,314.38
G0488,4,121.65,486.6
G2527,6,126.19,757.12
G1375,7,124.94,874.61
G1396,6,101.42,608.55
G0319,6,126.22,757.31
G4989,2,339.37,678.74
G1970,7,129.53,906.69
G2284,5,121.0,604.98
G3151,3,339.88,1019.64
G0450,4,110.86,443.46
G2319,5,113.06,565.31
G3805,1,342.34,342.34
G5228,3,352.53,1057.58
G5756,2,348.53,697.06
G4354,2,317.09,634.19
G1814,6,106.96,641.76
G5169,1,328.38,328.38
G1508,6,117.66,705.94
G1115,6,131.3,787.78
G4861,3,327.76,983.27
G5604,2,331.52,663.05
G4071,2,323.39,646.77
G5313,2,317.27,634.53
G3067,1,316.55,316.55
G1355,5,119.04,595.21
G2624,7,119.77,838.37
G0451,5,110.22,551.12
G2542,4,131.7,526.8
G2456,7,128.99,902.96
G1663,3,109.34,328.03
G5592,1,312.57,312.57
G3726,2,325.51,651.01
G4390,2,338.69,677.37
G2904,6,125.6,753.61
G0010,6,110.29,661.73
G5907,2,338.15,676.3
G5844,1,322.1,322.1
G3843,3,321.79,965.38
G2598,6,112.23,673.4
G5267,2,334.21,668.43
G4708,1,316.59,316.59
G0762,6,114.89,689.33
G2238,5,127.03,635.13
G5326,2,343.7,687.41
G2932,5,107.04,535.2
G3435,2,353.14,706.28
G5166,3,332.83,998.48
G4604,1,312.21,312.21
G0900,5,118.8,593.98
G3259,1,371.53,371.53
G4794,1,336.62,336.62
G5535,2,344.57,689.14
G4544,2,287.84,575.68
G5838,1,335.15,335.15
G0898,6,122.11,732.63
G1256,4,125.35,501.42
G5661,3,316.77,950.32
G5781,1,328.8,328.8
G4090,2,352.59,705.18
G5309,1,322.64,322.64
G0507,5,118.23,591.15
G5514,2,309.08,618.16
G5579,1,348.24,348.24
G3542,1,321.39,321.39
G1372,7,109.54,766.78
G4752,2,346.49,692.99
G2720,6,95.95,575.7
G0962,7,133.9,937.33
G0281,6,106.38,638.3
G1004,5,119.73,598.63
G0267,7,106.22,743.52
G2600,5,119.59,597.95
G0980,6,104.5,627.02
G4682,1,331.43,331.43
G1415,5,117.0,585.02
G0229,5,122.79,613.97
G0625,7,133.98,937.84
G3293,2,306.5,612.99
G5432,1,335.22,335.22
G1077,4,111.37,445.48
G5463,2,321.34,642.68
G0510,5,109.66,548.32
G1710,5,114.61,573.06
G4169,2,314.53,629.07
G5842,2,315.37,630.73
G4011,2,343.83,687.66
G1087,7,123.6,865.17
G0297,6,131.76,790.58
G4028,1,326.17,326.17
G2125,6,121.89,731.35
G2521,6,107.54,645.24
G3915,2,339.82,679.63
G5269,1,346.42,346.42
G2987,5,107.03,535.14
G3145,2,323.56,647.13
G3776,2,353.81,707.62
G1557,6,104.94,629.66
G3369,1,344.63,344.63
G2428,5,114.8,574.0
G0349,5,121.79,608.95
G3883,1,312.01,312.01
G5755,1,321.01,321.01
G4156,1,345.84,345.84
G5754,1,326.07,326.07
G1547,5,114.0,569.98
G0739,7,111.29,779.06
G2784,4,135.98,543.93
G1145,5,99.81,499.05
G5226,1,288.49,288.49
G1387,7,108.14,756.96
G4318,2,304.97,609.94
G1057,5,129.62,648.11
G5611,1,339.95,339.95
G1312,6,97.54,585.26
G3433,1,325.77,325.77
G1254,6,104.08,624.5
G3595,1,331.55,331.55
G5612,2,369.04,738.07
G0701,5,125.65,628.26
G5376,1,304.78,304.78
G3873,1,325.2,325.2
G2200,6,124.26,745.54
G5816,2,340.56,681.12
G0280,5,120.54,602.7
G4999,2,341.87,683.73
G2083,4,115.84,463.38
G0033,5,119.54,597.68
G1431,6,97.19,583.13
G4815,2,323.1,646.21
G3118,1,340.94,340.94
G3818,1,330.03,330.03
G3426,2,330.35,660.69
G1179,5,133.13,665.67
G2762,5,120.17,600.83
G0602,5,107.81,539.04
G4771,2,348.56,697.12
G4230,2,317.71,635.42
G4726,1,319.37,319.37
G1984,6,113.53,681.17
G4581,2,313.67,627.34
G0410,6,135.47,812.81
G4864,1,325.08,325.08
G3368,1,350.03,350.03
G2805,5,126.77,633.86
G2477,5,113.17,565.83
G3188,2,335.88,671.75
G3025,1,330.71,330.71
G4155,1,331.16,331.16
G2214,5,118.99,594.97
G1349,4,105.6,422.38
G5877,1,327.08,327.08
G1440,6,120.0,720.01
G4566,1,308.38,308.38
G3586,2,306.38,612.77
G3529,2,332.63,665.27
G5353,2,353.31,706.63
G5783,2,302.46,604.92
G5819,2,331.81,663.62
G3065,2,336.85,673.69
G3223,1,344.08,344.08
G2067,3,115.31,345.94
G3017,3,304.49,913.47
G0381,5,136.65,683.25
G1386,6,110.96,665.74
G3395,1,332.55,332.55
G3592,1,325.32,325.32
G2403,5,120.34,601.72
G2478,7,114.8,803.61
G1823,5,106.54,532.72
G0489,7,105.75,740.28
G1683,5,129.71,648.55
G5083,1,338.1,338.1
G1905,5,121.45,607.23
G0793,6,117.57,705.43
G0547,6,121.87,731.22
G2153,6,120.18,721.09
G1231,5,99.29,496.46
G3155,2,325.57,651.15
G0331,5,124.14,620.69
G0608,4,125.82,503.28
G3092,2,324.79,649.57
G5203,1,320.03,320.03
G1172,6,113.39,680.36
G2686,6,100.06,600.36
G1293,5,100.16,500.8
G1861,5,110.24,551.21
G4921,2,354.38,708.76
G0789,5,116.81,584.05
G3728,1,309.37,309.37
G2038,5,108.13,540.66
G3877,2,358.44,716.88
G3509,1,323.94,323.94
G1453,6,126.5,758.98
G1587,6,125.22,751.29
G5206,1,329.3,329.3
G5636,1,332.7,332.7
G5826,1,342.33,342.33
G4744,2,324.12,648.23
G4103,2,298.46,596.92
G5734,1,327.11,327.11
G3173,1,339.47,339.47
G1185,5,110.21,551.06
G1650,8,112.71,901.65
G0216,6,132.82,796.91
G2625,6,132.16,792.95
G4154,2,308.88,617.75
G5801,1,329.99,329.99
G2955,5,120.31,601.54
G0938,6,101.67,610.03
G3974,2,339.06,678.11
G5016,2,331.15,662.3
G5342,1,322.27,322.27
G5833,1,336.5,336.5
G3754,2,335.05,670.1
G4722,2,300.32,600.65
G3847,2,334.03,668.05
G2472,8,118.82,950.54
G1144,6,118.12,708.7
G2286,6,119.16,714.95
G3026,2,340.42,680.84
G0232,6,94.74,568.45
G5835,2,308.34,616.68
G1765,5,105.06,525.28
G5199,3,337.26,1011.77
G2366,7,100.03,700.18
G3427,1,315.33,315.33
G2757,6,120.7,724.23
G0838,5,118.8,593.99
G5450,2,304.9,609.81
G0473,4,115.52,462.09
G3190,2,354.15,708.31
G4745,2,355.17,710.35
G0076,6,133.18,799.08
G0005,5,120.57,602.83
G3823,1,317.9,317.9
G4320,1,360.91,360.91
G1109,5,113.0,564.98
G2210,5,115.62,578.12
G5989,2,368.19,736.38
G5494,1,349.47,349.47
G2570,5,105.02,525.09
G0716,7,113.42,793.93
G0749,5,129.29,646.44
G2724,7,108.96,762.73
G5631,1,352.41,352.41
G1760,7,122.22,855.53
G1583,4,114.94,459.76
G1842,4,115.76,463.03
G2228,5,119.16,595.79
G3459,1,345.68,345.68
G5134,3,347.44,1042.32
G2360,6,112.25,673.51
G3979,2,314.81,629.62
G2072,7,112.8,789.62
G1188,5,107.84,539.2
G0477,6,124.78,748.67
G0756,8,95.31,762.49
G5997,2,328.91,657.82
G0600,6,112.73,676.35
G2822,6,117.69,706.12
G0260,6,129.36,776.18
G2059,6,113.61,681.69
G4534,1,342.23,342.23
G5932,2,362.66,725.32
G5613,2,337.16,674.33
G5421,2,332.76,665.53
G2903,5,113.48,567.4
G5133,2,335.44,670.88
G4187,1,310.84,310.84
G0057,5,109.44,547.22
G3344,1,336.67,336.67
G5249,4,348.56,1394.24
G2709,5,107.27,536.33
G1931,4,125.97,503.86
G3679,1,334.26,334.26
G3453,1,320.61,320.61
G1148,4,114.05,456.21
G0347,4,112.16,448.62
G4457,1,322.02,322.02
G3202,1,322.86,322.86
G1925,8,119.47,955.79
G3952,2,333.41,666.82
G5160,1,357.09,357.09
G0337,5,101.34,506.71
G4508,1,301.76,301.76
G0819,6,111.02,666.14
G2145,5,124.08,620.4
G2263,7,117.72,824.07
G5914,2,319.24,638.47
G5998,2,342.57,685.14
G1388,7,100.67,704.71
G5139,1,321.93,321.93
G1987,6,112.79,676.74
G4782,2,305.53,611.07
G0964,6,122.69,736.13
G5049,1,327.2,327.2
G0493,6,119.96,719.77
G1903,7,104.73,733.08
G5812,2,311.23,622.46
G5460,2,324.27,648.55
G1797,5,119.86,599.31
G0846,6,123.28,739.69
G2097,6,123.89,743.35
G3616,1,336.1,336.1
G4397,2,322.95,645.89
G2837,7,95.95,671.67
G2942,5,122.71,613.57
G5837,1,329.67,329.67
G4475,1,335.44,335.44
G4393,1,346.34,346.34
G2410,4,126.19,504.74
G3707,1,353.37,353.37
G3222,1,327.17,327.17
G4303,1,358.31,358.31
G2223,6,112.75,676.51
G3051,2,336.33,672.67
G0816,4,97.07,388.28
G2299,6,121.96,731.78
G3711,2,314.3,628.59
G1347,3,114.53,343.58
G2552,4,119.07,476.26
G3037,2,330.5,660.99
G0822,7,117.69,823.85
G5598,2,367.85,735.7
G0661,5,111.4,557.0
G2118,5,109.11,545.53
G3226,1,332.71,332.71
G1614,5,109.88,549.38
G1790,7,113.3,793.08
G5635,1,344.66,344.66
G2681,6,105.49,632.93
G2452,5,116.11,580.54
G4249,1,341.99,341.99
G1839,5,128.51,642.54
G2877,5,98.82,494.11
G3924,1,345.7,345.7
G3638,1,352.45,352.45
G2831,4,112.64,450.54
G1333,5,122.55,612.74
G0595,7,127.59,893.15
G4987,2,354.98,709.96
G4525,1,333.43,333.43
G0129,6,115.73,694.36
G1147,4,118.88,475.54
G4176,2,326.99,653.98
G2736,5,112.19,560.94
G1401,4,119.87,479.49
G0518,5,119.24,596.22
G2392,5,116.62,583.08
G2449,5,118.2,591.0
G1780,5,90.0,450.0
G2351,7,121.14,847.96
G5880,1,320.65,320.65
G3814,1,346.81,346.81
G5010,2,328.82,657.64
G1061,6,122.5,734.99
G5788,1,346.67,346.67
G1119,6,110.45,662.71
G4415,3,330.05,990.16
G3216,1,348.03,348.03
G2651,5,113.24,566.19
G2316,6,112.4,674.38
G3777,2,336.0,672.0
G2530,4,113.9,455.6
G2532,5,107.51,537.54
G2454,5,103.92,519.59
G0735,7,122.93,860.52
G1851,5,90.0,450.0
G0145,6,119.32,715.94
G5972,2,308.25,616.5
G4717,1,330.69,330.69
G5875,2,324.65,649.31
G2905,4,106.06,424.25
G2634,6,117.98,707.91
G2565,5,115.31,576.57
G0748,5,116.78,583.92
G3610,2,337.49,674.97
G2480,6,125.99,755.94
G0839,6,105.32,631.92
G1462,4,133.49,533.97
G4294,1,327.39,327.39
G0841,5,108.86,544.28
G4670,1,320.99,320.99
G2539,4,102.68,410.7
G2030,5,115.15,575.73
G1702,6,100.55,603.29
G0690,6,113.48,680.9
G3091,2,340.46,680.92
G2851,5,117.43,587.16
G1972,3,114.19,342.57
G1236,7,103.21,722.44
G2631,6,107.6,645.57
G2230,7,124.58,872.06
G1416,6,121.09,726.53
G4903,2,307.28,614.57
G4268,2,328.13,656.26
G2455,6,124.76,748.56
G3590,2,341.98,683.96
G4204,1,330.83,330.83
G1935,8,110.4,883.22
G0474,7,104.39,730.76
G1697,4,120.1,480.41
G2891,6,112.72,676.34
G4263,2,338.87,677.73
G1581,6,117.09,702.57
G2337,6,109.87,659.25
G3686,2,344.88,689.76
G5034,2,344.86,689.72
G1511,4,103.13,412.52
G3781,2,323.13,646.27
G2771,5,133.88,669.42
G2213,6,113.25,679.48
G3362,2,351.21,702.41
G2943,6,115.01,690.07
G4356,2,368.59,737.18
G2774,4,106.64,426.56
G2288,5,128.63,643.17
G3746,1,339.76,339.76
G0322,6,105.96,635.76
G5175,1,339.92,339.92
G3603,2,332.85,665.71
G0645,5,106.89,534.45
G3737,2,336.28,672.56
G4186,2,373.71,747.42
G4131,1,334.87,334.87
G1140,6,115.04,690.25
G2510,4,113.58,454.33
G1146,6,90.0,540.0
G4806,1,320.09,320.09
G0195,6,99.65,597.9
G3050,1,343.45,343.45
G5447,2,324.17,648.34
G0647,3,117.59,352.76
G5102,1,315.13,315.13
G1965,6,108.44,650.66
G3400,1,339.6,339.6
G0431,4,119.67,478.66
G5965,2,317.62,635.25
G0456,5,135.53,677.65
G5230,2,330.14,660.28
G0757,6,116.03,696.21
G1159,6,108.5,651.01
G4395,2,340.76,681.52
G3705,1,338.14,338.14
G5322,1,340.36,340.36
G3752,1,332.15,332.15
G2060,6,110.76,664.57
G3475,1,298.1,298.1
G0927,5,124.6,623.02
G2225,5,144.36,721.78
G4881,1,317.24,317.24
G2698,4,107.55,430.19
G4177,2,328.83,657.66
G1748,6,104.14,624.83
G3038,1,350.2,350.2
G0959,6,126.17,757.01
G0494,5,109.65,548.23
G1053,6,119.6,717.62
G3483,1,308.87,308.87
G3269,2,356.81,713.62
G4365,2,315.83,631.65
G1244,4,121.99,487.95
G0936,5,118.88,594.42
G0253,8,121.39,971.09
G4532,2,322.1,644.21
G0884,7,106.1,742.68
G0308,5,118.62,593.08
G1364,5,126.95,634.77
G3444,2,331.19,662.39
G3876,1,329.69,329.69
G4907,2,317.48,634.96
G4663,1,344.24,344.24
G4459,1,323.55,323.55
G3309,1,333.3,333.3
G0698,4,118.33,473.3
G5377,1,329.87,329.87
G5143,1,310.12,310.12
G0542,4,129.51,518.04
G3386,2,335.5,671.0
G2544,5,113.02,565.12
G4308,2,335.79,671.58
G5150,1,343.66,343.66
G5179,2,324.57,649.15
G1777,5,114.76,573.79
G5603,3,313.4,940.21
G0896,6,125.02,750.1
G1940,6,101.0,606.0
G4277,1,331.78,331.78
G0717,6,147.43,884.59
G1809,4,129.27,517.09
G4206,2,347.95,695.9
G0719,5,113.19,565.93
G5414,2,333.73,667.46
G0321,6,116.96,701.77
G3125,2,339.08,678.17
G1815,5,118.07,590.37
G2408,6,126.5,759.02
G4828,1,334.21,334.21
G5381,2,337.18,674.37
G0338,5,113.51,567.55
G0876,7,126.92,888.43
G0422,7,114.23,799.59
G3221,2,334.3,668.59
G4316,2,343.73,687.46
G3938,1,342.87,342.87
G3290,1,343.38,343.38
G4856,1,318.46,318.46
G5279,1,336.39,336.39
G1435,5,109.47,547.35
G2567,5,125.88,629.39
G3070,1,340.87,340.87
G2684,6,115.48,692.87
G4866,1,352.08,352.08
G2092,6,107.94,647.65
G4337,1,317.67,317.67
G2814,5,106.58,532.91
G5924,1,320.82,320.82
G3106,2,324.85,649.7
G1830,6,104.49,626.96
G2579,6,101.52,609.11
G5073,1,313.27,313.27
G3859,1,338.34,338.34
G3123,1,340.22,340.22
G5518,2,341.78,683.55
G5784,1,323.38,323.38
G2753,5,128.91,644.55
G4057,1,326.66,326.66
G0437,7,120.74,845.16
G3457,1,341.72,341.72
G0969,5,135.15,675.76
G5973,1,315.51,315.51
G2106,7,117.02,819.12
G3695,2,326.54,653.08
G3892,4,343.74,1374.95
G4049,1,336.86,336.86
G2156,5,114.89,574.46
G5590,1,315.48,315.48
G4853,2,326.93,653.86
G4025,2,341.48,682.96
G0039,4,105.37,421.49
G4387,1,311.56,311.56
G1738,4,115.34,461.36
G5647,1,347.2,347.2
G4859,1,344.92,344.92
G2432,4,108.83,435.31
G4411,2,330.04,660.09
G1840,5,108.46,542.32
G1812,6,95.86,575.16
G3084,2,334.53,669.07
G4613,1,350.75,350.75
G3461,1,335.72,335.72
G2115,6,113.66,681.95
G0255,4,118.68,474.7
G0593,6,138.04,828.22
G5912,1,310.28,310.28
G3898,1,325.95,325.95
G0835,5,105.3,526.49
G0872,5,116.58,582.89
G1753,5,112.64,563.2
G5154,1,292.84,292.84
G4110,2,349.7,699.4
G1933,5,130.34,651.72
G1036,7,124.57,871.97
G0831,4,112.97,451.9
G1593,6,120.46,722.75
G5936,1,333.92,333.92
G1017,5,110.19,550.96
G5740,1,332.02,332.02
G0018,6,90.0,540.0
G1617,6,126.46,758.76
G0025,5,96.3,481.51
G0951,5,120.15,600.76
G2150,4,118.26,473.02
G5866,2,313.06,626.13
G0662,5,107.72,538.6
G3149,1,322.26,322.26
G2064,5,101.59,507.95
G2436,5,108.87,544.35
G2593,5,107.46,537.31
G0743,5,118.22,591.08
G2309,6,107.41,644.46
G4801,1,321.48,321.48
G2010,6,113.58,681.51
G5201,1,343.6,343.6
G3333,1,321.38,321.38
G0785,6,119.64,717.86
G5664,2,320.57,641.15
G4064,2,356.73,713.45
G3682,2,309.23,618.46
G2009,6,107.66,645.95
G5055,1,342.4,342.4
G2183,5,112.99,564.97
G1648,6,114.65,687.93
G5471,1,349.3,349.3
G5155,2,314.42,628.84
G1837,4,110.32,441.26
G5314,1,310.37,310.37
G2261,6,127.53,765.15
G2025,2,137.77,275.54
G2147,4,113.76,455.03
G1786,4,111.94,447.78
G1224,6,126.79,760.71
G0079,6,117.34,704.04
G2270,5,122.24,611.21
G3884,1,336.72,336.72
G1802,5,114.43,572.13
G3171,1,313.52,313.52
G3096,2,332.33,664.67
G3445,2,351.51,703.03
G5911,1,333.81,333.81
G3584,1,334.04,334.04
G2035,7,122.16,855.1
G4077,2,320.15,640.29
G0481,5,111.98,559.89
G0393,4,114.26,457.04
G0132,6,114.62,687.75
G1304,5,122.03,610.17
G2643,5,90.0,450.0
G4531,2,353.11,706.22
G1911,7,109.82,768.72
G3774,1,326.81,326.81
G2735,7,109.26,764.81
G3841,1,313.4,313.4
G3725,1,318.74,318.74
G5668,1,321.92,321.92
G2547,4,135.36,541.43
G3001,1,341.48,341.48
G3283,2,317.35,634.7
G3850,1,340.28,340.28
G4363,2,333.68,667.36
G4280,2,347.84,695.69
G4188,3,313.75,941.26
G0465,5,116.75,583.76
G2196,5,110.71,553.57
G4638,1,312.14,312.14
G5477,2,347.57,695.13
G1704,7,120.78,845.46
G2197,6,125.29,751.77
G1818,5,106.26,531.28
G1291,6,120.09,720.52
G4133,2,317.17,634.34
G1229,6,117.77,706.59
G3146,1,304.43,304.43
G3923,2,304.22,608.43
G0351,6,109.81,658.84
G3745,1,338.59,338.59
G4017,1,313.89,313.89
G0583,6,134.2,805.22
G2437,5,114.43,572.15
G1755,6,109.65,657.91
G2657,4,125.1,500.41
G0433,5,120.22,601.11
G3587,2,336.12,672.23
G4005,2,347.96,695.92
G2548,5,119.69,598.45
G0794,4,112.59,450.37
G5371,1,318.53,318.53
G0397,4,120.06,480.22
G4507,2,324.12,648.25
G4747,2,327.27,654.55
G4669,1,330.99,330.99
G3569,2,362.35,724.69
G0208,6,123.3,739.81
G1989,5,116.93,584.63
G5941,2,344.77,689.54
G5807,1,308.67,308.67
G2849,5,105.79,528.93
G2511,6,116.36,698.13
G1495,7,123.57,864.97
G0744,6,116.68,700.08
G3602,2,349.03,698.06
G3573,3,322.66,967.98
G2750,5,105.24,526.18
G2289,5,108.95,544.74
G1596,4,116.58,466.32
G5378,1,344.64,344.64
G3636,1,308.9,308.9
G2692,5,97.54,487.68
G4109,1,328.85,328.85
G2517,6,120.05,720.27
G1873,5,102.55,512.77
G0842,6,107.9,647.41
G1852,7,140.49,983.43
G0175,6,104.98,629.87
G1108,4,128.57,514.26
G5080,2,353.44,706.87
G2522,8,108.38,867.08
G4350,2,326.77,653.54
G3772,2,334.26,668.51
G2393,4,116.03,464.11
G5854,1,336.56,336.56
G5479,3,310.82,932.46
G0773,6,107.18,643.08
G3860,2,360.81,721.62
G3207,1,345.79,345.79
G2677,6,116.8,700.78
G4279,1,332.06,332.06
G2804,4,133.19,532.76
G1029,6,130.99,785.91
G2181,5,117.19,585.93
G4261,3,330.6,991.81
G1565,6,122.92,737.51
G1272,6,109.76,658.58
G4343,2,320.23,640.46
G2857,5,92.76,463.82
G3496,2,311.86,623.72
G1544,5,109.02,545.12
G4517,3,313.07,939.22
G1466,6,103.44,620.62
G4934,2,331.54,663.08
G2233,4,104.44,417.76
G5208,1,321.16,321.16
G0992,3,110.29,330.86
G3380,2,332.36,664.71
G4687,1,305.43,305.43
G1709,5,124.55,622.76
G1155,7,124.9,874.31
G3159,2,350.97,701.94
G0722,4,132.03,528.13
G4519,1,306.6,306.6
G4942,2,314.28,628.57
G4480,1,335.9,335.9
G4369,1,309.46,309.46
G2320,4,120.4,481.61
G3527,1,312.17,312.17
G2868,5,108.02,540.11
G0998,6,111.8,670.78
G3315,2,328.05,656.11
G5851,3,337.03,1011.08
G4929,2,314.31,628.63
G5657,1,351.99,351.99
G3792,1,335.03,335.03
G2306,9,125.82,1132.39
G4789,1,303.87,303.87
G5111,1,317.23,317.23
G2610,7,115.38,807.64
G3285,1,332.97,332.97
G5762,1,342.27,342.27
G3564,2,350.86,701.72
G3109,2,352.99,705.97
G5107,1,337.83,337.83
G1858,5,124.49,622.44
G3343,1,350.95,350.95
G2652,7,115.83,810.81
G3736,2,327.85,655.69
G1721,6,125.07,750.43
G1739,6,101.35,608.1
G2669,6,97.7,586.18
G3351,3,334.87,1004.62
G0512,5,106.23,531.16
G4875,3,351.29,1053.86
G2872,6,117.08,702.5
G3410,2,350.34,700.67
G1518,6,118.44,710.64
G0751,5,109.14,545.7
G1766,5,117.5,587.48
G2379,5,121.09,605.44
G3261,2,301.12,602.23
G0724,6,97.14,582.82
G0212,7,103.22,722.54
G1097,6,120.95,725.73
G3511,2,294.13,588.27
G2425,4,113.22,452.9
G4923,1,355.38,355.38
G1482,5,117.86,589.29
G3894,2,326.75,653.51
G2144,6,110.93,665.55
G5954,1,285.09,285.09
G1365,7,109.03,763.24
G1921,4,131.64,526.55
G4105,2,317.13,634.25
G5628,2,320.59,641.19
G5323,3,332.14,996.42
G5742,2,328.24,656.48
G2273,5,103.0,515.01
G2132,6,123.44,740.63
G3049,1,327.1,327.1
G3577,1,305.85,305.85
G3713,2,310.73,621.46
G1943,6,115.83,694.97
G5005,2,346.27,692.53
G1744,7,119.15,834.03
G5011,1,333.1,333.1
G0448,5,106.95,534.75
G5250,2,326.13,652.27
G4652,1,333.52,333.52
G4108,1,328.39,328.39
G1676,5,105.37,526.87
G4460,1,355.16,355.16
G5809,2,346.1,692.2
G5146,1,343.47,343.47
G0952,6,106.66,639.94
G5276,2,341.64,683.27
G4302,1,315.34,315.34
G1171,6,99.57,597.43
G1150,5,117.44,587.18
G2592,5,112.46,562.3
G3273,1,314.98,314.98
G0904,7,105.57,739.02
G3086,1,323.94,323.94
G2964,4,101.24,404.98
G5822,2,308.78,617.57
G3861,1,339.08,339.08
G3766,2,325.47,650.95
G4676,1,322.35,322.35
G5515,1,329.4,329.4
G4928,2,322.46,644.91
G2835,5,116.84,584.22
G1122,7,113.63,795.39
G3719,3,338.92,1016.77
G5116,1,337.34,337.34
G0521,4,120.03,480.11
G0386,6,109.36,656.16
G1742,5,119.96,599.79
G3983,1,337.89,337.89
G2487,5,116.34,581.71
G4980,1,335.73,335.73
G0225,5,117.84,589.19
G5026,1,353.97,353.97
G1139,6,123.91,743.48
G3944,2,357.47,714.94
G3182,1,324.17,324.17
G0864,7,112.84,789.91
G4718,2,341.23,682.47
G2450,5,100.93,504.65
G3600,3,325.14,975.41
G0160,6,118.13,708.79
G2936,7,119.42,835.92
G0439,4,102.12,408.47
G4878,2,344.76,689.51
G4867,2,332.67,665.33
G0169,5,114.03,570.17
G1143,5,118.81,594.07
G2011,4,130.98,523.93
G0483,4,111.39,445.55
G2949,5,98.33,491.66
G4673,2,316.91,633.82
G1200,7,120.71,844.98
G3886,1,313.58,313.58
G0601,6,106.76,640.56
G4874,1,339.15,339.15
G4259,1,323.46,323.46
G1113,6,130.59,783.53
G0682,4,111.06,444.26
G1624,5,122.72,613.59
G2464,4,107.52,430.08
G5007,2,323.0,646.0
G2519,5,102.6,513.02
G3033,2,337.34,674.68
G1996,7,114.51,801.57
G5846,1,328.37,328.37
G2136,5,115.5,577.51
G3164,1,346.02,346.02
G1107,6,112.06,672.35
G0657,6,115.07,690.43
G1366,5,135.98,679.9
G5364,1,331.46,331.46
G5923,1,332.01,332.01
G3935,2,330.9,661.8
G1732,5,114.5,572.51
G2133,6,118.93,713.56
G3022,2,354.12,708.24
G2587,4,108.56,434.23
G0460,4,103.28,413.13
G3642,3,335.61,1006.83
G5106,1,301.88,301.88
G4770,2,360.1,720.19
G5076,2,332.92,665.85
G4239,1,307.41,307.41
G3336,2,327.19,654.38
G3456,1,319.02,319.02
G3397,2,339.55,679.11
G5800,2,307.63,615.27
G1397,4,105.99,423.97
G5436,2,311.88,623.75
G3318,1,315.04,315.04
G4755,2,321.29,642.58
G4384,1,331.5,331.5
G1478,6,122.57,735.39
G4376,3,338.63,1015.89
G4694,1,328.67,328.67
G2423,5,124.26,621.3
G3036,2,335.93,671.86
G4736,1,281.51,281.51
G1202,5,104.1,520.49
G3829,1,337.84,337.84
G0189,5,123.93,619.65
G3107,3,341.38,1024.15
G2706,7,94.14,658.99
G4831,1,351.54,351.54
G2663,6,115.07,690.44
G0388,7,115.78,810.47
G1530,4,109.49,437.96
G1979,5,118.9,594.48
G4979,2,346.34,692.68
G3608,2,336.51,673.03
G5551,1,348.8,348.8
G5156,1,346.69,346.69
G0293,5,127.77,638.85
G2338,6,106.98,641.91
G4787,2,345.86,691.72
G2397,5,117.4,586.98
G4608,1,328.36,328.36
G5403,2,320.42,640.83
G1947,6,107.6,645.61
G1941,6,120.87,725.24
G0222,4,122.57,490.3
G3593,2,348.79,697.57
G2421,7,115.34,807.37
G5849,1,295.75,295.75
G4284,1,333.5,333.5
G0011,5,114.06,570.32
G2976,6,108.61,651.68
G1664,5,110.29,551.43
G5038,1,336.49,336.49
G3607,1,287.97,287.97
G5366,2,339.74,679.47
G3085,1,350.63,350.63
G3688,1,307.15,307.15
G0099,6,113.7,682.23
G4085,1,338.99,338.99
G1076,5,116.13,580.66
G0805,5,106.07,530.36
G4832,2,334.27,668.54
G4115,2,325.78,651.56
G3891,2,348.78,697.56
G1398,5,105.36,526.79
G5658,2,346.39,692.78
G5565,1,346.04,346.04
G2612,4,132.67,530.66
G4872,3,334.23,1002.69
G3360,1,334.64,334.64
G3143,1,333.73,333.73
G0780,6,114.14,684.84
G1586,6,126.93,761.59
G5796,1,321.72,321.72
G2659,6,128.78,772.71
G3680,1,329.89,329.89
G5264,1,309.49,309.49
G2922,6,116.61,699.68
G5567,2,332.77,665.54
G2021,6,114.42,686.53
G4597,1,337.49,337.49
G3296,2,315.08,630.15
G1030,4,123.02,492.09
G1887,5,107.28,536.41
G3181,2,328.57,657.15
G2104,7,115.78,810.47
G4595,2,335.04,670.08
G4451,1,336.83,336.83
G5663,2,353.22,706.44
G5893,1,316.31,316.31
G4447,2,341.6,683.21
G4334,2,327.75,655.49
G1112,6,107.23,643.36
G1995,6,108.43,650.56
G4196,2,338.48,676.97
G3547,1,340.07,340.07
G0056,6,106.43,638.59
G2433,5,116.07,580.35
G5862,2,314.77,629.54
G1335,6,119.73,718.38
G1000,6,118.61,711.64
G0462,6,133.97,803.84
G0008,6,99.53,597.16
G0610,7,110.85,775.94
G5913,1,327.98,327.98
G4617,2,335.6,671.21
G0235,8,102.2,817.56
G4078,3,313.83,941.48
G5626,2,302.63,605.25
G2870,7,111.13,777.94
G5237,2,310.3,620.59
G0620,6,123.95,743.68
G4164,1,328.47,328.47
G2649,6,129.48,776.87
G2391,4,108.01,432.02
G1086,6,112.76,676.54
G4766,1,343.99,343.99
G3474,1,322.38,322.38
G2242,6,106.58,639.45
G0519,6,127.8,766.77
G2055,4,102.83,411.34
G2405,7,106.48,745.39
G0198,6,96.17,577.01
G4273,2,359.53,719.06
G5836,1,330.29,330.29
G3653,1,332.89,332.89
G5337,1,333.44,333.44
G0128,5,128.18,640.92
G2155,4,106.31,425.23
G1118,5,96.1,480.5
G0557,5,121.41,607.03
G3578,1,341.3,341.3
G3365,2,346.66,693.33
G4039,1,339.28,339.28
G1039,6,114.78,688.66
G3753,1,313.87,313.87
G5702,1,339.42,339.42
G4931,2,323.89,647.79
G2673,6,108.59,651.53
G5061,2,312.28,624.56
G0958,6,112.6,675.63
G4097,3,340.1,1020.29
G5017,1,327.38,327.38
G2400,6,118.11,708.69
G0671,7,125.29,877.06
G0965,5,108.92,544.59
G0528,6,135.68,814.07
G4382,2,344.25,688.5
G4117,3,336.67,1010.01
G3806,1,310.33,310.33
G5787,2,320.16,640.32
G5274,1,341.75,341.75
G0002,5,106.4,531.98
G1864,4,101.49,405.98
G2920,7,104.01,728.07
G2984,6,118.93,713.57
G0263,2,105.95,211.91
G5578,1,337.03,337.03
G1390,5,120.85,604.26
G5390,1,325.8,325.8
G3486,3,349.43,1048.28
G2174,6,105.05,630.29
G1463,5,123.43,617.16
G3580,1,324.92,324.92
G2636,7,122.07,854.49
G4300,2,336.69,673.37
G0504,6,115.51,693.07
G0361,6,103.47,620.8
G4486,1,331.08,331.08
G0298,6,105.54,633.27
G5666,2,318.69,637.39
G2823,5,103.85,519.26
G5795,1,349.84,349.84
G2556,6,100.49,602.94
G4329,1,337.74,337.74
G0560,5,102.01,510.04
G5291,1,341.03,341.03
G5717,2,335.57,671.13
G4231,1,344.33,344.33
G2858,5,109.82,549.1
G0929,7,103.21,722.44
G1332,7,103.46,724.24
G5802,1,330.51,330.51
G0104,5,125.71,628.53
G5480,1,311.61,311.61
G0859,5,107.76,538.8
G4461,1,311.0,311.0
G4570,1,354.44,354.44
G1297,6,104.45,626.69
G4481,1,346.6,346.6
G2023,7,113.14,791.99
G5952,1,291.71,291.71
G0559,6,113.87,683.21
G0829,5,126.82,634.09
G4184,1,339.28,339.28
G5441,1,329.71,329.71
G0778,5,102.72,513.58
G1116,6,111.27,667.64
G3140,2,341.95,683.89
G2948,3,126.66,379.98
G4586,1,310.99,310.99
G3058,2,328.28,656.55
G0203,7,117.22,820.56
G4970,2,337.12,674.24
G4941,1,313.25,313.25
G3674,2,305.98,611.96
G0681,6,103.8,622.83
G2435,6,121.88,731.28
G4643,1,346.04,346.04
G5495,1,348.94,348.94
G2742,6,105.07,630.45
G5417,1,329.48,329.48
G2240,6,123.38,740.27
G0526,4,103.26,413.04
G1446,5,107.39,536.93
G2262,6,107.21,643.26
G2042,5,98.08,490.39
G2815,7,90.65,634.53
G5568,2,326.28,652.56
G1954,5,124.7,623.48
G4474,2,315.7,631.41
G2947,6,108.99,653.93
G2044,6,106.87,641.23
G0094,5,119.2,595.98
G3784,1,334.85,334.85
G4319,2,346.99,693.99
G3373,2,321.15,642.3
G1006,6,120.93,725.55
G1465,5,109.2,546.0
G3885,2,338.17,676.33
G2398,4,122.33,489.32
G1866,4,98.15,392.61
G2674,5,143.24,716.22
G1067,4,116.89,467.57
G4702,1,339.19,339.19
G3762,1,317.14,317.14
G2573,5,111.56,557.8
G0784,6,103.28,619.67
G3059,3,307.77,923.3
G1953,5,122.9,614.5
G0527,4,113.02,452.08
G5140,2,327.26,654.51
G4325,2,332.73,665.47
G2445,5,122.56,612.78
G4846,2,326.89,653.79
G1064,4,118.19,472.74
G1120,7,104.6,732.21
G0363,5,97.06,485.31
G5847,1,345.49,345.49
G4165,1,292.85,292.85
G5427,2,280.18,560.37
G5871,2,355.13,710.27
G4820,2,355.58,711.16
G0359,6,119.58,717.49
G0618,6,112.16,672.95
G3955,1,333.81,333.81
G1381,6,116.57,699.43
G2062,5,125.47,627.35
G2696,7,120.24,841.68
G2370,7,130.89,916.23
G2590,5,130.4,652.02
G2031,6,102.64,615.83
G2641,7,122.86,860.05
G4396,1,317.11,317.11
G3228,2,320.59,641.19
G1079,7,111.12,777.82
G0364,6,101.45,608.67
G4495,1,319.41,319.41
G4821,2,315.14,630.28
G1342,6,116.92,701.51
G5330,1,323.12,323.12
G0922,4,117.24,468.97
G2226,7,104.27,729.87
G1283,6,126.59,759.56
G5968,2,353.16,706.32
G3415,2,311.63,623.27
G2039,5,131.24,656.19
G4479,3,358.51,1075.53
G2764,5,100.95,504.76
G3281,2,347.15,694.31
G0687,5,139.85,699.26
G0686,6,106.49,638.97
G0141,6,123.47,740.81
G5918,1,342.62,342.62
G4075,2,343.77,687.53
G3040,2,329.89,659.78
G3204,3,325.76,977.28
G2305,7,112.43,786.99
G4885,2,342.99,685.97
G0165,6,103.46,620.74
G4006,2,318.43,636.87
G2177,4,101.98,407.94
G4379,2,327.42,654.85
G0598,5,125.07,625.36
G1955,5,118.27,591.34
G2524,5,108.85,544.27
G0237,3,125.07,375.22
G0977,5,120.06,600.31
G4433,2,334.73,669.47
G4473,1,322.54,322.54
G1138,4,118.38,473.52
G0479,9,126.54,1138.82
G5286,2,319.06,638.12
G5008,2,318.95,637.89
G5415,1,330.52,330.52
G5255,2,325.43,650.86
G2638,6,104.92,629.53
G4009,2,317.29,634.57
G3652,1,340.15,340.15
G5987,1,331.16,331.16
G4104,1,319.9,319.9
G1093,6,113.87,683.19
G2887,5,107.63,538.13
G3499,1,330.99,330.99
G5241,2,326.76,653.53
G4000,2,339.67,679.33
G1173,6,110.16,660.95
G4733,1,322.23,322.23
G3851,1,320.41,320.41
G4784,3,342.12,1026.35
G2163,6,114.08,684.48
G4767,3,284.72,854.16
G4986,1,332.93,332.93
G4628,2,319.29,638.58
G5295,2,303.43,606.86
G0648,5,117.13,585.64
G0971,6,111.03,666.17
G0163,7,110.41,772.86
G5942,3,341.86,1025.58
G4058,1,304.77,304.77
G5283,2,325.38,650.75
G0791,6,120.86,725.17
G4437,1,307.25,307.25
G0582,5,128.31,641.57
G4293,1,316.8,316.8
G4809,2,320.4,640.8
G2818,6,116.76,700.57
G5270,2,348.55,697.09
G3990,1,318.44,318.44
G1010,5,121.33,606.67
G5426,1,324.45,324.45
G0051,6,101.28,607.7
G0211,6,126.83,761.01
G3330,2,339.1,678.2
G5057,2,317.41,634.81
G3405,2,339.35,678.71
G0006,5,101.65,508.23
G1670,6,115.36,692.13
G3830,1,320.2,320.2
G3796,2,348.68,697.35
G2401,5,103.12,515.61
G3756,1,345.7,345.7
G3227,1,322.63,322.63
G5343,3,322.8,968.39
G0327,7,114.98,804.83
G5398,2,317.95,635.9
G5327,1,332.0,332.0
G1187,5,138.49,692.45
G4963,1,318.78,318.78
G5105,1,340.18,340.18
G0895,7,111.07,777.49
G5151,2,328.89,657.78
G5213,1,340.13,340.13
G0665,5,126.93,634.64
G4555,2,345.14,690.29
G0670,7,118.39,828.71
G4549,2,324.19,648.38
G2195,6,96.53,579.21
G0650,6,110.69,664.13
G5513,2,319.97,639.95
G0218,5,109.76,548.78
G3919,3,327.19,981.58
G0199,6,111.28,667.66
G0590,5,111.04,555.19
G1775,5,91.8,458.98
G2700,7,121.13,847.9
G1359,4,120.91,483.66
G4877,1,340.01,340.01
G1974,6,94.14,564.85
G5093,1,329.07,329.07
G3144,2,324.13,648.27
G4270,1,337.58,337.58
G4366,2,339.69,679.37
G4695,2,340.27,680.54
G2946,4,123.34,493.34
G4816,2,324.91,649.83
G0276,6,128.55,771.33
G4720,1,333.02,333.02
G0019,5,110.49,552.44
G2070,6,117.89,707.35
G2846,4,109.55,438.19
G5386,1,327.59,327.59
G4715,2,326.32,652.64
G2406,7,115.06,805.44
G5508,1,324.73,324.73
G5019,3,310.02,930.06
G0387,6,106.84,641.03
G2293,6,100.04,600.23
G0411,6,108.25,649.5
G4594,1,342.53,342.53
G2012,5,122.34,611.68
G3408,2,323.6,647.2
G1824,5,114.86,574.3
G2886,5,131.72,658.61
G2364,7,105.72,740.07
G5832,1,320.75,320.75
G4748,2,315.88,631.76
G2979,6,117.4,704.39
G2662,5,105.78,528.88
G2331,5,109.61,548.06
G3869,1,335.7,335.7
G2597,5,119.09,595.47
G1045,5,124.32,621.62
G4758,3,328.17,984.52
G3066,1,324.49,324.49
G4944,2,324.79,649.59
G5961,2,330.27,660.53
G3988,3,303.36,910.08
G4086,1,332.64,332.64
G3544,1,321.47,321.47
G3549,2,320.59,641.17
G2462,6,121.6,729.58
G3102,2,345.33,690.66
G3416,1,316.61,316.61
G1477,5,110.39,551.94
G3263,1,339.17,339.17
G5225,2,342.9,685.81
G2367,5,128.63,643.16
G4936,2,313.95,627.89
G4692,1,343.08,343.08
G5850,2,326.8,653.6
G0135,5,115.41,577.07
G4591,1,325.81,325.81
G4616,1,334.42,334.42
G2978,5,121.23,606.15
G5399,2,329.43,658.86
G3352,1,337.2,337.2
G0436,6,123.89,743.34
G3201,1,354.96,354.96
G2996,6,116.71,700.29
G2182,5,110.54,552.68
G0765,7,117.26,820.8
G4756,2,329.95,659.9
G5409,1,325.28,325.28
G2883,5,121.72,608.61
G4685,2,306.34,612.68
G5311,1,328.11,328.11
G3327,1,318.04,318.04
G1178,5,118.07,590.35
G0575,6,102.3,613.8
G0606,7,107.09,749.64
G0317,6,114.46,686.77
G3594,1,347.05,347.05
G0147,4,107.92,431.69
G0073,5,117.02,585.12
G1707,6,129.07,774.42
G2304,6,120.54,723.21
G4500,1,332.03,332.03
G4035,2,300.35,600.7
G0792,6,110.88,665.26
G4439,1,354.25,354.25
G5956,2,322.64,645.27
G0468,6,116.32,697.92
G1754,4,110.93,443.72
G4012,2,342.77,685.54
G5035,1,316.83,316.83
G4644,2,326.88,653.75
G2260,6,135.23,811.36
G4860,2,321.99,643.98
G4851,3,317.03,951.1
G4467,1,317.71,317.71
G0572,7,128.12,896.84
G0423,5,119.26,596.29
G0820,7,103.16,722.12
G0368,6,116.78,700.67
G1003,6,115.18,691.08
G5528,2,335.91,671.82
G3487,1,327.57,327.57
G2157,5,116.37,581.87
G2041,5,119.99,599.95
G3138,1,345.75,345.75
G5027,1,333.25,333.25
G5484,1,322.8,322.8
G5234,1,327.84,327.84
G1353,6,112.51,675.06
G4964,2,334.37,668.75
G3112,1,338.1,338.1
G2514,5,117.59,587.94
G5949,2,317.63,635.25
G1875,7,108.92,762.44
G0092,6,122.6,735.58
G2707,6,124.74,748.42
G2992,6,118.06,708.38
G5580,2,319.21,638.42
G5716,2,304.93,609.86
G4435,1,333.77,333.77
G0077,6,122.75,736.51
G2533,6,128.16,768.93
G4014,2,323.01,646.02
G2929,7,126.81,887.67
G4348,1,350.98,350.98
G1860,6,113.58,681.51
G2496,6,102.24,613.46
G5278,2,330.17,660.34
G5848,2,310.35,620.7
G4047,2,336.76,673.52
G2506,5,123.42,617.09
G4346,1,319.9,319.9
G2346,7,131.75,922.24
G1993,7,113.85,796.96
G3631,1,360.07,360.07
G5212,2,328.78,657.56
G5443,1,321.84,321.84
G4243,1,322.82,322.82
G2467,5,117.94,589.68
G5468,2,331.7,663.4
G2892,3,122.15,366.46
G3872,2,311.58,623.17
G4760,1,316.45,316.45
G1117,8,112.57,900.58
G5127,2,314.73,629.45
G0825,5,108.3,541.49
G5622,2,349.88,699.77
G2529,8,113.21,905.66
G3941,1,321.49,321.49
G1019,5,109.82,549.12
G1058,7,119.49,836.4
G5044,2,346.13,692.25
G1012,6,100.94,605.67
G0310,5,115.0,574.98
G0814,6,115.98,695.86
G1536,4,108.62,434.5
G2841,6,118.58,711.5
G1035,5,106.91,534.53
G4746,1,328.91,328.91
G2271,6,127.91,767.45
G0697,6,109.28,655.7
G3131,2,348.31,696.62
G3274,1,345.5,345.5
G4339,2,322.08,644.17
G5793,2,353.64,707.27
G1214,6,96.41,578.44
G1009,7,110.12,770.82
G1452,7,110.02,770.17
G0120,6,131.55,789.32
G2621,6,111.8,670.78
G4529,1,346.96,346.96
G2791,6,98.74,592.47
G5681,1,315.14,315.14
G3306,2,344.06,688.12
G3161,2,321.88,643.76
G1421,6,128.7,772.18
G2785,5,113.62,568.1
G5197,2,301.31,602.61
G3554,1,326.6,326.6
G3822,3,335.92,1007.77
G5254,1,340.19,340.19
G5349,2,350.77,701.54
G2921,5,127.52,637.61
G1500,6,103.06,618.35
G1326,4,125.36,501.45
G2078,7,125.37,877.6
G5245,1,349.46,349.46
G1321,6,114.8,688.81
G2668,4,122.17,488.66
G2296,6,113.31,679.85
G5974,2,317.82,635.63
G5906,1,368.7,368.7
G0182,5,120.22,601.11
G3585,2,347.24,694.48
G1889,5,117.27,586.37
G4399,2,325.92,651.85
G5217,2,346.57,693.13
G3104,2,350.67,701.34
G0758,6,135.42,812.52
G2933,5,116.03,580.15
G1455,6,127.68,766.06
G2747,6,111.16,666.97
G2710,7,133.99,937.91
G4016,2,330.62,661.25
G4020,2,356.92,713.84
G2409,6,112.95,677.68
G0733,6,94.82,568.89
G4150,1,324.1,324.1
G1414,8,90.02,720.16
G0840,5,111.9,559.48
G1563,3,106.04,318.11
G2322,6,103.02,618.1
G5051,1,351.67,351.67
G1878,5,119.32,596.61
G3633,1,325.53,325.53
G5975,2,320.05,640.1
G1451,6,110.05,660.3
G3908,1,364.84,364.84
G5900,2,345.56,691.12
G1164,4,96.64,386.55
G5088,1,329.36,329.36
G3624,1,343.38,343.38
G3966,2,337.52,675.03
G5350,2,333.78,667.56
G3077,1,324.96,324.96
G0181,6,124.78,748.71
G2045,5,123.28,616.4
G5569,2,338.55,677.1
G2824,4,126.97,507.88
G4494,2,319.74,639.47
G4535,1,305.66,305.66
G5033,2,304.99,609.97
G1524,5,135.75,678.75
G3817,1,331.71,331.71
G5690,2,349.61,699.21
G5938,3,321.42,964.26
G1494,6,110.41,662.48
G0470,5,112.81,564.07
G0996,5,115.28,576.42
G2167,5,109.96,549.82
G1912,8,128.25,1026.02
G1028,6,112.4,674.41
G3332,1,325.35,325.35
G3238,2,304.93,609.87
G1424,5,124.46,622.29
G3407,1,312.03,312.03
G3658,2,302.37,604.74
G0254,7,125.58,879.07
G2608,3,111.21,333.64
G2983,6,134.91,809.48
G1796,5,102.36,511.8
G4763,1,325.2,325.2
G4645,2,318.18,636.37
G5078,2,314.13,628.26
G5001,1,312.33,312.33
G0334,5,120.74,603.7
G3257,2,317.46,634.92
G2507,8,104.49,835.9
G5648,1,329.03,329.03
G2314,6,116.88,701.31
G1193,5,127.84,639.2
G4681,2,317.51,635.03
G2997,6,126.53,759.16
G3402,1,324.1,324.1
G5614,1,316.24,316.24
G2020,4,118.98,475.93
G1420,6,92.82,556.9
G1447,5,106.22,531.09
G4904,1,338.23,338.23
G0062,5,111.67,558.36
G5874,1,317.08,317.08
G3773,1,308.63,308.63
G2310,6,105.21,631.28
G3899,1,354.19,354.19
G4463,1,319.7,319.7
G1847,7,93.22,652.53
G3072,1,322.19,322.19
G5741,1,329.72,329.72
G0754,7,110.52,773.62
G2484,5,115.37,576.84
G1968,5,126.19,630.96
G0138,5,104.79,523.94
G3384,1,314.92,314.92
G4478,2,347.29,694.59
G0044,5,117.24,586.21
G0352,7,111.59,781.14
G0156,5,98.69,493.44
G1265,6,114.4,686.41
G3967,1,322.7,322.7
G5860,1,330.42,330.42
G1827,4,115.85,463.38
G2759,4,109.81,439.25
G2605,5,119.19,595.94
G0241,5,115.12,575.62
G1007,6,90.0,540.0
G5115,1,328.25,328.25
G1671,5,121.52,607.62
G3980,1,303.6,303.6
G2458,6,112.22,673.35
G1298,5,116.26,581.31
G1692,5,117.43,587.15
G2613,5,125.39,626.93
G4739,2,323.81,647.63
G2640,6,117.32,703.9
G5054,1,330.01,330.01
G4352,2,307.13,614.25
G1210,7,103.74,726.18
G0636,4,117.67,470.67
G5493,1,333.4,333.4
G1492,8,105.42,843.39
G2058,6,115.19,691.17
G5285,1,320.33,320.33
G5552,1,328.65,328.65
G4193,1,346.16,346.16
G5370,2,348.81,697.61
G5141,1,312.52,312.52
G3820,1,346.63,346.63
G5667,1,342.64,342.64
G2637,6,135.85,815.08
G0713,5,117.81,589.05
G1243,5,109.1,545.51
G4615,2,332.73,665.45
G0571,6,112.03,672.15
G5451,1,321.28,321.28
G4953,1,342.66,342.66
G4689,1,348.17,348.17
G4114,1,331.34,331.34
G2560,6,122.75,736.51
G1539,4,112.81,451.25
G2005,4,122.33,489.31
G4082,2,310.39,620.77
G2387,5,128.51,642.55
G4258,2,326.07,652.13
G1056,5,117.06,585.32
G5466,1,327.88,327.88
G5563,2,312.23,624.45
G5099,2,338.42,676.85
G3644,1,330.96,330.96
G3010,1,347.22,347.22
G3127,2,338.56,677.13
G2122,6,110.64,663.83
G1005,6,101.33,607.99
G5882,1,325.0,325.0
G3943,2,360.33,720.67
G3215,1,320.74,320.74
G5806,1,321.57,321.57
G1412,6,114.39,686.34
G0030,5,115.34,576.72
G4551,2,319.66,639.32
G3771,1,271.16,271.16
G0183,4,103.96,415.85
G4991,2,328.54,657.08
G3046,1,307.73,307.73
G4813,2,328.5,656.99
G5700,1,308.16,308.16
G3308,2,335.59,671.19
G1826,6,117.41,704.47
G5021,1,338.32,338.32
G1807,6,107.61,645.66
G4214,1,328.32,328.32
G4368,1,338.07,338.07
G3669,2,316.13,632.25
G0740,7,101.52,710.64
G4222,1,327.02,327.02
G5177,2,333.93,667.86
G1263,6,122.6,735.57
G2743,6,115.2,691.23
G2645,4,122.61,490.42
G1597,6,112.22,673.35
G3305,1,344.93,344.93
G1870,5,109.78,548.89
G1888,6,131.1,786.57
G4111,1,319.55,319.55
G2672,6,115.46,692.76
G1783,4,98.09,392.37
G0961,6,107.68,646.1
G0985,5,117.43,587.14
G4157,2,313.54,627.09
G1964,6,118.09,708.54
G0279,6,115.8,694.78
G2146,7,116.23,813.64
G0014,4,101.03,404.12
G2628,6,124.52,747.15
G0918,6,120.48,722.9
G0455,5,90.0,450.0
G1701,6,105.07,630.43
G0027,4,116.9,467.62
G3490,2,334.03,668.07
G1493,5,109.11,545.53
G3994,2,307.52,615.04
G4161,2,307.6,615.2
G1914,6,116.58,699.48
G5696,2,314.8,629.59
G5440,2,330.27,660.55
G1660,7,106.98,748.84
G1240,7,114.22,799.52
G3862,3,337.09,1011.27
G4664,2,304.27,608.55
G2390,7,93.22,652.54
G0292,5,90.12,450.61
G5262,3,321.39,964.18
G3473,2,302.13,604.25
G5526,1,335.04,335.04
G2982,7,131.23,918.63
G3203,3,322.64,967.92
G1496,8,131.77,1054.19
G2164,7,115.16,806.12
G1595,3,114.92,344.76
G3075,3,360.82,1082.45
G2842,4,103.03,412.14
G4406,2,345.68,691.35
G1260,5,106.12,530.61
G1618,5,90.0,450.0
G1162,8,119.8,958.39
G4003,2,321.04,642.08
G3312,2,315.7,631.41
G4362,2,319.04,638.08
G5639,2,326.86,653.71
G3929,1,340.32,340.32
G1194,6,90.74,544.42
G3787,2,332.89,665.79
G5455,1,366.62,366.62
G3363,1,329.56,329.56
G2294,5,105.82,529.09
G3211,2,308.23,616.46
G5899,1,304.35,304.35
G1157,5,120.27,601.33
G3431,1,342.94,342.94
G5739,2,311.62,623.23
G3666,1,349.11,349.11
G2926,6,106.39,638.36
G1099,6,113.68,682.07
G4978,2,321.18,642.36
G5752,2,352.12,704.23
G1467,7,123.5,864.51
G3552,2,331.08,662.17
G4922,2,309.57,619.15
G5682,2,325.7,651.4
G0152,6,111.31,667.85
G3492,1,329.32,329.32
G1868,7,114.64,802.46
G2749,6,114.82,688.93
G0711,6,100.64,603.85
G5472,2,328.13,656.26
G2069,7,114.79,803.56
G5841,1,338.97,338.97
G3199,1,292.69,292.69
G4228,1,331.3,331.3
G4076,2,325.34,650.69
G2349,6,95.01,570.07
G1430,5,110.17,550.86
G0177,6,100.33,601.99
G5227,1,370.72,370.72
G3634,1,319.62,319.62
G5676,2,318.0,635.99
G4485,1,338.54,338.54
G3503,2,332.63,665.27
G4839,1,321.76,321.76
G0712,5,101.84,509.21
G2557,3,115.76,347.27
G4932,2,357.76,715.52
G1613,6,129.42,776.52
G1564,6,117.19,703.16
G3637,2,328.86,657.71
G4283,3,345.63,1036.9
G1623,6,106.13,636.76
G0305,5,126.01,630.04
G5970,2,289.39,578.77
G5881,1,331.25,331.25
G4359,1,324.58,324.58
G1259,5,114.08,570.41
G4216,2,315.52,631.05
G3284,2,340.53,681.06
G4786,2,343.75,687.5
G2582,6,125.23,751.38
G4990,2,342.07,684.15
G2986,5,109.31,546.54
G3168,1,315.02,315.02
G1612,4,94.8,379.2
G0047,5,126.59,632.95
G0453,5,113.72,568.62
G1098,4,109.1,436.4
G2812,5,129.42,647.1
G5260,2,314.05,628.1
G0282,6,115.3,691.8
G4514,1,308.82,308.82
G4372,2,326.65,653.29
G0087,6,114.43,686.6
G1346,4,115.27,461.09
G1340,6,111.83,670.96
G5895,1,324.19,324.19
G0624,7,115.47,808.29
G3121,1,297.12,297.12
G1515,5,113.22,566.1
G2973,4,121.86,487.43
G5079,2,312.34,624.69
G4946,1,348.15,348.15
G0615,8,121.93,975.43
G0140,4,112.32,449.29
G0191,5,110.9,554.52
G3959,3,339.76,1019.28
G3169,1,334.09,334.09
G3472,1,353.64,353.64
G4761,2,344.01,688.02
G2618,6,111.74,670.44
G2745,3,97.31,291.93
G3712,2,340.17,680.34
G0924,5,98.88,494.42
G1876,7,104.86,733.99
G1507,6,121.9,731.43
G2498,5,108.48,542.42
G3947,1,294.85,294.85
G4037,1,325.43,325.43
G4886,2,346.22,692.44
G5029,1,335.48,335.48
G2416,6,121.45,728.68
G3991,2,351.5,703.01
G2199,5,106.54,532.68
G5202,2,308.22,616.44
G5190,2,304.11,608.21
G3925,1,330.7,330.7
G4102,1,333.01,333.01
G1591,4,108.86,435.46
G4323,1,345.56,345.56
G3130,1,344.92,344.92
G3419,2,331.62,663.23
G5401,2,327.61,655.23
G5536,2,350.93,701.85
G5615,1,324.49,324.49
G2776,5,101.97,509.86
G5428,1,321.15,321.15
G2722,5,132.22,661.11
G1182,7,109.91,769.36
G1600,5,128.1,640.51
G0358,5,93.71,468.56
G0729,5,103.0,515.02
G3687,1,301.76,301.76
G3910,1,351.21,351.21
G5320,1,318.04,318.04
G0415,6,109.5,656.99
G2939,4,127.45,509.78
G3217,2,348.1,696.2
G0993,5,95.25,476.23
G2291,7,130.74,915.16
G4759,1,336.12,336.12
G1383,8,108.33,866.65
G4233,2,316.59,633.19
G5780,1,317.37,317.37
G3714,2,325.03,650.07
G1369,5,108.28,541.38
G3377,2,299.03,598.05
G2864,6,97.06,582.36
G5095,2,321.04,642.08
G4969,1,339.15,339.15
G3313,1,346.17,346.17
G4272,2,324.14,648.29
G3811,2,321.55,643.1
G3409,1,324.16,324.16
G3230,1,330.29,330.29
G0209,6,124.0,744.02
G2558,6,125.49,752.93
G5803,2,322.31,644.61
G2014,5,112.62,563.12
G3088,1,359.88,359.88
G0909,6,120.86,725.15
G2606,5,117.21,586.03
G5159,2,339.83,679.67
G2383,6,105.91,635.47
G2588,5,90.0,450.0
G4580,1,325.97,325.97
G4464,1,317.31,317.31
G5638,1,326.22,326.22
G3436,1,308.7,308.7
G3701,2,326.31,652.62
G1018,5,121.96,609.81
G1219,5,118.24,591.22
G4238,2,327.23,654.45
G0137,5,124.52,622.58
G3068,2,338.6,677.2
G3119,2,328.75,657.5
G4510,1,313.03,313.03
G5778,2,328.95,657.9
G2871,5,108.64,543.22
G3683,2,344.82,689.63
G4778,1,325.39,325.39
G4631,2,348.22,696.45
G1668,5,131.65,658.27
G2022,6,107.65,645.89
G4038,1,325.31,325.31
G2923,5,121.44,607.21
G0574,5,116.94,584.7
G2255,4,106.82,427.29
G5855,1,321.54,321.54
G2906,6,111.12,666.72
G0644,4,114.65,458.6
G2703,8,115.58,924.67
G5328,1,340.13,340.13
G5653,2,334.0,668.01
G2896,9,125.07,1125.61
G3100,1,322.5,322.5
G4889,2,349.74,699.47
G2352,6,118.75,712.53
G5764,2,331.28,662.56
G5491,2,317.79,635.59
G3976,2,321.87,643.75
G2658,6,114.56,687.34
G5158,1,327.46,327.46
G1752,6,112.44,674.62
G2300,4,117.79,471.15
G3596,2,323.23,646.46
G5012,2,328.06,656.12
G1680,5,117.51,587.57
G4178,1,338.24,338.24
G4068,1,336.51,336.51
G4046,1,331.8,331.8
G0419,7,102.07,714.52
G4562,1,339.17,339.17
G4547,2,335.31,670.63
G1136,6,111.12,666.71
G4843,2,317.56,635.12
G0529,6,96.68,580.1
G5746,1,339.13,339.13
G5236,2,332.72,665.44
G1641,6,123.14,738.84
G0649,5,122.83,614.14
G4646,1,333.39,333.39
G2789,5,97.53,487.64
G2653,6,113.69,682.14
G2630,5,118.67,593.34
G0570,5,124.04,620.2
G2493,5,111.21,556.06
G2676,4,115.2,460.8
G4876,1,300.76,300.76
G1222,6,123.45,740.69
G5402,2,319.25,638.51
G4609,1,347.02,347.02
G5876,1,307.12,307.12
G4775,2,359.91,719.82
G3937,2,334.68,669.36
G4956,3,327.73,983.19
G4621,1,323.68,323.68
G4324,2,325.87,651.74
G4013,2,310.26,620.53
G5130,2,344.64,689.28
G0316,6,119.16,714.99
G1582,7,105.15,736.08
G3684,1,318.37,318.37
G5307,1,326.29,326.29
G5389,1,339.08,339.08
G5081,1,343.33,343.33
G2635,7,107.17,750.22
G5325,2,336.89,673.79
G2418,6,95.24,571.44
G1052,6,116.81,700.88
G3111,2,357.72,715.44
G0256,5,116.48,582.4
G3559,2,321.38,642.76
G0157,7,102.63,718.38
G4686,2,317.25,634.49
G5753,2,316.11,632.21
G5872,2,327.09,654.18
G4497,1,307.69,307.69
G3660,2,332.03,664.06
G3153,1,344.93,344.93
G2211,4,116.07,464.29
G3958,3,314.48,943.44
G3165,2,344.08,688.17
G1567,6,123.52,741.15
G3142,1,327.34,327.34
G0302,5,105.62,528.1
G0252,6,117.98,707.89
G1170,6,107.88,647.28
G0619,6,126.95,761.69
G4383,1,316.17,316.17
G4520,2,361.76,723.52
G0643,5,105.1,525.5
G1657,6,111.85,671.08
G3300,1,314.05,314.05
G5919,1,338.62,338.62
G4880,2,316.71,633.43
G3710,1,313.87,313.87
G5701,2,339.06,678.11
G5677,2,330.25,660.5
G2473,5,111.27,556.33
G1475,5,123.46,617.29
G0196,6,96.2,577.2
G2482,7,119.51,836.54
G0117,5,113.06,565.29
G1714,6,118.57,711.42
G5060,1,342.23,342.23
G3996,1,349.52,349.52
G0466,5,101.63,508.16
G4137,1,312.1,312.1
G1622,4,132.26,529.05
G0709,3,119.24,357.72
G5693,2,352.26,704.52
G1952,7,127.53,892.72
G5416,2,320.37,640.73
G5999,1,328.49,328.49
G3507,2,328.18,656.37
G3007,1,326.96,326.96
G5905,1,326.36,326.36
G4817,1,331.44,331.44
G1768,5,112.47,562.36
G3863,3,337.96,1013.89
G3501,2,325.98,651.97
G2555,5,114.36,571.82
G3270,2,323.49,646.98
G5644,2,285.5,571.0
G4403,1,347.98,347.98
G3852,1,327.66,327.66
G0490,6,99.02,594.14
G5216,2,346.68,693.36
G2551,4,105.27,421.09
G1988,6,115.69,694.16
G4590,2,324.45,648.9
G0855,7,111.34,779.41
G2866,5,109.0,545.01
G4523,2,301.62,603.24
G1615,5,115.56,577.79
G3837,2,345.37,690.74
G4777,2,306.42,612.83
G3205,1,313.19,313.19
G4123,1,340.49,340.49
G1133,7,125.7,879.93
G0684,6,127.29,763.75
G1788,5,108.49,542.47
G3465,1,338.05,338.05
G1292,8,110.7,885.58
G0098,6,120.84,725.01
G4949,2,318.67,637.34
G3518,2,347.86,695.72
G4951,1,319.61,319.61
G4713,1,308.53,308.53
G4849,1,325.77,325.77
G4472,1,331.39,331.39
G0509,6,120.0,720.01
G4159,1,337.54,337.54
G4910,2,319.55,639.09
G2290,7,124.1,868.73
G2084,3,104.31,312.92
G5324,2,354.06,708.11
G5909,2,319.66,639.31
G3047,2,349.17,698.35
G5053,1,335.81,335.81
G4691,2,322.34,644.68
G4651,2,326.71,653.42
G4802,1,337.69,337.69
G0015,4,109.16,436.66
G5904,2,315.34,630.69
G1384,5,116.98,584.9
G3298,1,319.35,319.35
G2442,7,108.67,760.67
G1642,7,116.29,814.0
G1043,7,98.84,691.89
G3393,1,326.73,326.73
G3177,1,348.86,348.86
G4819,1,329.94,329.94
G0270,6,121.46,728.79
G1631,6,99.55,597.3
G5380,2,330.85,661.7
G3062,2,330.56,661.13
G2723,4,107.33,429.32
G0432,3,128.46,385.39
G0362,7,98.13,686.89
G5629,2,367.62,735.25
G2752,7,102.67,718.68
G4286,1,334.71,334.71
G5554,2,347.02,694.04
G4292,1,309.12,309.12
G1684,6,108.01,648.03
G1867,7,116.91,818.36
G2365,5,113.1,565.49
G5015,1,344.12,344.12
G0125,6,113.61,681.64
G0452,6,102.45,614.69
G1607,6,111.55,669.29
G5655,2,298.14,596.28
G1195,4,91.13,364.52
G1479,5,101.06,505.28
G1406,5,123.47,617.34
G5599,1,321.15,321.15
G4002,1,325.42,325.42
G1634,7,123.38,863.64
G0023,6,110.89,665.31
G3279,1,323.06,323.06
G2129,6,116.5,698.98
G4394,1,324.61,324.61
G4699,2,337.82,675.64
G1408,7,111.15,778.05
G3788,1,355.15,355.15
G1418,6,95.5,573.03
G0130,5,110.89,554.43
G1666,5,113.42,567.11
G5032,2,338.6,677.21
G2082,6,116.36,698.16
G3992,2,332.87,665.74
G5950,2,311.99,623.98
G1774,6,115.19,691.16
G2355,7,109.6,767.23
G4422,1,335.96,335.96
G0171,5,105.54,527.71
G1252,6,117.11,702.64
G2091,6,96.79,580.75
G3338,1,326.82,326.82
G2794,5,116.39,581.97
G5396,2,319.63,639.27
G5071,2,319.54,639.07
G5136,1,309.85,309.85
G2344,5,109.39,546.93
G4173,1,339.6,339.6
G1871,4,145.77,583.07
G2911,5,120.06,600.29
G1725,5,114.19,570.95
G4468,1,347.38,347.38
G1296,5,99.73,498.64
G2941,6,101.79,610.75
G5368,2,355.78,711.55
G3252,1,355.16,355.16
G3510,2,342.44,684.87
G5242,1,347.07,347.07
G0501,6,126.81,760.84
G3676,2,352.27,704.54
G2368,4,111.96,447.85
G0603,6,135.5,812.99
G0004,7,133.88,937.14
G1985,6,120.65,723.89
G1633,5,118.86,594.32
G1078,5,94.93,474.63
G5577,2,321.94,643.88
G5205,1,350.48,350.48
G4031,1,342.35,342.35
G1519,4,118.48,473.93
G1566,5,109.29,546.47
G3394,1,329.53,329.53
G0467,6,110.88,665.29
G0420,6,109.68,658.07
G4438,1,324.76,324.76
G5247,2,333.22,666.43
G2424,5,114.09,570.45
G0430,4,126.01,504.05
G0332,5,99.54,497.71
G3575,2,336.08,672.15
G3629,1,317.05,317.05
G5346,2,323.15,646.3
G4845,2,324.28,648.56
G0907,4,128.25,513.02
G0154,6,111.25,667.51
G0988,6,109.52,657.11
G5397,2,331.78,663.55
G3196,1,307.05,307.05
G1606,5,112.46,562.32
G5978,1,308.84,308.84
G1836,6,115.93,695.58
G4879,1,309.92,309.92
G3041,2,333.25,666.5
G2328,5,117.18,585.89
G3531,2,342.14,684.28
G3420,1,326.25,326.25
G0845,6,131.09,786.53
G4957,1,297.7,297.7
G1514,4,105.64,422.58
G1616,9,111.9,1007.13
G3043,3,336.05,1008.15
G5259,1,323.11,323.11
G3398,1,322.87,322.87
G3647,2,337.53,675.06
G1399,7,125.8,880.6
G5553,2,347.64,695.28
G4218,2,288.89,577.79
G3029,1,334.43,334.43
G1533,6,120.01,720.05
G5145,2,347.78,695.55
G1635,5,108.21,541.04
G1571,6,109.04,654.22
G0796,7,111.74,782.21
G5496,2,329.14,658.27
G0155,6,104.61,627.69
G2492,5,125.22,626.08
G4641,1,334.1,334.1
G4552,3,308.84,926.53
G2015,6,115.77,694.6
G2505,4,110.16,440.66
G5737,2,324.9,649.8
G1250,4,114.42,457.7
G3521,1,345.44,345.44
G3825,2,327.36,654.72
G4053,2,319.93,639.87
G2186,7,95.45,668.15
G5207,2,336.75,673.5
G3135,1,307.15,307.15
G5114,1,324.26,324.26
G4336,2,328.99,657.99
G3694,2,326.58,653.16
G3723,2,331.55,663.09
G2279,6,107.24,643.45
G2694,5,104.53,522.64
G5344,1,330.45,330.45
G1318,5,126.28,631.4
G1008,6,108.7,652.21
G4915,1,318.0,318.0
G3314,2,328.71,657.41
G4449,2,324.89,649.79
G4939,2,292.61,585.23
G5251,1,349.25,349.25
G5634,2,335.53,671.05
G4192,2,326.01,652.03
G4453,1,343.73,343.73
G2915,6,112.65,675.9
G1686,7,121.65,851.58
G4455,1,315.17,315.17
G3785,2,306.79,613.57
G4546,2,336.73,673.45
G0392,6,106.97,641.83
G2099,4,107.33,429.33
G5039,1,332.46,332.46
G5271,1,358.05,358.05
G2026,6,102.65,615.93
G0731,6,123.58,741.48
G3385,2,319.15,638.3
G4476,3,312.4,937.19
G2910,7,105.99,741.9
G0306,6,125.61,753.68
G0599,5,118.36,591.81
G3417,1,356.01,356.01
G4138,1,302.5,302.5
G1918,5,111.24,556.22
G5339,2,380.67,761.33
G0798,6,117.12,702.73
G1404,6,118.49,710.92
G0760,6,114.78,688.66
G3321,2,323.27,646.53
G4887,2,317.43,634.87
G5958,1,335.95,335.95
G1789,6,94.1,564.58
G3815,1,328.0,328.0
G5863,1,339.35,339.35
G1351,4,94.64,378.55
G3372,1,329.25,329.25
G0246,5,122.72,613.6
G4265,1,341.46,341.46
G5960,1,345.99,345.99
G3812,1,319.47,319.47
G5198,3,356.66,1069.98
G2362,4,116.14,464.56
G1403,7,106.21,743.45
G4961,1,285.4,285.4
G3443,1,315.42,315.42
G1038,4,112.78,451.14
G1926,5,109.99,549.94
G1068,7,117.97,825.81
G1804,4,107.92,431.68
G0071,6,102.31,613.84
G4827,1,324.42,324.42
G0597,5,105.27,526.33
G1880,5,124.68,623.39
G4606,1,302.19,302.19
G1037,4,120.17,480.68
G2298,7,122.59,858.12
G4668,1,343.72,343.72
G1672,5,98.69,493.43
G3110,1,336.31,336.31
G4007,2,345.01,690.02
G1251,6,125.75,754.52
G2207,7,126.6,886.19
G1810,6,110.81,664.83
G0118,4,107.44,429.77
G2017,5,93.95,469.76
G4633,2,325.02,650.05
G3986,1,324.11,324.11
G2443,4,106.49,425.98
G3551,1,335.41,335.41
G2221,5,132.85,664.24
G2123,5,112.42,562.12
G5865,2,327.41,654.82
G0656,6,118.64,711.85
G2810,5,112.69,563.47
G0584,8,102.77,822.17
G1877,5,101.6,508.0
G0323,5,99.51,497.55
G5094,1,332.45,332.45
G5340,1,337.74,337.74
G4690,1,322.42,322.42
G4056,1,336.5,336.5
G1929,7,102.09,714.66
G1658,7,105.59,739.13
G1703,6,121.66,729.98
G4375,2,332.15,664.3
G0370,5,116.31,581.55
G4122,1,322.74,322.74
G5405,2,335.7,671.4
G5671,2,305.8,611.6
G4743,1,317.6,317.6
G5392,1,336.18,336.18
G1132,6,115.02,690.14
G2266,7,106.81,747.7
G0374,6,133.07,798.43
G2499,6,93.06,558.34
G3895,1,327.95,327.95
G1779,5,104.05,520.24
G3154,1,338.63,338.63
G3678,1,353.84,353.84
G2076,5,116.01,580.04
G5539,2,339.39,678.78
G1295,6,127.07,762.4
G2917,5,122.98,614.89
G4795,2,342.8,685.59
G1419,7,111.49,780.44
G4731,2,306.45,612.89
G3838,1,347.53,347.53
G5074,1,331.1,331.1
G4712,1,361.74,361.74
G2611,6,121.6,729.57
G4994,2,323.66,647.32
G5719,2,317.3,634.61
G0116,6,117.51,705.09
G1553,5,123.73,618.64
G5335,2,308.63,617.25
G3141,1,329.98,329.98
G1124,4,117.08,468.3
G4032,1,344.18,344.18
G4367,3,314.77,944.3
G4858,1,310.27,310.27
G3553,2,338.34,676.67
G0230,6,114.61,687.66
G1555,5,114.21,571.03
G0188,5,123.94,619.68
G1997,5,122.11,610.57
G0089,5,95.49,477.44
G5193,1,325.79,325.79
G0679,6,126.92,761.5
G0372,6,103.05,618.28
G3749,1,319.77,319.77
G3071,2,343.84,687.69
G1084,8,95.88,767.07
G5521,1,349.75,349.75
G0970,4,127.91,511.63
G4938,3,324.03,972.08
G0732,5,106.72,533.59
G2733,6,125.23,751.37
G0777,5,96.69,483.44
G5165,1,364.03,364.03
G2895,6,119.51,717.06
G0940,5,107.27,536.37
G0257,7,106.19,743.33
G0683,5,116.79,583.93
G4707,2,330.48,660.97
G3803,1,364.58,364.58
G2913,5,127.58,637.88
G3011,1,335.13,335.13
G4398,2,352.48,704.96
G0612,5,116.11,580.57
G0031,5,90.12,450.58
G2198,6,111.63,669.79
G2258,5,107.61,538.07
G3057,2,327.25,654.49
G5382,2,329.59,659.18
G5423,1,326.52,326.52
G2175,5,120.5,602.48
G4539,1,302.71,302.71
G2985,4,130.9,523.62
G2208,6,109.94,659.64
G0548,5,129.67,648.33
G3099,2,331.61,663.22
G3429,2,300.31,600.63
G0946,4,124.13,496.54
G0781,6,113.5,680.98
G2994,5,120.19,600.94
G3546,1,328.11,328.11
G4790,2,323.17,646.34
G3597,1,315.41,315.41
G1679,6,123.61,741.69
G3353,1,314.89,314.89
G4776,2,333.25,666.5
G1681,6,112.69,676.12
G1208,5,90.0,450.0
G1558,5,118.6,593.01
G1042,5,122.66,613.29
G1011,7,115.23,806.58
G3375,1,317.86,317.86
G2699,6,113.95,683.7
G4200,1,334.61,334.61
G5391,2,309.29,618.58
G4052,2,339.55,679.11
G4982,1,334.5,334.5
G2660,6,108.28,649.71
G3733,2,349.04,698.09
G5124,1,334.71,334.71
G1720,5,116.12,580.59
G5448,3,342.38,1027.15
G3964,1,326.48,326.48
G4900,1,324.38,324.38
G1949,7,111.14,778.0
G2591,7,109.47,766.28
G3114,1,325.15,325.15
G3087,1,360.53,360.53
G5901,1,339.49,339.49
G5735,1,318.41,318.41
G2882,3,128.92,386.77
G5979,2,335.35,670.7
G2744,6,100.34,602.06
G2732,7,115.43,808.01
G1498,7,125.77,880.38
G3282,2,331.6,663.19
G4162,1,327.47,327.47
G5128,1,313.71,313.71
G5852,1,332.28,332.28
G3297,1,318.6,318.6
G0095,5,106.36,531.81
G5332,2,335.13,670.26
G4882,1,319.07,319.07
G1341,6,124.41,746.47
G2888,7,106.66,746.61
G0564,5,126.95,634.73
G1227,6,133.69,802.13
G1377,5,91.28,456.42
G5571,1,344.91,344.91
G1874,6,117.33,703.97
G0991,6,98.11,588.65
G4209,1,330.15,330.15
G4540,1,358.03,358.03
G4351,1,332.12,332.12
G1130,6,131.56,789.37
G4423,1,330.2,330.2
G5947,1,338.66,338.66
G3540,1,325.48,325.48
G2718,6,112.38,674.29
G0350,5,113.63,568.15
G1688,6,105.5,633.0
G1356,3,122.16,366.48
G0790,4,128.03,512.13
G0689,6,127.75,766.52
G0577,6,106.68,640.08
G1919,5,128.51,642.56
G3530,1,327.72,327.72
G1917,5,125.63,628.13
G1652,6,121.27,727.6
G0849,5,113.5,567.5
G0210,9,119.51,1075.61
G1598,8,127.91,1023.3
G0447,6,113.88,683.31
G1856,5,138.44,692.18
G2767,5,121.26,606.32
G2369,4,110.11,440.44
G2027,7,104.68,732.76
G4054,2,313.56,627.12
G1528,7,122.64,858.47
G3576,2,317.32,634.63
G2000,5,106.52,532.6
G2704,7,108.96,762.73
G2966,5,116.26,581.3
G2495,4,119.31,477.23
G5430,1,338.46,338.46
G0389,6,123.62,741.7
G5813,2,325.74,651.47
G0699,6,124.33,745.99
G5564,2,354.07,708.15
G4245,2,354.33,708.66
G5383,2,308.55,617.11
G1022,5,100.76,503.82
G2615,6,109.89,659.34
G4737,3,352.62,1057.87
G0221,8,104.5,835.99
G3720,2,320.8,641.6
G4425,1,315.68,315.68
G3396,2,340.53,681.05
G2148,5,112.89,564.43
G3451,1,327.4,327.4
G3361,2,351.36,702.72
G0764,5,123.23,616.16
G5618,2,343.55,687.09
G4095,2,328.3,656.59
G4190,1,361.75,361.75
G4465,3,325.98,977.94
G5310,1,313.04,313.04
G3740,1,336.09,336.09
G1959,7,114.48,801.39
G0569,4,117.24,468.97
G1125,7,118.08,826.54
G4650,1,307.09,307.09
G5976,1,309.37,309.37
G4410,2,332.9,665.81
G4780,1,331.12,331.12
G1405,6,113.75,682.49
G5192,1,325.8,325.8
G3625,1,311.59,311.59
G2711,5,115.87,579.35
G0167,6,111.1,666.6
G2836,5,110.8,554.0
G2685,6,109.36,656.15
G1394,6,109.67,658.04
G3294,2,336.11,672.21
G2227,7,110.71,774.98
G2535,5,113.4,566.98
G3337,2,350.87,701.74
G5595,1,330.19,330.19
G1904,6,111.27,667.6
G5550,1,315.79,315.79
G5817,1,343.35,343.35
G3716,2,329.01,658.02
G0908,6,100.93,605.59
G3900,1,344.2,344.2
G2912,6,114.13,684.8
G5529,2,338.94,677.88
G0826,7,126.72,887.02
G3618,3,312.42,937.27
G5082,2,355.96,711.92
G4723,2,330.39,660.79
G0587,5,108.04,540.22
G1956,7,101.11,707.75
G4427,1,329.4,329.4
G5486,2,329.65,659.3
G5467,2,325.11,650.23
G5680,1,315.63,315.63
G2853,4,121.12,484.49
G2728,7,112.69,788.86
G0870,8,124.96,999.69
G1605,5,104.08,520.39
G1015,7,114.21,799.47
G4565,2,364.5,729.0
G0428,6,128.85,773.07
G5890,1,319.28,319.28
G2152,7,106.48,745.34
G2413,4,107.36,429.43
G4558,1,326.01,326.01
G2008,5,119.88,599.39
G3339,2,330.49,660.98
G3275,1,320.23,320.23
G2426,6,121.56,729.35
G5561,1,332.57,332.57
G3174,1,312.73,312.73
G5643,2,352.64,705.29
G2073,6,121.1,726.57
G3808,2,344.65,689.3
G4408,2,318.75,637.5
G2850,5,109.35,546.73
G4808,3,329.82,989.46
G0616,6,122.35,734.08
G2485,5,91.16,455.78
G2595,6,126.25,757.5
G2874,5,105.89,529.47
G0017,4,99.81,399.23
G3316,2,306.95,613.9
G5531,1,311.73,311.73
G0607,5,107.2,536.01
G5411,1,320.37,320.37
G4275,2,318.59,637.18
G2889,5,92.34,461.7
G4139,1,345.27,345.27
G0552,5,99.32,496.61
G0857,5,101.04,505.21
G1927,3,110.51,331.54
G1425,4,105.99,423.98
G0594,6,100.21,601.23
G2769,5,117.05,585.25
G3242,1,329.02,329.02
G1750,7,115.98,811.85
G5928,1,334.52,334.52
G0634,5,122.44,612.21
G2751,7,114.55,801.83
G0045,4,122.15,488.58
G2813,7,117.19,820.33
G4659,2,340.09,680.18
G5750,1,305.17,305.17
G4310,1,340.71,340.71
G3670,2,334.03,668.06
G5767,2,327.18,654.37
G4101,1,351.08,351.08
G3425,1,343.03,343.03
G4605,2,332.74,665.49
G3855,2,321.46,642.92
G3346,2,327.57,655.15
G0586,6,102.06,612.39
G5520,2,325.74,651.49
G3359,1,324.07,324.07
G3324,2,305.78,611.56
G4404,1,330.22,330.22
G0201,6,116.85,701.11
G4564,2,327.72,655.44
G3622,2,322.35,644.7
G2052,5,118.51,592.56
G1026,6,111.82,670.91
G4769,2,341.92,683.84
G1276,6,113.99,683.92
G4918,1,322.09,322.09
G3534,2,321.05,642.09
G5176,2,337.65,675.31
G2048,5,114.78,573.9
G2265,6,126.91,761.47
G1233,5,108.89,544.46
G3953,1,316.65,316.65
G1862,6,106.74,640.43
G0632,7,108.66,760.6
G3797,2,329.23,658.45
G2053,5,118.42,592.08
G3927,2,317.48,634.97
G2537,6,104.44,626.66
G1574,4,109.16,436.62
G4148,1,327.75,327.75
G3018,2,318.98,637.96
G1516,5,105.87,529.36
G5092,2,334.95,669.89
G5277,3,358.34,1075.02
G2105,4,119.0,476.01
G5583,1,323.46,323.46
G2601,4,113.12,452.47
G4073,1,344.82,344.82
G4803,1,334.35,334.35
G5372,1,303.06,303.06
G1066,4,108.67,434.68
G2856,5,97.02,485.09
G0090,6,116.44,698.62
G3887,1,327.9,327.9
G0377,6,112.2,673.21
G0628,5,122.64,613.2
G2191,4,108.65,434.58
G0834,5,100.77,503.85
G2439,5,118.42,592.09
G0768,7,128.04,896.25
G0942,6,127.3,763.81
G1025,7,108.21,757.49
G4577,1,327.2,327.2
G4211,3,325.34,976.01
G3074,2,352.35,704.7
G5777,1,308.53,308.53
G5361,2,349.94,699.89
G2173,5,110.85,554.27
G0576,3,117.87,353.61
G5619,2,333.26,666.52
G3331,2,351.16,702.32
G4725,2,339.58,679.17
G3124,2,330.21,660.42
G2249,5,123.19,615.97
G0070,5,121.93,609.64
G1526,7,126.44,885.1
G1740,7,122.01,854.1
G5261,1,321.7,321.7
G0692,7,123.39,863.76
G1523,5,119.96,599.82
G0012,5,128.26,641.29
G5282,2,324.95,649.9
G0228,4,127.5,509.98
G3292,2,335.05,670.09
G1865,7,114.24,799.69
G2746,5,118.67,593.34
G5948,2,308.24,616.47
G2325,5,116.98,584.92
G1813,7,121.59,851.16
G0384,5,125.27,626.35
G4040,1,359.79,359.79
G0730,5,91.84,459.19
G0314,6,104.85,629.11
G3053,1,328.94,328.94
G1218,6,110.18,661.09
G2827,7,113.91,797.37
G1609,6,121.86,731.18
G1675,7,123.23,862.59
G3060,2,347.27,694.55
G1092,5,129.21,646.03
G0878,6,117.43,704.58
G5086,2,329.5,659.01
G4045,2,317.58,635.15
G3206,2,304.43,608.86
G1075,6,110.54,663.24
G3995,1,347.91,347.91
G1579,5,109.34,546.68
G2543,5,127.24,636.2
G5830,1,331.85,331.85
G4620,2,301.65,603.31
G2898,7,125.82,880.71
G0659,6,116.6,699.63
G5933,2,324.01,648.02
G0726,5,120.83,604.14
G4619,1,349.22,349.22
G4672,1,329.1,329.1
G1690,5,110.17,550.85
G5022,1,305.64,305.64
G4448,1,314.24,314.24
G5293,2,347.66,695.32
G0975,5,118.56,592.78
G5458,2,342.44,684.87
G0621,5,101.27,506.36
G1379,5,117.95,589.76
G4975,2,315.47,630.95
G1761,7,102.3,716.1
G2414,5,123.76,618.81
G1978,6,116.16,696.95
G3341,1,315.98,315.98
G0408,5,116.26,581.31
G1649,7,98.83,691.83
G1459,7,99.48,696.39
G5317,1,343.6,343.6
G5977,2,333.05,666.1
G4353,1,327.99,327.99
G5153,1,311.64,311.64
G0233,6,104.29,625.75
G5301,2,333.29,666.58
G4840,1,321.08,321.08
G4036,2,322.57,645.14
G3764,3,334.88,1004.64
G2816,6,121.84,731.05
G2787,5,113.93,569.65
G1094,6,117.22,703.29
G2783,4,119.57,478.29
G5429,1,328.77,328.77
G1264,5,112.08,560.41
G2513,6,121.38,728.26
G4084,1,353.5,353.5
G5018,1,318.79,318.79
G4967,2,339.53,679.06
G2800,6,108.51,651.04
G0931,5,121.72,608.58
G0055,7,132.35,926.45
G1258,6,129.24,775.47
G0435,7,137.72,964.07
G3464,2,333.88,667.77
G4571,1,302.28,302.28
G3210,1,343.3,343.3
G2848,5,105.06,525.28
G4973,1,357.46,357.46
G5442,2,319.3,638.59
G4033,2,337.57,675.13
G2033,6,122.31,733.86
G4215,2,301.3,602.6
G1448,6,116.0,695.99
G4189,1,333.5,333.5
G2860,6,108.69,652.11
G5132,2,335.92,671.84
G0899,7,119.29,835.05
G5235,2,328.59,657.17
G1723,6,115.26,691.57
G0795,4,115.08,460.32
G3437,1,331.72,331.72
G1977,7,128.78,901.49
G0339,6,120.03,720.17
G2780,6,121.98,731.88
G3738,2,322.55,645.1
G5365,2,326.6,653.2
G4854,2,324.2,648.41
G4792,1,322.54,322.54
G5009,1,329.16,329.16
G4917,1,329.47,329.47
G4256,3,309.72,929.17
G5888,1,324.75,324.75
G0390,5,116.39,581.95
G2781,6,102.67,616.05
G0914,7,106.55,745.85
G1509,6,121.58,729.47
G2149,5,122.47,612.33
G4688,2,326.11,652.21
G5763,1,303.93,303.93
G1211,4,112.44,449.75
G5334,2,346.51,693.01
G5510,2,345.92,691.85
G3605,1,342.86,342.86
G0921,7,133.56,934.89
G0806,5,120.14,600.68
G0376,5,104.76,523.8
G3968,1,329.85,329.85
G0613,6,113.21,679.25
G2096,5,111.54,557.7
G5470,1,331.84,331.84
G3791,1,342.34,342.34
G0694,6,125.57,753.44
G1687,5,107.04,535.19
G2246,6,114.87,689.2
G3939,1,311.06,311.06
G1154,4,107.53,430.12
G0553,7,118.47,829.27
G1085,6,128.11,768.67
G3506,1,344.86,344.86
G3626,1,319.8,319.8
G3098,2,311.56,623.11
G0545,3,128.76,386.29
G4492,1,331.27,331.27
G4490,2,318.39,636.79
G2907,5,113.24,566.19
G2876,5,105.2,526.0
G4477,1,315.09,315.09
G3827,1,304.68,304.68
G5437,2,327.19,654.39
G5490,1,348.11,348.11
G4306,1,310.89,310.89
G5886,2,341.42,682.84
G1881,6,124.94,749.63
G4134,2,325.9,651.79
G4538,1,312.42,312.42
G5498,2,320.04,640.09
G3922,1,333.4,333.4
G2999,6,119.68,718.08
G2708,6,117.99,707.93
G0523,5,105.34,526.72
G2043,5,113.3,566.48
G3727,1,330.03,330.03
G4185,2,320.56,641.12
G4548,1,343.55,343.55
G2303,5,123.58,617.89
G5686,2,337.6,675.21
G1897,5,98.11,490.57
G2867,5,108.43,542.14
G3303,2,338.02,676.03
G0220,6,122.21,733.29
G4466,1,319.37,319.37
G4678,1,332.67,332.67
G3975,2,352.73,705.46
G4386,2,327.97,655.94
G1329,4,131.99,527.98
G3160,1,347.87,347.87
G4208,2,307.39,614.77
G1319,5,116.54,582.72
G1776,4,122.83,491.31
G5129,1,319.48,319.48
G4898,1,319.68,319.68
G5445,2,309.22,618.44
G1432,6,92.7,556.17
G3184,3,335.01,1005.03
G2283,7,125.27,876.88
G3878,1,309.59,309.59
G2738,6,129.12,774.72
G2002,5,110.47,552.33
G3718,1,314.01,314.01
G0312,7,119.49,836.46
G1128,5,132.99,664.94
G0058,5,117.04,585.22
G1632,5,109.61,548.03
G4128,2,289.16,578.33
G2626,5,114.02,570.12
G1535,5,122.42,612.12
G1101,6,100.0,599.99
G3598,1,329.44,329.44
G1361,5,118.07,590.37
G1129,5,107.65,538.24
G3424,2,331.72,663.45
G1281,6,135.93,815.59
G0558,5,116.23,581.15
G0375,8,98.17,785.39
G1722,5,120.18,600.9
G3667,1,328.3,328.3
G3934,1,319.16,319.16
G5985,1,339.64,339.64
G4511,3,315.57,946.7
G3650,2,333.22,666.45
G4287,2,328.6,657.19
G0885,6,114.36,686.16
G2079,5,118.34,591.72
G2766,6,111.81,670.87
G0543,6,123.79,742.77
G0823,8,114.55,916.41
G4419,1,342.82,342.82
G1764,4,118.84,475.37
G4227,1,320.06,320.06
G1863,6,108.13,648.78
G4837,2,319.66,639.32
G1273,4,101.41,405.66
G5845,2,331.07,662.14
G2563,5,108.75,543.77
G2839,8,102.72,821.79
G0736,6,113.78,682.68
G2474,4,110.0,439.99
G4092,3,312.91,938.74
G1502,5,101.47,507.37
G1522,6,125.74,754.46
G3413,1,338.38,338.38
G1071,5,120.72,603.6
G1417,6,117.62,705.72
G1936,4,120.43,481.74
G0085,5,113.14,565.71
G3775,1,325.47,325.47
G2646,5,97.57,487.85
G3455,1,341.67,341.67
G0416,5,113.53,567.65
G3249,1,349.95,349.95
G0957,6,114.07,684.42
G2737,5,120.79,603.97
G4389,2,357.17,714.35
G1937,6,115.03,690.19
G2854,6,105.21,631.28
G4753,2,296.27,592.55
G0150,6,106.03,636.2
G1189,6,110.83,665.0
G0328,6,109.11,654.64
G5673,1,310.12,310.12
G2583,5,131.44,657.18
G3692,1,325.47,325.47
G2029,6,127.88,767.28
G0666,6,102.42,614.53
G0827,7,103.24,722.67
G4848,2,349.43,698.85
G3931,1,319.42,319.42
G3842,1,350.02,350.02
G4065,2,309.53,619.06
G4311,1,331.49,331.49
G0357,5,115.79,578.93
G4588,2,334.82,669.65
G4501,3,353.12,1059.36
G3325,1,308.32,308.32
G0930,5,116.72,583.61
G4482,2,326.31,652.62
G2797,6,145.98,875.9
G1497,8,106.95,855.59
G5047,1,351.83,351.83
G5540,2,350.55,701.1
G2116,5,120.19,600.97
G3778,2,332.49,664.98
G3880,1,355.69,355.69
G5511,2,345.13,690.25
G4506,1,341.46,341.46
G1746,6,112.15,672.89
G5984,2,325.49,650.97
G3468,1,302.11,302.11
G0943,6,109.03,654.18
G1357,5,117.27,586.35
G1895,5,104.36,521.79
G0245,4,113.27,453.09
G4974,1,337.4,337.4
G2253,4,110.33,441.33
G4262,2,343.42,686.85
G2790,6,115.95,695.68
G3954,1,315.59,315.59
G4550,3,340.69,1022.06
G2086,4,138.25,552.99
G2162,6,94.25,565.52
G5541,1,320.38,320.38
G5946,1,330.66,330.66
G0333,6,130.9,785.39
G5917,3,341.61,1024.82
G0016,5,125.38,626.92
G3056,2,319.65,639.29
G0028,6,119.49,716.95
G2419,6,109.3,655.78
G4322,1,338.99,338.99
G5329,2,318.05,636.1
G2489,6,107.89,647.31
G5168,2,344.45,688.9
G1106,4,117.43,469.72
G5112,1,344.49,344.49
G5065,1,349.07,349.07
G2705,6,111.57,669.41
G1603,5,131.35,656.75
G5983,1,292.15,292.15
G3434,1,320.45,320.45
G5408,1,352.81,352.81
G4704,2,349.08,698.17
G0219,5,107.65,538.23
G1315,6,110.91,665.44
G0409,6,112.78,676.65
G2656,6,106.94,641.65
G0365,6,107.91,647.46
G4125,2,325.81,651.61
G4671,2,341.7,683.39
G4966,1,327.45,327.45
G4452,2,318.1,636.2
G4653,1,324.19,324.19
G0024,4,126.54,506.16
G0646,5,103.86,519.3
G1380,7,107.24,750.65
G3448,1,321.71,321.71
G0535,5,135.96,679.79
G1286,4,117.03,468.13
G1894,5,113.76,568.8
G4089,2,341.55,683.1
G3748,2,312.65,625.29
G1655,6,122.03,732.21
G4100,1,321.25,321.25
G5937,1,341.88,341.88
G1313,7,119.95,839.63
G3649,2,334.72,669.45
G4935,1,333.72,333.72
G3248,2,315.13,630.27
G4768,1,353.68,353.68
G1277,8,109.02,872.12
G1682,5,109.24,546.18
G2440,4,114.4,457.6
G0676,5,115.73,578.64
G2578,6,116.93,701.6
G4890,1,339.7,339.7
G5020,2,349.62,699.24
G3035,1,329.56,329.56
G4984,3,338.06,1014.17
G2236,6,135.68,814.09
G5478,1,331.61,331.61
G3672,1,335.83,335.83
G2693,5,118.32,591.58
G4335,2,333.0,666.0
G4888,1,317.33,317.33
G3795,1,321.14,321.14
G5827,1,355.21,355.21
G2333,4,117.56,470.25
G1262,6,112.13,672.79
G3391,1,328.21,328.21
G5517,1,325.35,325.35
G0482,5,90.0,450.0
G0861,6,110.48,662.88
G0269,5,117.31,586.57
G3089,2,328.03,656.07
G1294,6,112.92,677.49
G0669,3,113.58,340.74
G0635,4,119.22,476.86
G0871,5,101.1,505.49
G1939,7,124.83,873.79
G1745,5,131.04,655.22
G0852,5,119.94,599.68
G0813,7,106.44,745.05
G4232,3,312.04,936.11
G1460,6,121.62,729.72
G5684,2,331.17,662.34
G0136,7,119.43,836.01
G2102,5,120.02,600.08
G1307,6,108.7,652.2
G3134,2,334.11,668.22
G3212,2,316.14,632.27
G1230,8,115.09,920.68
G0126,8,122.4,979.17
G2574,5,111.25,556.27
G3323,1,331.45,331.45
G3334,1,343.08,343.08
G1248,5,136.96,684.81
G5986,2,340.81,681.62
G3239,1,317.42,317.42
G3186,1,329.01,329.01
G3388,1,356.2,356.2
G4070,1,324.71,324.71
G3412,1,316.39,316.39
G5869,2,335.05,670.11
G4136,2,322.87,645.73
G5821,2,321.81,643.62
G2739,7,108.72,761.03
G0458,4,111.24,444.95
G3550,2,299.2,598.4
G3533,2,307.12,614.23
G0536,6,130.94,785.67
G0250,6,96.42,578.53
G5256,2,339.31,678.62
G2335,6,107.28,643.7
G1400,5,124.43,622.14
G3689,1,329.73,329.73
G3175,2,346.57,693.15
G4290,1,318.73,318.73
G5887,2,328.19,656.38
G2126,6,108.16,648.98
G5299,1,325.49,325.49
G5896,3,326.29,978.88
G0638,6,118.7,712.2
G1923,4,120.87,483.5
G5656,1,319.65,319.65
G3709,2,309.83,619.65
G2348,5,92.99,464.94
G4543,2,331.04,662.07
G1013,8,105.15,841.2
G5699,1,336.43,336.43
G1485,6,114.66,687.96
G4315,1,320.19,320.19
G1439,6,111.59,669.56
G4719,1,352.41,352.41
G3651,2,346.85,693.7
G3621,1,335.44,335.44
G0487,5,130.3,651.51
G0680,7,114.16,799.14
G2881,3,90.96,272.89
G2036,8,138.94,1111.55
G1354,6,98.27,589.63
G2599,7,116.13,812.94
G4805,1,343.96,343.96
G4516,2,344.49,688.98
G3195,1,314.87,314.87
G2647,5,108.92,544.62
G3516,1,309.8,309.8
G0856,5,113.49,567.44
G1945,6,132.48,794.89
G2894,6,99.8,598.78
G5891,1,324.6,324.6
G2003,5,97.04,485.22
G0746,5,113.18,565.92
G3867,2,334.82,669.65
G5509,1,347.78,347.78
G5174,1,325.13,325.13
G0417,7,123.41,863.85
G0652,7,120.51,843.56
G0836,6,111.02,666.15
G0080,4,112.51,450.06
G1135,5,113.89,569.46
G4696,2,313.85,627.69
G2935,6,131.73,790.41
G0702,7,129.53,906.68
G1055,5,104.8,524.02
G0491,5,111.73,558.65
G1942,5,112.94,564.72
G3945,1,327.11,327.11
G1309,7,113.03,791.22
G5454,1,314.51,314.51
G2353,6,116.68,700.05
G5867,2,329.0,658.0
G5982,2,325.73,651.46
G5000,3,325.73,977.18
G4701,2,321.63,643.25
G0123,7,119.91,839.38
G0185,5,107.2,535.99
G5087,1,333.31,333.31
G5748,1,284.49,284.49
G1800,6,122.39,734.35
G2135,5,99.18,495.89
G0081,5,127.01,635.03
G4762,2,336.5,673.0
G0336,5,101.58,507.89
G1016,6,109.21,655.25
G4091,1,323.42,323.42
G2375,7,119.32,835.21
G0668,7,120.9,846.33
G1376,5,121.46,607.3
G4431,2,323.66,647.33
G1506,5,118.79,593.97
G4146,2,346.77,693.54
G1550,7,112.69,788.83
G4246,1,322.2,322.2
G3911,1,333.28,333.28
G3706,1,317.87,317.87
G1225,5,101.27,506.33
G5144,1,350.19,350.19
G0639,4,113.76,455.05
G4705,1,338.82,338.82
G4442,3,321.88,965.63
G5944,2,336.89,673.79
G5050,2,362.57,725.14
G4919,1,314.65,314.65
G2688,4,110.02,440.09
G4229,2,322.01,644.01
G1646,6,131.16,786.98
G5131,1,306.36,306.36
G1934,5,126.22,631.12
G3591,1,343.15,343.15
G3782,2,346.07,692.14
G4822,2,329.04,658.07
G0340,5,132.96,664.82
G5363,1,317.08,317.08
G3985,1,312.11,312.11
G4266,1,336.01,336.01
G2065,6,122.44,734.62
G3382,1,313.99,313.99
G5548,2,307.74,615.48
G3664,1,333.41,333.41
G4734,2,321.93,643.85
G3635,1,328.98,328.98
G0164,5,108.05,540.27
G2468,6,117.49,704.97
G3523,1,344.31,344.31
G5584,2,336.96,673.93
G4675,1,307.84,307.84
G4488,2,344.43,688.87
G0356,4,113.34,453.37
G2617,5,113.32,566.58
G2481,5,134.6,672.99
G3288,2,335.88,671.75
G2639,4,111.6,446.41
G2234,6,112.43,674.58
G2275,4,110.9,443.61
G2324,7,117.1,819.72
G5774,2,337.01,674.01
G4693,2,346.03,692.06
G0782,4,111.73,446.93
G1640,4,90.0,360.0
G3183,1,326.76,326.76
G1892,6,102.81,616.84
G5485,3,321.11,963.32
G1166,8,122.94,983.51
G2110,6,115.81,694.86
G3423,2,334.38,668.77
G5037,1,328.29,328.29
G3167,2,311.19,622.38
G2880,5,118.21,591.06
G4658,1,316.7,316.7
G0626,5,105.52,527.61
G5459,1,318.87,318.87
G3278,1,335.96,335.96
G2466,6,114.79,688.73
G5959,2,317.5,635.01
G2330,6,97.53,585.19
G0932,7,130.28,911.96
G3311,1,358.85,358.85
G4355,2,340.41,680.83
G2257,6,110.88,665.25
G4180,1,346.78,346.78
G4015,1,342.34,342.34
G4167,3,352.79,1058.37
G0617,6,105.14,630.85
G4505,1,330.34,330.34
G0371,6,114.23,685.35
G1438,7,112.27,785.92
G5732,1,366.69,366.69
G1546,6,120.84,725.06
G3371,1,307.41,307.41
G1698,5,127.73,638.63
G1994,6,120.67,724.01
G1232,4,128.56,514.22
G0532,4,133.58,534.31
G2577,7,108.32,758.23
G3208,2,302.36,604.71
G3192,1,302.88,302.88
G5252,1,328.45,328.45
G2350,5,115.34,576.7
G3356,1,337.24,337.24
G1621,6,110.46,662.78
G2863,4,111.65,446.61
G0585,6,115.71,694.28
G0948,5,119.28,596.41
G1221,4,91.08,364.32
G1395,5,123.4,616.98
G4627,2,349.5,699.0
G4358,1,300.13,300.13
G3218,1,334.04,334.04
G0566,5,115.52,577.58
G0176,6,107.48,644.85
G5345,1,331.68,331.68
G2680,5,110.01,550.07
G2931,6,105.33,632.0
G3515,2,333.11,666.23
G5593,3,365.0,1094.99
G0888,5,113.38,566.89
G3888,3,324.97,974.9
G2928,6,116.67,700.0
G2571,6,114.97,689.83
G3654,2,352.78,705.55
G2520,5,99.97,499.86
G3148,1,322.8,322.8
G5059,2,321.42,642.84
G4945,2,343.77,687.53
G1958,9,125.6,1130.41
G1059,6,124.62,747.72
G3256,1,322.87,322.87
G3832,1,317.78,317.78
G5766,1,340.88,340.88
G1575,6,107.51,645.04
G1350,5,109.39,546.96
G0955,5,109.19,545.97
G5072,2,305.72,611.44
G3224,3,307.05,921.16
G0266,4,134.41,537.65
G4930,1,326.87,326.87
G0110,5,96.3,481.51
G1928,5,117.39,586.93
G5453,1,302.81,302.81
G4709,1,327.26,327.26
G0009,5,125.83,629.13
G4489,2,315.21,630.43
G2897,3,99.29,297.87
G1590,6,104.2,625.21
G2292,6,119.57,717.4
G1843,5,121.86,609.28
G4330,1,345.98,345.98
G1223,6,114.94,689.67
G4618,2,326.06,652.12
G1602,7,124.37,870.62
G2128,7,114.86,804.0
G4894,1,337.87,337.87
G3743,1,308.1,308.1
G0084,5,103.83,519.14
G1592,3,116.96,350.89
G5064,2,345.11,690.21
G0515,5,119.35,596.74
G3245,1,325.5,325.5
G4958,3,333.37,1000.1
G2945,6,119.93,719.57
G1900,5,121.04,605.19
G1540,3,122.66,367.99
G4855,1,317.8,317.8
G0901,6,109.44,656.63
G1481,6,103.05,618.33
G3963,2,340.33,680.65
G5358,1,339.42,339.42
G0850,5,100.67,503.34
G3627,2,332.77,665.55
G2159,7,113.16,792.11
G1831,6,123.69,742.13
G0449,5,111.12,555.62
G0133,4,97.69,390.75
G1305,6,101.93,611.56
G3020,2,339.99,679.98
G0565,7,124.58,872.09
G5992,2,308.23,616.47
G1234,8,120.04,960.36
G3801,1,344.01,344.01
G1469,4,116.07,464.3
G1983,5,117.87,589.34
G2066,5,112.95,564.76
G2748,4,117.02,468.09
G0425,6,97.24,583.44
G4996,3,333.62,1000.86
G0496,6,134.35,806.11
G4892,2,337.1,674.2
G5921,3,340.72,1022.15
G1527,7,101.12,707.85
G4119,1,318.7,318.7
G3073,2,306.04,612.07
G0810,5,123.11,615.54
G3942,2,357.02,714.05
G5348,2,350.16,700.33
G3342,1,331.16,331.16
G3061,2,328.47,656.94
G1829,5,124.24,621.18
G0037,6,111.57,669.45
G3126,1,330.97,330.97
G1209,4,106.43,425.73
G3012,2,310.53,621.05
G4909,2,321.85,643.71
G3128,2,317.78,635.57
G1382,5,116.76,583.81
G2925,6,97.48,584.86
G1402,6,125.72,754.32
G0715,5,125.13,625.63
G3220,2,323.8,647.6
G0112,5,112.17,560.84
G5792,1,352.58,352.58
G2549,7,110.08,770.56
G5042,1,313.0,313.0
G1930,7,113.57,794.97
G0179,5,124.75,623.77
G4810,1,337.62,337.62
G2503,5,116.65,583.27
G3589,1,299.11,299.11
G5533,2,320.55,641.09
G4515,1,332.48,332.48
G5712,1,330.66,330.66
G2609,6,123.99,743.92
G0989,5,134.23,671.17
G2217,5,117.91,589.55
G5709,2,346.9,693.79
G3129,1,338.56,338.56
G3064,3,318.18,954.54
G2965,7,128.68,900.77
G5843,1,341.52,341.52
G5751,2,339.69,679.39
G1976,5,101.26,506.31
G1848,5,109.71,548.53
G0882,5,116.76,583.78
G2189,5,105.82,529.1
G2512,6,122.29,733.71
G5098,2,332.79,665.58
G1299,6,105.15,630.92
G5258,2,330.08,660.16
G0947,4,120.38,481.51
G2782,5,108.16,540.78
G1274,5,104.2,521.01
G1538,5,111.97,559.83
G5104,1,333.55,333.55
G2178,6,96.47,578.82
G2561,4,104.54,418.18
G2028,7,110.6,774.18
G3819,1,313.66,313.66
G1360,6,121.8,730.81
G0531,6,129.97,779.85
G2690,6,113.32,679.9
G3241,1,341.73,341.73
G0761,5,118.22,591.1
G0910,8,107.63,861.06
G1763,6,121.72,730.32
G1410,5,123.76,618.81
G1787,5,122.31,611.55
G5164,1,365.39,365.39
G2007,6,125.48,752.91
G5589,1,325.39,325.39
G3172,2,330.67,661.34
G4920,2,325.71,651.43
G2402,6,111.03,666.16
G1749,6,106.32,637.9
G3681,1,324.04,324.04
G1444,4,121.8,487.21
G2358,6,105.95,635.7
G2381,5,109.14,545.68
G0741,4,107.85,431.41
G0454,6,109.39,656.36
G1834,6,121.2,727.18
G4754,1,313.12,313.12
G5969,2,335.78,671.55
G5500,2,323.49,646.98
G5873,1,336.13,336.13
G2972,5,115.01,575.04
G4873,3,340.33,1020.99
G2380,6,109.43,656.57
G1473,5,127.95,639.75
G4440,2,320.11,640.22
G3234,1,328.01,328.01
G3555,1,323.54,323.54
G1027,6,107.19,643.13
G3560,2,324.96,649.93
G0111,4,103.38,413.53
G1175,5,113.25,566.23
G0672,3,123.72,371.17
G3133,3,333.66,1000.98
G1371,5,97.58,487.89
G0471,5,114.09,570.43
G2457,5,108.71,543.57
G5315,2,327.7,655.39
G0772,5,110.02,550.12
G3466,2,311.26,622.51
G3630,2,360.6,721.2
G2268,6,109.52,657.13
G4662,2,333.68,667.36
G1198,6,99.34,596.06
G1287,4,110.42,441.69
G2037,6,136.85,821.11
G4578,1,322.81,322.81
G4997,2,334.88,669.76
G5955,1,317.53,317.53
G5839,2,358.13,716.26
G5137,1,315.61,315.61
G0555,6,96.6,579.6
G0956,7,108.89,762.2
G5185,2,323.01,646.01
G1441,6,101.43,608.58
G5990,1,355.68,355.68
G5523,1,311.66,311.66
G5785,1,312.95,312.95
G4493,1,313.68,313.68
G1207,5,119.94,599.7
G5815,2,339.68,679.37
G4282,2,329.07,658.14
G1474,6,120.44,722.65
G4799,2,330.66,661.31
G3094,1,349.22,349.22
G3849,3,317.58,952.73
G0265,5,121.65,608.27
G3741,1,317.79,317.79
G1409,5,120.41,602.05
G4183,2,341.05,682.1
G4636,1,313.27,313.27
G2772,5,113.36,566.79
G4142,2,341.29,682.59
G2670,6,128.34,770.03
G5288,1,309.51,309.51
G1070,6,125.54,753.24
G3350,1,325.02,325.02
G3335,1,337.64,337.64
G5808,1,333.23,333.23
G4080,1,314.4,314.4
G2006,6,102.26,613.55
G1573,6,123.09,738.54
G4143,2,320.78,641.55
G0086,5,118.1,590.5
G4220,1,337.82,337.82
G3347,1,334.96,334.96
G2447,6,101.5,609.01
G0114,8,102.91,823.24
G0412,4,110.97,443.88
G0821,5,111.0,555.01
G4241,2,355.29,710.57
G5091,1,337.37,337.37
G0622,6,118.51,711.09
G5576,2,334.93,669.86
G0745,6,105.05,630.29
G3081,2,328.39,656.78
G0107,7,102.07,714.48
G5724,2,310.49,620.99
G0893,7,107.0,749.0
G1316,4,125.06,500.24
G4527,2,321.55,643.11
G3289,2,330.3,660.6
G1032,4,100.84,403.35
G2161,4,117.73,470.92
G1177,4,114.91,459.63
G5698,1,311.51,311.51
G2166,4,124.74,498.94
G5387,2,342.76,685.53
G1047,6,122.01,732.04
G1585,6,113.12,678.7
G1426,4,103.67,414.69
G2280,6,115.79,694.74
G2417,6,111.18,667.05
G3139,2,320.83,641.67
G0950,6,102.21,613.26
G3921,2,314.56,629.11
G3903,2,313.24,626.48
G1773,5,121.46,607.28
G4781,1,311.3,311.3
G5359,1,319.79,319.79
G1288,6,116.86,701.14
G3949,1,327.03,327.03
G3191,2,315.91,631.81
G2622,6,97.21,583.24
G5100,2,327.02,654.04
G0052,5,107.91,539.53
G0905,6,131.15,786.89
G3853,2,340.3,680.6
G0755,5,108.08,540.39
G0072,7,132.03,924.18
G5659,2,337.84,675.67
G5240,1,331.93,331.93
G4796,2,325.83,651.66
G1161,3,115.13,345.38
G2239,5,116.8,584.0
G4202,2,333.21,666.42
G3848,2,333.76,667.53
G4034,1,321.88,321.88
G1206,6,108.74,652.42
G4665,2,340.16,680.33
G3703,1,338.81,338.81
G0562,8,107.43,859.46
G2572,4,109.67,438.68
G5545,2,332.79,665.58
G0525,5,109.18,545.91
G1339,5,94.37,471.83
G0476,5,102.15,510.77
G2396,4,123.03,492.13
G0966,7,118.63,830.42
G5916,2,333.89,667.79
G4977,1,341.29,341.29
G5915,1,313.44,313.44
G0863,7,114.93,804.51
G0556,5,114.68,573.39
G1290,3,121.06,363.17
G2740,6,115.99,695.94
G4773,1,343.18,343.18
G4471,2,337.86,675.72
G1808,6,121.52,729.14
G1217,5,133.57,667.83
G3826,1,306.99,306.99
G4959,2,335.24,670.49
G3767,3,344.0,1031.99
G2778,5,111.44,557.2
G0144,6,108.97,653.83
G1549,6,119.11,714.63
G0815,7,102.36,716.49
G0953,4,136.84,547.36
G4908,1,335.05,335.05
G5224,2,305.08,610.15
G0705,4,113.6,454.38
G1820,5,112.2,561.02
G0788,6,106.15,636.89
G5117,1,336.61,336.61
G0554,6,140.12,840.69
G0345,5,105.35,526.76
G0457,5,125.89,629.44
G0786,7,109.49,766.46
G3055,2,303.83,607.66
G3495,1,316.11,316.11
G0865,5,111.28,556.41
G0886,7,120.36,842.54
G2216,6,120.04,720.26
G3232,1,339.8,339.8
G5275,1,340.62,340.62
G2378,4,92.51,370.02
G5187,2,345.05,690.1
G4445,1,337.3,337.3
G3446,1,303.91,303.91
G1705,6,120.77,724.64
G4656,1,351.82,351.82
G3565,1,337.05,337.05
G4774,2,350.23,700.46
G3052,2,313.07,626.14
G0750,4,100.26,401.03
G5582,1,336.92,336.92
G2356,6,123.95,743.69
G3438,1,328.37,328.37
G4153,1,323.15,323.15
G4024,2,330.97,661.94
G0691,5,120.33,601.67
G3868,1,331.75,331.75
G1275,7,94.78,663.47
G0721,6,124.96,749.73
G1608,7,119.89,839.25
G3977,2,355.11,710.23
G6000,2,315.81,631.61
G5722,2,314.95,629.9
G5425,2,312.7,625.4
G5006,2,326.82,653.64
G0498,5,114.52,572.6
G1156,7,112.83,789.8
G4824,2,335.58,671.16
G2476,6,131.37,788.2
G5196,2,342.74,685.49
G0059,6,102.98,617.87
G2274,6,121.99,731.94
G3700,1,307.66,307.66
G0807,6,115.35,692.08
G0461,7,131.96,923.7
G3614,3,301.9,905.7
G1330,6,110.98,665.89
G2545,8,111.35,890.78
G4326,2,310.29,620.57
G2160,6,103.7,622.19
G5170,1,328.31,328.31
G3449,1,324.28,324.28
G5126,2,343.49,686.99
G1572,4,112.01,448.03
G0911,5,100.85,504.24
G2103,5,117.48,587.42
G4568,1,339.85,339.85
G3080,2,304.74,609.49
G3166,1,329.04,329.04
G5711,1,360.03,360.03
G3093,1,312.65,312.65
G5759,2,336.21,672.41
G3969,1,330.95,330.95
G2075,5,117.01,585.04
G3750,1,347.29,347.29
G0640,4,119.58,478.31
G3354,2,332.52,665.05
G0143,4,114.01,456.04
G5927,1,366.6,366.6
G4257,1,340.29,340.29
G2807,5,91.96,459.79
G5351,1,309.88,309.88
G4426,2,337.6,675.21
G3659,1,349.57,349.57
G0258,5,107.88,539.39
G2203,6,116.49,698.97
G3478,1,353.86,353.86
G4269,2,327.78,655.55
G0096,4,127.79,511.18
G0074,7,131.32,919.23
G5566,2,329.94,659.88
G2971,4,124.76,499.03
G1268,5,95.04,475.22
G1199,6,90.0,540.0
G3858,1,324.23,324.23
G0202,6,119.25,715.53
G4661,2,351.06,702.13
G0696,5,111.85,559.25
G5585,1,338.33,338.33
G2081,6,105.06,630.38
G1429,5,116.02,580.12
G0485,5,104.89,524.47
G2224,5,105.71,528.56
G0360,5,105.2,526.01
G3734,1,311.32,311.32
G4940,1,339.9,339.9
G2429,7,107.29,751.02
G3675,2,339.38,678.77
G2427,6,124.64,747.83
G4811,2,319.3,638.6
G2057,5,122.09,610.47
G0976,4,116.92,467.66
G3839,1,315.02,315.02
G2528,6,115.13,690.78
G1308,5,122.32,611.6
G2281,4,108.59,434.36
G5707,2,318.62,637.24
G1700,6,110.31,661.85
G2034,6,120.38,722.31
G3045,2,325.48,650.95
G2451,5,110.58,552.91
G1505,5,112.86,564.3
G3769,2,340.55,681.1
G3984,1,333.66,333.66
G4213,1,340.04,340.04
G5424,1,324.87,324.87
G2792,5,90.0,450.0
G5586,2,346.25,692.5
G4835,2,354.68,709.36
G3613,1,322.51,322.51
G5736,1,328.29,328.29
G3310,2,345.49,690.97
G0837,7,127.38,891.64
G2374,6,114.32,685.93
G3567,2,315.2,630.41
G4130,2,312.75,625.51
G5981,1,310.06,310.06
G2830,5,128.62,643.11
G2307,6,113.71,682.26
G3528,1,336.63,336.63
G5505,1,357.94,357.94
G5374,1,326.18,326.18
G0767,5,105.25,526.23
G1849,6,109.38,656.29
G0804,5,116.59,582.97
G2040,4,118.83,475.33
G0335,6,129.0,773.98
G5194,2,320.76,641.52
G2679,6,118.6,711.58
G0108,6,120.72,724.34
G1121,7,108.92,762.46
G0326,4,119.75,479.01
G5953,1,323.97,323.97
G3690,1,334.4,334.4
G1677,7,121.93,853.49
G2550,8,128.28,1026.24
G1062,3,117.79,353.38
G3370,1,335.54,335.54
G4289,2,321.2,642.4
G2991,7,120.38,842.64
G3219,1,316.5,316.5
G2995,5,123.64,618.18
G0042,6,116.57,699.42
G0103,5,131.49,657.47
G1967,5,105.61,528.03
G1784,6,105.22,631.29
G5109,2,327.11,654.22
G3214,1,337.99,337.99
G5610,1,318.77,318.77
G4027,2,333.68,667.36
G4567,1,349.34,349.34
G1699,6,116.26,697.58
G0038,4,116.7,466.82
G3866,2,329.55,659.11
G3240,2,311.81,623.62
G3255,1,333.29,333.29
G2924,5,115.82,579.1
G3421,1,334.38,334.38
G2264,4,119.17,476.7
G4569,2,322.81,645.61
G2960,4,135.54,542.15
G3907,1,339.55,339.55
G0742,4,120.21,480.85
G0194,4,108.82,435.29
G3006,2,312.66,625.33
G2054,5,112.29,561.43
G4937,1,340.3,340.3
G1569,4,129.52,518.08
G0949,5,112.2,561.0
G2001,5,110.76,553.81
G3042,2,334.43,668.87
G2559,6,114.71,688.25
G2546,6,98.29,589.73
G2729,5,116.36,581.79
G3724,1,330.36,330.36
G0102,5,123.56,617.78
G4487,2,326.36,652.73
G3804,3,314.77,944.3
G0134,6,129.95,779.7
G0530,5,104.49,522.43
G1747,6,116.39,698.32
G0223,6,128.71,772.23
G1828,7,122.98,860.86
G5745,3,343.1,1029.29
G2826,7,98.26,687.79
G3697,2,331.86,663.72
G3484,1,334.13,334.13
G3147,2,326.28,652.56
G1944,5,107.72,538.59
G2382,5,108.8,544.01
G2721,7,110.66,774.63
G4697,2,350.67,701.34
G1971,6,130.29,781.72
G4721,1,327.1,327.1
G2180,6,115.16,690.94
G3537,1,318.03,318.03
G1898,7,103.8,726.6
G4971,2,335.66,671.33
G3491,2,333.14,666.28
G1168,6,112.54,675.22
G1249,6,119.93,719.58
G3229,2,303.48,606.96
G3280,2,325.39,650.79
G3458,2,330.79,661.57
G4050,1,336.51,336.51
G0048,7,111.64,781.46
G5306,2,321.76,643.52
G0240,6,124.38,746.27
G2013,5,115.09,575.44
G5028,2,308.75,617.5
G5097,2,310.39,620.79
G3525,2,316.16,632.33
G3009,2,334.58,669.15
G4313,2,321.5,643.0
G5964,1,315.15,315.15
G2448,5,132.68,663.41
G1689,6,100.56,603.38
G1499,7,93.3,653.12
G4783,2,318.88,637.77
G2671,5,139.97,699.87
G3997,2,300.02,600.05
G4421,1,345.84,345.84
G2734,5,113.1,565.48
G2845,6,122.21,733.26
G4852,1,340.39,340.39
G5775,2,349.54,699.09
G5695,1,322.45,322.45
G1226,5,120.2,601.0
G5043,1,326.63,326.63
G5697,3,320.56,961.67
G4612,1,346.83,346.83
G2486,6,122.45,734.71
G5910,2,329.2,658.4
G3349,1,339.14,339.14
G3329,2,333.38,666.76
G3512,2,314.7,629.41
G5369,2,310.65,621.31
G3520,2,323.93,647.86
G0830,5,119.81,599.05
G3989,1,315.29,315.29
G4542,1,332.76,332.76
G1981,5,103.02,515.1
G4654,2,305.02,610.04
G0186,6,128.31,769.83
G4897,2,307.34,614.68
G4491,1,314.88,314.88
G5547,2,333.35,666.71
G3179,2,314.6,629.2
G1501,6,105.41,632.47
G0162,6,119.56,717.35
G5178,2,344.0,688.0
G4023,1,350.42,350.42
G4575,1,313.3,313.3
G1074,4,113.55,454.2
G2833,7,103.97,727.78
G0664,5,118.12,590.62
G3961,2,313.94,627.88
G4194,2,329.73,659.46
G5046,2,342.89,685.78
G0139,6,119.73,718.41
G2127,4,112.26,449.05
G0214,6,130.23,781.39
G4579,1,335.83,335.83
G4522,1,332.18,332.18
G3430,1,360.4,360.4
G4371,2,318.39,636.77
G3755,1,323.13,323.13
G4950,2,363.5,726.99
G3854,1,320.37,320.37
G3998,1,319.42,319.42
G2201,7,111.69,781.85
G4140,2,310.56,621.12
G3865,1,331.73,331.73
G2111,5,110.19,550.97
G4432,1,345.42,345.42
G0394,7,114.24,799.7
G5765,1,328.95,328.95
G0596,5,126.46,632.32
G3646,3,325.61,976.83
G2607,5,102.29,511.45
G0868,6,131.54,789.22
G0259,6,126.87,761.2
G2953,6,107.83,647.01
G0434,6,114.02,684.13
G5435,1,304.81,304.81
G3291,1,319.91,319.91
G0354,5,115.77,578.86
G0174,6,122.76,736.56
G2229,4,121.0,484.01
G0605,6,122.82,736.93
G5857,2,326.44,652.88
G0589,6,127.4,764.38
G2775,5,118.08,590.4
G5030,2,333.67,667.35
G0355,5,109.06,545.31
G4276,1,338.56,338.56
G1131,6,112.57,675.42
G1489,4,123.81,495.25
G5360,1,334.38,334.38
G4954,1,334.74,334.74
G3193,1,339.27,339.27
G3572,1,321.58,321.58
G0261,5,112.62,563.09
G0063,4,114.07,456.26
G5799,2,355.94,711.88
G5902,2,311.36,622.71
G3535,1,342.3,342.3
G1825,6,114.37,686.24
G1798,5,95.51,477.53
G5090,1,354.07,354.07
G4019,2,319.28,638.56
G0685,4,121.03,484.12
G2117,5,131.73,658.67
G1040,7,108.11,756.78
G3951,1,343.02,343.02
G1257,7,106.64,746.48
G4429,2,346.6,693.19
