row_id,p_cancel
HTL28446,0.319177
HTL28447,0.319177
HTL28448,0.319177
HTL28449,0.319177
HTL28450,0.319177
HTL28451,0.319177
HTL28452,0.319177
HTL28453,0.319177
HTL28454,0.319177
HTL28455,0.319177
HTL28456,0.319177
HTL28457,0.319177
HTL28458,0.319177
HTL28459,0.319177
HTL28460,0.319177
HTL28461,0.319177
HTL28462,0.319177
HTL28463,0.319177
HTL28464,0.319177
HTL28465,0.319177
HTL28466,0.319177
HTL28467,0.319177
HTL28468,0.319177
HTL28469,0.319177
HTL28470,0.319177
HTL28471,0.319177
HTL28472,0.319177
HTL28473,0.319177
HTL28474,0.319177
HTL28475,0.319177
HTL28476,0.319177
HTL28477,0.319177
HTL28478,0.319177
HTL28479,0.319177
HTL28480,0.319177
HTL28481,0.319177
HTL28482,0.319177
HTL28483,0.319177
HTL28484,0.319177
HTL28485,0.319177
HTL28486,0.319177
HTL28487,0.319177
HTL28488,0.319177
HTL28489,0.319177
HTL28490,0.319177
HTL28491,0.319177
HTL28492,0.319177
HTL28493,0.319177
HTL28494,0.319177
HTL28495,0.319177
HTL28496,0.319177
HTL28497,0.319177
HTL28498,0.319177
HTL28499,0.319177
HTL28500,0.319177
HTL28501,0.319177
HTL28502,0.319177
HTL28503,0.319177
HTL28504,0.319177
HTL28505,0.319177
HTL28506,0.319177
HTL28507,0.319177
HTL28508,0.319177
HTL28509,0.319177
HTL28510,0.319177
HTL28511,0.319177
HTL28512,0.319177
HTL28513,0.319177
HTL28514,0.319177
HTL28515,0.319177
HTL28516,0.319177
HTL28517,0.319177
HTL28518,0.319177
HTL28519,0.319177
HTL28520,0.319177
HTL28521,0.319177
HTL28522,0.319177
HTL28523,0.319177
HTL28524,0.319177
HTL28525,0.319177
HTL28526,0.319177
HTL28527,0.319177
HTL28528,0.319177
HTL28529,0.319177
HTL28530,0.319177
HTL28531,0.319177
HTL28532,0.319177
HTL28533,0.319177
HTL28534,0.319177
HTL28535,0.319177
HTL28536,0.319177
HTL28537,0.319177
HTL28538,0.319177
HTL28539,0.319177
HTL28540,0.319177
HTL28541,0.319177
HTL28542,0.319177
HTL28543,0.319177
HTL28544,0.319177
HTL28545,0.319177
HTL28546,0.319177
HTL28547,0.319177
HTL28548,0.319177
HTL28549,0.319177
HTL28550,0.319177
HTL28551,0.319177
HTL28552,0.319177
HTL28553,0.319177
HTL28554,0.319177
HTL28555,0.319177
HTL28556,0.319177
HTL28557,0.319177
HTL28558,0.319177
HTL28559,0.319177
HTL28560,0.319177
HTL28561,0.319177
HTL28562,0.319177
HTL28563,0.319177
HTL28564,0.319177
HTL28565,0.319177
HTL28566,0.319177
HTL28567,0.319177
HTL28568,0.319177
HTL28569,0.319177
HTL28570,0.319177
HTL28571,0.319177
HTL28572,0.319177
HTL28573,0.319177
HTL28574,0.319177
HTL28575,0.319177
HTL28576,0.319177
HTL28577,0.319177
HTL28578,0.319177
HTL28579,0.319177
HTL28580,0.319177
HTL28581,0.319177
HTL28582,0.319177
HTL28583,0.319177
HTL28584,0.319177
HTL28585,0.319177
HTL28586,0.319177
HTL28587,0.319177
HTL28588,0.319177
HTL28589,0.319177
HTL28590,0.319177
HTL28591,0.319177
HTL28592,0.319177
HTL28593,0.319177
HTL28594,0.319177
HTL28595,0.319177
HTL28596,0.319177
HTL28597,0.319177
HTL28598,0.319177
HTL28599,0.319177
HTL28600,0.319177
HTL28601,0.319177
HTL28602,0.319177
HTL28603,0.319177
HTL28604,0.319177
HTL28605,0.319177
HTL28606,0.319177
HTL28607,0.319177
HTL28608,0.319177
HTL28609,0.319177
HTL28610,0.319177
HTL28611,0.319177
HTL28612,0.319177
HTL28613,0.319177
HTL28614,0.319177
HTL28615,0.319177
HTL28616,0.319177
HTL28617,0.319177
HTL28618,0.319177
HTL28619,0.319177
HTL28620,0.319177
HTL28621,0.319177
HTL28622,0.319177
HTL28623,0.319177
HTL28624,0.319177
HTL28625,0.319177
HTL28626,0.319177
HTL28627,0.319177
HTL28628,0.319177
HTL28629,0.319177
HTL28630,0.319177
HTL28631,0.319177
HTL28632,0.319177
HTL28633,0.319177
HTL28634,0.319177
HTL28635,0.319177
HTL28636,0.319177
HTL28637,0.319177
HTL28638,0.319177
HTL28639,0.319177
HTL28640,0.319177
HTL28641,0.319177
HTL28642,0.319177
HTL28643,0.319177
HTL28644,0.319177
HTL28645,0.319177
HTL28646,0.319177
HTL28647,0.319177
HTL28648,0.319177
HTL28649,0.319177
HTL28650,0.319177
HTL28651,0.319177
HTL28652,0.319177
HTL28653,0.319177
HTL28654,0.319177
HTL28655,0.319177
HTL28656,0.319177
HTL28657,0.319177
HTL28658,0.319177
HTL28659,0.319177
HTL28660,0.319177
HTL28661,0.319177
HTL28662,0.319177
HTL28663,0.319177
HTL28664,0.319177
HTL28665,0.319177
HTL28666,0.319177
HTL28667,0.319177
HTL28668,0.319177
HTL28669,0.319177
HTL28670,0.319177
HTL28671,0.319177
HTL28672,0.319177
HTL28673,0.319177
HTL28674,0.319177
HTL28675,0.319177
HTL28676,0.319177
HTL28677,0.319177
HTL28678,0.319177
HTL28679,0.319177
HTL28680,0.319177
HTL28681,0.319177
HTL28682,0.319177
HTL28683,0.319177
HTL28684,0.319177
HTL28685,0.319177
HTL28686,0.319177
HTL28687,0.319177
HTL28688,0.319177
HTL28689,0.319177
HTL28690,0.319177
HTL28691,0.319177
HTL28692,0.319177
HTL28693,0.319177
HTL28694,0.319177
HTL28695,0.319177
HTL28696,0.319177
HTL28697,0.319177
HTL28698,0.319177
HTL28699,0.319177
HTL28700,0.319177
HTL28701,0.319177
HTL28702,0.319177
HTL28703,0.319177
HTL28704,0.319177
HTL28705,0.319177
HTL28706,0.319177
HTL28707,0.319177
HTL28708,0.319177
HTL28709,0.319177
HTL28710,0.319177
HTL28711,0.319177
HTL28712,0.319177
HTL28713,0.319177
HTL28714,0.319177
HTL28715,0.319177
HTL28716,0.319177
HTL28717,0.319177
HTL28718,0.319177
HTL28719,0.319177
HTL28720,0.319177
HTL28721,0.319177
HTL28722,0.319177
HTL28723,0.319177
HTL28724,0.319177
HTL28725,0.319177
HTL28726,0.319177
HTL28727,0.319177
HTL28728,0.319177
HTL28729,0.319177
HTL28730,0.319177
HTL28731,0.319177
HTL28732,0.319177
HTL28733,0.319177
HTL28734,0.319177
HTL28735,0.319177
HTL28736,0.319177
HTL28737,0.319177
HTL28738,0.319177
HTL28739,0.319177
HTL28740,0.319177
HTL28741,0.319177
HTL28742,0.319177
HTL28743,0.319177
HTL28744,0.319177
HTL28745,0.319177
HTL28746,0.319177
HTL28747,0.319177
HTL28748,0.319177
HTL28749,0.319177
HTL28750,0.319177
HTL28751,0.319177
HTL28752,0.319177
HTL28753,0.319177
HTL28754,0.319177
HTL28755,0.319177
HTL28756,0.319177
HTL28757,0.319177
HTL28758,0.319177
HTL28759,0.319177
HTL28760,0.319177
HTL28761,0.319177
HTL28762,0.319177
HTL28763,0.319177
HTL28764,0.319177
HTL28765,0.319177
HTL28766,0.319177
HTL28767,0.319177
HTL28768,0.319177
HTL28769,0.319177
HTL28770,0.319177
HTL28771,0.319177
HTL28772,0.319177
HTL28773,0.319177
HTL28774,0.319177
HTL28775,0.319177
HTL28776,0.319177
HTL28777,0.319177
HTL28778,0.319177
HTL28779,0.319177
HTL28780,0.319177
HTL28781,0.319177
HTL28782,0.319177
HTL28783,0.319177
HTL28784,0.319177
HTL28785,0.319177
HTL28786,0.319177
HTL28787,0.319177
HTL28788,0.319177
HTL28789,0.319177
HTL28790,0.319177
HTL28791,0.319177
HTL28792,0.319177
HTL28793,0.319177
HTL28794,0.319177
HTL28795,0.319177
HTL28796,0.319177
HTL28797,0.319177
HTL28798,0.319177
HTL28799,0.319177
HTL28800,0.319177
HTL28801,0.319177
HTL28802,0.319177
HTL28803,0.319177
HTL28804,0.319177
HTL28805,0.319177
HTL28806,0.319177
HTL28807,0.319177
HTL28808,0.319177
HTL28809,0.319177
HTL28810,0.319177
HTL28811,0.319177
HTL28812,0.319177
HTL28813,0.319177
HTL28814,0.319177
HTL28815,0.319177
HTL28816,0.319177
HTL28817,0.319177
HTL28818,0.319177
HTL28819,0.319177
HTL28820,0.319177
HTL28821,0.319177
HTL28822,0.319177
HTL28823,0.319177
HTL28824,0.319177
HTL28825,0.319177
HTL28826,0.319177
HTL28827,0.319177
HTL28828,0.319177
HTL28829,0.319177
HTL28830,0.319177
HTL28831,0.319177
HTL28832,0.319177
HTL28833,0.319177
HTL28834,0.319177
HTL28835,0.319177
HTL28836,0.319177
HTL28837,0.319177
HTL28838,0.319177
HTL28839,0.319177
HTL28840,0.319177
HTL28841,0.319177
HTL28842,0.319177
HTL28843,0.319177
HTL28844,0.319177
HTL28845,0.319177
HTL28846,0.319177
HTL28847,0.319177
HTL28848,0.319177
HTL28849,0.319177
HTL28850,0.319177
HTL28851,0.319177
HTL28852,0.319177
HTL28853,0.319177
HTL28854,0.319177
HTL28855,0.319177
HTL28856,0.319177
HTL28857,0.319177
HTL28858,0.319177
HTL28859,0.319177
HTL28860,0.319177
HTL28861,0.319177
HTL28862,0.319177
HTL28863,0.319177
HTL28864,0.319177
HTL28865,0.319177
HTL28866,0.319177
HTL28867,0.319177
HTL28868,0.319177
HTL28869,0.319177
HTL28870,0.319177
HTL28871,0.319177
HTL28872,0.319177
HTL28873,0.319177
HTL28874,0.319177
HTL28875,0.319177
HTL28876,0.319177
HTL28877,0.319177
HTL28878,0.319177
HTL28879,0.319177
HTL28880,0.319177
HTL28881,0.319177
HTL28882,0.319177
HTL28883,0.319177
HTL28884,0.319177
HTL28885,0.319177
HTL28886,0.319177
HTL28887,0.319177
HTL28888,0.319177
HTL28889,0.319177
HTL28890,0.319177
HTL28891,0.319177
HTL28892,0.319177
HTL28893,0.319177
HTL28894,0.319177
HTL28895,0.319177
HTL28896,0.319177
HTL28897,0.319177
HTL28898,0.319177
HTL28899,0.319177
HTL28900,0.319177
HTL28901,0.319177
HTL28902,0.319177
HTL28903,0.319177
HTL28904,0.319177
HTL28905,0.319177
HTL28906,0.319177
HTL28907,0.319177
HTL28908,0.319177
HTL28909,0.319177
HTL28910,0.319177
HTL28911,0.319177
HTL28912,0.319177
HTL28913,0.319177
HTL28914,0.319177
HTL28915,0.319177
HTL28916,0.319177
HTL28917,0.319177
HTL28918,0.319177
HTL28919,0.319177
HTL28920,0.319177
HTL28921,0.319177
HTL28922,0.319177
HTL28923,0.319177
HTL28924,0.319177
HTL28925,0.319177
HTL28926,0.319177
HTL28927,0.319177
HTL28928,0.319177
HTL28929,0.319177
HTL28930,0.319177
HTL28931,0.319177
HTL28932,0.319177
HTL28933,0.319177
HTL28934,0.319177
HTL28935,0.319177
HTL28936,0.319177
HTL28937,0.319177
HTL28938,0.319177
HTL28939,0.319177
HTL28940,0.319177
HTL28941,0.319177
HTL28942,0.319177
HTL28943,0.319177
HTL28944,0.319177
HTL28945,0.319177
HTL28946,0.319177
HTL28947,0.319177
HTL28948,0.319177
HTL28949,0.319177
HTL28950,0.319177
HTL28951,0.319177
HTL28952,0.319177
HTL28953,0.319177
HTL28954,0.319177
HTL28955,0.319177
HTL28956,0.319177
HTL28957,0.319177
HTL28958,0.319177
HTL28959,0.319177
HTL28960,0.319177
HTL28961,0.319177
HTL28962,0.319177
HTL28963,0.319177
HTL28964,0.319177
HTL28965,0.319177
HTL28966,0.319177
HTL28967,0.319177
HTL28968,0.319177
HTL28969,0.319177
HTL28970,0.319177
HTL28971,0.319177
HTL28972,0.319177
HTL28973,0.319177
HTL28974,0.319177
HTL28975,0.319177
HTL28976,0.319177
HTL28977,0.319177
HTL28978,0.319177
HTL28979,0.319177
HTL28980,0.319177
HTL28981,0.319177
HTL28982,0.319177
HTL28983,0.319177
HTL28984,0.319177
HTL28985,0.319177
HTL28986,0.319177
HTL28987,0.319177
HTL28988,0.319177
HTL28989,0.319177
HTL28990,0.319177
HTL28991,0.319177
HTL28992,0.319177
HTL28993,0.319177
HTL28994,0.319177
HTL28995,0.319177
HTL28996,0.319177
HTL28997,0.319177
HTL28998,0.319177
HTL28999,0.319177
HTL29000,0.319177
HTL29001,0.319177
HTL29002,0.319177
HTL29003,0.319177
HTL29004,0.319177
HTL29005,0.319177
HTL29006,0.319177
HTL29007,0.319177
HTL29008,0.319177
HTL29009,0.319177
HTL29010,0.319177
HTL29011,0.319177
HTL29012,0.319177
HTL29013,0.319177
HTL29014,0.319177
HTL29015,0.319177
HTL29016,0.319177
HTL29017,0.319177
HTL29018,0.319177
HTL29019,0.319177
HTL29020,0.319177
HTL29021,0.319177
HTL29022,0.319177
HTL29023,0.319177
HTL29024,0.319177
HTL29025,0.319177
HTL29026,0.319177
HTL29027,0.319177
HTL29028,0.319177
HTL29029,0.319177
HTL29030,0.319177
HTL29031,0.319177
HTL29032,0.319177
HTL29033,0.319177
HTL29034,0.319177
HTL29035,0.319177
HTL29036,0.319177
HTL29037,0.319177
HTL29038,0.319177
HTL29039,0.319177
HTL29040,0.319177
HTL29041,0.319177
HTL29042,0.319177
HTL29043,0.319177
HTL29044,0.319177
HTL29045,0.319177
HTL29046,0.319177
HTL29047,0.319177
HTL29048,0.319177
HTL29049,0.319177
HTL29050,0.319177
HTL29051,0.319177
HTL29052,0.319177
HTL29053,0.319177
HTL29054,0.319177
HTL29055,0.319177
HTL29056,0.319177
HTL29057,0.319177
HTL29058,0.319177
HTL29059,0.319177
HTL29060,0.319177
HTL29061,0.319177
HTL29062,0.319177
HTL29063,0.319177
HTL29064,0.319177
HTL29065,0.319177
HTL29066,0.319177
HTL29067,0.319177
HTL29068,0.319177
HTL29069,0.319177
HTL29070,0.319177
HTL29071,0.319177
HTL29072,0.319177
HTL29073,0.319177
HTL29074,0.319177
HTL29075,0.319177
HTL29076,0.319177
HTL29077,0.319177
HTL29078,0.319177
HTL29079,0.319177
HTL29080,0.319177
HTL29081,0.319177
HTL29082,0.319177
HTL29083,0.319177
HTL29084,0.319177
HTL29085,0.319177
HTL29086,0.319177
HTL29087,0.319177
HTL29088,0.319177
HTL29089,0.319177
HTL29090,0.319177
HTL29091,0.319177
HTL29092,0.319177
HTL29093,0.319177
HTL29094,0.319177
HTL29095,0.319177
HTL29096,0.319177
HTL29097,0.319177
HTL29098,0.319177
HTL29099,0.319177
HTL29100,0.319177
HTL29101,0.319177
HTL29102,0.319177
HTL29103,0.319177
HTL29104,0.319177
HTL29105,0.319177
HTL29106,0.319177
HTL29107,0.319177
HTL29108,0.319177
HTL29109,0.319177
HTL29110,0.319177
HTL29111,0.319177
HTL29112,0.319177
HTL29113,0.319177
HTL29114,0.319177
HTL29115,0.319177
HTL29116,0.319177
HTL29117,0.319177
HTL29118,0.319177
HTL29119,0.319177
HTL29120,0.319177
HTL29121,0.319177
HTL29122,0.319177
HTL29123,0.319177
HTL29124,0.319177
HTL29125,0.319177
HTL29126,0.319177
HTL29127,0.319177
HTL29128,0.319177
HTL29129,0.319177
HTL29130,0.319177
HTL29131,0.319177
HTL29132,0.319177
HTL29133,0.319177
HTL29134,0.319177
HTL29135,0.319177
HTL29136,0.319177
HTL29137,0.319177
HTL29138,0.319177
HTL29139,0.319177
HTL29140,0.319177
HTL29141,0.319177
HTL29142,0.319177
HTL29143,0.319177
HTL29144,0.319177
HTL29145,0.319177
HTL29146,0.319177
HTL29147,0.319177
HTL29148,0.319177
HTL29149,0.319177
HTL29150,0.319177
HTL29151,0.319177
HTL29152,0.319177
HTL29153,0.319177
HTL29154,0.319177
HTL29155,0.319177
HTL29156,0.319177
HTL29157,0.319177
HTL29158,0.319177
HTL29159,0.319177
HTL29160,0.319177
HTL29161,0.319177
HTL29162,0.319177
HTL29163,0.319177
HTL29164,0.319177
HTL29165,0.319177
HTL29166,0.319177
HTL29167,0.319177
HTL29168,0.319177
HTL29169,0.319177
HTL29170,0.319177
HTL29171,0.319177
HTL29172,0.319177
HTL29173,0.319177
HTL29174,0.319177
HTL29175,0.319177
HTL29176,0.319177
HTL29177,0.319177
HTL29178,0.319177
HTL29179,0.319177
HTL29180,0.319177
HTL29181,0.319177
HTL29182,0.319177
HTL29183,0.319177
HTL29184,0.319177
HTL29185,0.319177
HTL29186,0.319177
HTL29187,0.319177
HTL29188,0.319177
HTL29189,0.319177
HTL29190,0.319177
HTL29191,0.319177
HTL29192,0.319177
HTL29193,0.319177
HTL29194,0.319177
HTL29195,0.319177
HTL29196,0.319177
HTL29197,0.319177
HTL29198,0.319177
HTL29199,0.319177
HTL29200,0.319177
HTL29201,0.319177
HTL29202,0.319177
HTL29203,0.319177
HTL29204,0.319177
HTL29205,0.319177
HTL29206,0.319177
HTL29207,0.319177
HTL29208,0.319177
HTL29209,0.319177
HTL29210,0.319177
HTL29211,0.319177
HTL29212,0.319177
HTL29213,0.319177
HTL29214,0.319177
HTL29215,0.319177
HTL29216,0.319177
HTL29217,0.319177
HTL29218,0.319177
HTL29219,0.319177
HTL29220,0.319177
HTL29221,0.319177
HTL29222,0.319177
HTL29223,0.319177
HTL29224,0.319177
HTL29225,0.319177
HTL29226,0.319177
HTL29227,0.319177
HTL29228,0.319177
HTL29229,0.319177
HTL29230,0.319177
HTL29231,0.319177
HTL29232,0.319177
HTL29233,0.319177
HTL29234,0.319177
HTL29235,0.319177
HTL29236,0.319177
HTL29237,0.319177
HTL29238,0.319177
HTL29239,0.319177
HTL29240,0.319177
HTL29241,0.319177
HTL29242,0.319177
HTL29243,0.319177
HTL29244,0.319177
HTL29245,0.319177
HTL29246,0.319177
HTL29247,0.319177
HTL29248,0.319177
HTL29249,0.319177
HTL29250,0.319177
HTL29251,0.319177
HTL29252,0.319177
HTL29253,0.319177
HTL29254,0.319177
HTL29255,0.319177
HTL29256,0.319177
HTL29257,0.319177
HTL29258,0.319177
HTL29259,0.319177
HTL29260,0.319177
HTL29261,0.319177
HTL29262,0.319177
HTL29263,0.319177
HTL29264,0.319177
HTL29265,0.319177
HTL29266,0.319177
HTL29267,0.319177
HTL29268,0.319177
HTL29269,0.319177
HTL29270,0.319177
HTL29271,0.319177
HTL29272,0.319177
HTL29273,0.319177
HTL29274,0.319177
HTL29275,0.319177
HTL29276,0.319177
HTL29277,0.319177
HTL29278,0.319177
HTL29279,0.319177
HTL29280,0.319177
HTL29281,0.319177
HTL29282,0.319177
HTL29283,0.319177
HTL29284,0.319177
HTL29285,0.319177
HTL29286,0.319177
HTL29287,0.319177
HTL29288,0.319177
HTL29289,0.319177
HTL29290,0.319177
HTL29291,0.319177
HTL29292,0.319177
HTL29293,0.319177
HTL29294,0.319177
HTL29295,0.319177
HTL29296,0.319177
HTL29297,0.319177
HTL29298,0.319177
HTL29299,0.319177
HTL29300,0.319177
HTL29301,0.319177
HTL29302,0.319177
HTL29303,0.319177
HTL29304,0.319177
HTL29305,0.319177
HTL29306,0.319177
HTL29307,0.319177
HTL29308,0.319177
HTL29309,0.319177
HTL29310,0.319177
HTL29311,0.319177
HTL29312,0.319177
HTL29313,0.319177
HTL29314,0.319177
HTL29315,0.319177
HTL29316,0.319177
HTL29317,0.319177
HTL29318,0.319177
HTL29319,0.319177
HTL29320,0.319177
HTL29321,0.319177
HTL29322,0.319177
HTL29323,0.319177
HTL29324,0.319177
HTL29325,0.319177
HTL29326,0.319177
HTL29327,0.319177
HTL29328,0.319177
HTL29329,0.319177
HTL29330,0.319177
HTL29331,0.319177
HTL29332,0.319177
HTL29333,0.319177
HTL29334,0.319177
HTL29335,0.319177
HTL29336,0.319177
HTL29337,0.319177
HTL29338,0.319177
HTL29339,0.319177
HTL29340,0.319177
HTL29341,0.319177
HTL29342,0.319177
HTL29343,0.319177
HTL29344,0.319177
HTL29345,0.319177
HTL29346,0.319177
HTL29347,0.319177
HTL29348,0.319177
HTL29349,0.319177
HTL29350,0.319177
HTL29351,0.319177
HTL29352,0.319177
HTL29353,0.319177
HTL29354,0.319177
HTL29355,0.319177
HTL29356,0.319177
HTL29357,0.319177
HTL29358,0.319177
HTL29359,0.319177
HTL29360,0.319177
HTL29361,0.319177
HTL29362,0.319177
HTL29363,0.319177
HTL29364,0.319177
HTL29365,0.319177
HTL29366,0.319177
HTL29367,0.319177
HTL29368,0.319177
HTL29369,0.319177
HTL29370,0.319177
HTL29371,0.319177
HTL29372,0.319177
HTL29373,0.319177
HTL29374,0.319177
HTL29375,0.319177
HTL29376,0.319177
HTL29377,0.319177
HTL29378,0.319177
HTL29379,0.319177
HTL29380,0.319177
HTL29381,0.319177
HTL29382,0.319177
HTL29383,0.319177
HTL29384,0.319177
HTL29385,0.319177
HTL29386,0.319177
HTL29387,0.319177
HTL29388,0.319177
HTL29389,0.319177
HTL29390,0.319177
HTL29391,0.319177
HTL29392,0.319177
HTL29393,0.319177
HTL29394,0.319177
HTL29395,0.319177
HTL29396,0.319177
HTL29397,0.319177
HTL29398,0.319177
HTL29399,0.319177
HTL29400,0.319177
HTL29401,0.319177
HTL29402,0.319177
HTL29403,0.319177
HTL29404,0.319177
HTL29405,0.319177
HTL29406,0.319177
HTL29407,0.319177
HTL29408,0.319177
HTL29409,0.319177
HTL29410,0.319177
HTL29411,0.319177
HTL29412,0.319177
HTL29413,0.319177
HTL29414,0.319177
HTL29415,0.319177
HTL29416,0.319177
HTL29417,0.319177
HTL29418,0.319177
HTL29419,0.319177
HTL29420,0.319177
HTL29421,0.319177
HTL29422,0.319177
HTL29423,0.319177
HTL29424,0.319177
HTL29425,0.319177
HTL29426,0.319177
HTL29427,0.319177
HTL29428,0.319177
HTL29429,0.319177
HTL29430,0.319177
HTL29431,0.319177
HTL29432,0.319177
HTL29433,0.319177
HTL29434,0.319177
HTL29435,0.319177
HTL29436,0.319177
HTL29437,0.319177
HTL29438,0.319177
HTL29439,0.319177
HTL29440,0.319177
HTL29441,0.319177
HTL29442,0.319177
HTL29443,0.319177
HTL29444,0.319177
HTL29445,0.319177
HTL29446,0.319177
HTL29447,0.319177
HTL29448,0.319177
HTL29449,0.319177
HTL29450,0.319177
HTL29451,0.319177
HTL29452,0.319177
HTL29453,0.319177
HTL29454,0.319177
HTL29455,0.319177
HTL29456,0.319177
HTL29457,0.319177
HTL29458,0.319177
HTL29459,0.319177
HTL29460,0.319177
HTL29461,0.319177
HTL29462,0.319177
HTL29463,0.319177
HTL29464,0.319177
HTL29465,0.319177
HTL29466,0.319177
HTL29467,0.319177
HTL29468,0.319177
HTL29469,0.319177
HTL29470,0.319177
HTL29471,0.319177
HTL29472,0.319177
HTL29473,0.319177
HTL29474,0.319177
HTL29475,0.319177
HTL29476,0.319177
HTL29477,0.319177
HTL29478,0.319177
HTL29479,0.319177
HTL29480,0.319177
HTL29481,0.319177
HTL29482,0.319177
HTL29483,0.319177
HTL29484,0.319177
HTL29485,0.319177
HTL29486,0.319177
HTL29487,0.319177
HTL29488,0.319177
HTL29489,0.319177
HTL29490,0.319177
HTL29491,0.319177
HTL29492,0.319177
HTL29493,0.319177
HTL29494,0.319177
HTL29495,0.319177
HTL29496,0.319177
HTL29497,0.319177
HTL29498,0.319177
HTL29499,0.319177
HTL29500,0.319177
HTL29501,0.319177
HTL29502,0.319177
HTL29503,0.319177
HTL29504,0.319177
HTL29505,0.319177
HTL29506,0.319177
HTL29507,0.319177
HTL29508,0.319177
HTL29509,0.319177
HTL29510,0.319177
HTL29511,0.319177
HTL29512,0.319177
HTL29513,0.319177
HTL29514,0.319177
HTL29515,0.319177
HTL29516,0.319177
HTL29517,0.319177
HTL29518,0.319177
HTL29519,0.319177
HTL29520,0.319177
HTL29521,0.319177
HTL29522,0.319177
HTL29523,0.319177
HTL29524,0.319177
HTL29525,0.319177
HTL29526,0.319177
HTL29527,0.319177
HTL29528,0.319177
HTL29529,0.319177
HTL29530,0.319177
HTL29531,0.319177
HTL29532,0.319177
HTL29533,0.319177
HTL29534,0.319177
HTL29535,0.319177
HTL29536,0.319177
HTL29537,0.319177
HTL29538,0.319177
HTL29539,0.319177
HTL29540,0.319177
HTL29541,0.319177
HTL29542,0.319177
HTL29543,0.319177
HTL29544,0.319177
HTL29545,0.319177
HTL29546,0.319177
HTL29547,0.319177
HTL29548,0.319177
HTL29549,0.319177
HTL29550,0.319177
HTL29551,0.319177
HTL29552,0.319177
HTL29553,0.319177
HTL29554,0.319177
HTL29555,0.319177
HTL29556,0.319177
HTL29557,0.319177
HTL29558,0.319177
HTL29559,0.319177
HTL29560,0.319177
HTL29561,0.319177
HTL29562,0.319177
HTL29563,0.319177
HTL29564,0.319177
HTL29565,0.319177
HTL29566,0.319177
HTL29567,0.319177
HTL29568,0.319177
HTL29569,0.319177
HTL29570,0.319177
HTL29571,0.319177
HTL29572,0.319177
HTL29573,0.319177
HTL29574,0.319177
HTL29575,0.319177
HTL29576,0.319177
HTL29577,0.319177
HTL29578,0.319177
HTL29579,0.319177
HTL29580,0.319177
HTL29581,0.319177
HTL29582,0.319177
HTL29583,0.319177
HTL29584,0.319177
HTL29585,0.319177
HTL29586,0.319177
HTL29587,0.319177
HTL29588,0.319177
HTL29589,0.319177
HTL29590,0.319177
HTL29591,0.319177
HTL29592,0.319177
HTL29593,0.319177
HTL29594,0.319177
HTL29595,0.319177
HTL29596,0.319177
HTL29597,0.319177
HTL29598,0.319177
HTL29599,0.319177
HTL29600,0.319177
HTL29601,0.319177
HTL29602,0.319177
HTL29603,0.319177
HTL29604,0.319177
HTL29605,0.319177
HTL29606,0.319177
HTL29607,0.319177
HTL29608,0.319177
HTL29609,0.319177
HTL29610,0.319177
HTL29611,0.319177
HTL29612,0.319177
HTL29613,0.319177
HTL29614,0.319177
HTL29615,0.319177
HTL29616,0.319177
HTL29617,0.319177
HTL29618,0.319177
HTL29619,0.319177
HTL29620,0.319177
HTL29621,0.319177
HTL29622,0.319177
HTL29623,0.319177
HTL29624,0.319177
HTL29625,0.319177
HTL29626,0.319177
HTL29627,0.319177
HTL29628,0.319177
HTL29629,0.319177
HTL29630,0.319177
HTL29631,0.319177
HTL29632,0.319177
HTL29633,0.319177
HTL29634,0.319177
HTL29635,0.319177
HTL29636,0.319177
HTL29637,0.319177
HTL29638,0.319177
HTL29639,0.319177
HTL29640,0.319177
HTL29641,0.319177
HTL29642,0.319177
HTL29643,0.319177
HTL29644,0.319177
HTL29645,0.319177
HTL29646,0.319177
HTL29647,0.319177
HTL29648,0.319177
HTL29649,0.319177
HTL29650,0.319177
HTL29651,0.319177
HTL29652,0.319177
HTL29653,0.319177
HTL29654,0.319177
HTL29655,0.319177
HTL29656,0.319177
HTL29657,0.319177
HTL29658,0.319177
HTL29659,0.319177
HTL29660,0.319177
HTL29661,0.319177
HTL29662,0.319177
HTL29663,0.319177
HTL29664,0.319177
HTL29665,0.319177
HTL29666,0.319177
HTL29667,0.319177
HTL29668,0.319177
HTL29669,0.319177
HTL29670,0.319177
HTL29671,0.319177
HTL29672,0.319177
HTL29673,0.319177
HTL29674,0.319177
HTL29675,0.319177
HTL29676,0.319177
HTL29677,0.319177
HTL29678,0.319177
HTL29679,0.319177
HTL29680,0.319177
HTL29681,0.319177
HTL29682,0.319177
HTL29683,0.319177
HTL29684,0.319177
HTL29685,0.319177
HTL29686,0.319177
HTL29687,0.319177
HTL29688,0.319177
HTL29689,0.319177
HTL29690,0.319177
HTL29691,0.319177
HTL29692,0.319177
HTL29693,0.319177
HTL29694,0.319177
HTL29695,0.319177
HTL29696,0.319177
HTL29697,0.319177
HTL29698,0.319177
HTL29699,0.319177
HTL29700,0.319177
HTL29701,0.319177
HTL29702,0.319177
HTL29703,0.319177
HTL29704,0.319177
HTL29705,0.319177
HTL29706,0.319177
HTL29707,0.319177
HTL29708,0.319177
HTL29709,0.319177
HTL29710,0.319177
HTL29711,0.319177
HTL29712,0.319177
HTL29713,0.319177
HTL29714,0.319177
HTL29715,0.319177
HTL29716,0.319177
HTL29717,0.319177
HTL29718,0.319177
HTL29719,0.319177
HTL29720,0.319177
HTL29721,0.319177
HTL29722,0.319177
HTL29723,0.319177
HTL29724,0.319177
HTL29725,0.319177
HTL29726,0.319177
HTL29727,0.319177
HTL29728,0.319177
HTL29729,0.319177
HTL29730,0.319177
HTL29731,0.319177
HTL29732,0.319177
HTL29733,0.319177
HTL29734,0.319177
HTL29735,0.319177
HTL29736,0.319177
HTL29737,0.319177
HTL29738,0.319177
HTL29739,0.319177
HTL29740,0.319177
HTL29741,0.319177
HTL29742,0.319177
HTL29743,0.319177
HTL29744,0.319177
HTL29745,0.319177
HTL29746,0.319177
HTL29747,0.319177
HTL29748,0.319177
HTL29749,0.319177
HTL29750,0.319177
HTL29751,0.319177
HTL29752,0.319177
HTL29753,0.319177
HTL29754,0.319177
HTL29755,0.319177
HTL29756,0.319177
HTL29757,0.319177
HTL29758,0.319177
HTL29759,0.319177
HTL29760,0.319177
HTL29761,0.319177
HTL29762,0.319177
HTL29763,0.319177
HTL29764,0.319177
HTL29765,0.319177
HTL29766,0.319177
HTL29767,0.319177
HTL29768,0.319177
HTL29769,0.319177
HTL29770,0.319177
HTL29771,0.319177
HTL29772,0.319177
HTL29773,0.319177
HTL29774,0.319177
HTL29775,0.319177
HTL29776,0.319177
HTL29777,0.319177
HTL29778,0.319177
HTL29779,0.319177
HTL29780,0.319177
HTL29781,0.319177
HTL29782,0.319177
HTL29783,0.319177
HTL29784,0.319177
HTL29785,0.319177
HTL29786,0.319177
HTL29787,0.319177
HTL29788,0.319177
HTL29789,0.319177
HTL29790,0.319177
HTL29791,0.319177
HTL29792,0.319177
HTL29793,0.319177
HTL29794,0.319177
HTL29795,0.319177
HTL29796,0.319177
HTL29797,0.319177
HTL29798,0.319177
HTL29799,0.319177
HTL29800,0.319177
HTL29801,0.319177
HTL29802,0.319177
HTL29803,0.319177
HTL29804,0.319177
HTL29805,0.319177
HTL29806,0.319177
HTL29807,0.319177
HTL29808,0.319177
HTL29809,0.319177
HTL29810,0.319177
HTL29811,0.319177
HTL29812,0.319177
HTL29813,0.319177
HTL29814,0.319177
HTL29815,0.319177
HTL29816,0.319177
HTL29817,0.319177
HTL29818,0.319177
HTL29819,0.319177
HTL29820,0.319177
HTL29821,0.319177
HTL29822,0.319177
HTL29823,0.319177
HTL29824,0.319177
HTL29825,0.319177
HTL29826,0.319177
HTL29827,0.319177
HTL29828,0.319177
HTL29829,0.319177
HTL29830,0.319177
HTL29831,0.319177
HTL29832,0.319177
HTL29833,0.319177
HTL29834,0.319177
HTL29835,0.319177
HTL29836,0.319177
HTL29837,0.319177
HTL29838,0.319177
HTL29839,0.319177
HTL29840,0.319177
HTL29841,0.319177
HTL29842,0.319177
HTL29843,0.319177
HTL29844,0.319177
HTL29845,0.319177
HTL29846,0.319177
HTL29847,0.319177
HTL29848,0.319177
HTL29849,0.319177
HTL29850,0.319177
HTL29851,0.319177
HTL29852,0.319177
HTL29853,0.319177
HTL29854,0.319177
HTL29855,0.319177
HTL29856,0.319177
HTL29857,0.319177
HTL29858,0.319177
HTL29859,0.319177
HTL29860,0.319177
HTL29861,0.319177
HTL29862,0.319177
HTL29863,0.319177
HTL29864,0.319177
HTL29865,0.319177
HTL29866,0.319177
HTL29867,0.319177
HTL29868,0.319177
HTL29869,0.319177
HTL29870,0.319177
HTL29871,0.319177
HTL29872,0.319177
HTL29873,0.319177
HTL29874,0.319177
HTL29875,0.319177
HTL29876,0.319177
HTL29877,0.319177
HTL29878,0.319177
HTL29879,0.319177
HTL29880,0.319177
HTL29881,0.319177
HTL29882,0.319177
HTL29883,0.319177
HTL29884,0.319177
HTL29885,0.319177
HTL29886,0.319177
HTL29887,0.319177
HTL29888,0.319177
HTL29889,0.319177
HTL29890,0.319177
HTL29891,0.319177
HTL29892,0.319177
HTL29893,0.319177
HTL29894,0.319177
HTL29895,0.319177
HTL29896,0.319177
HTL29897,0.319177
HTL29898,0.319177
HTL29899,0.319177
HTL29900,0.319177
HTL29901,0.319177
HTL29902,0.319177
HTL29903,0.319177
HTL29904,0.319177
HTL29905,0.319177
HTL29906,0.319177
HTL29907,0.319177
HTL29908,0.319177
HTL29909,0.319177
HTL29910,0.319177
HTL29911,0.319177
HTL29912,0.319177
HTL29913,0.319177
HTL29914,0.319177
HTL29915,0.319177
HTL29916,0.319177
HTL29917,0.319177
HTL29918,0.319177
HTL29919,0.319177
HTL29920,0.319177
HTL29921,0.319177
HTL29922,0.319177
HTL29923,0.319177
HTL29924,0.319177
HTL29925,0.319177
HTL29926,0.319177
HTL29927,0.319177
HTL29928,0.319177
HTL29929,0.319177
HTL29930,0.319177
HTL29931,0.319177
HTL29932,0.319177
HTL29933,0.319177
HTL29934,0.319177
HTL29935,0.319177
HTL29936,0.319177
HTL29937,0.319177
HTL29938,0.319177
HTL29939,0.319177
HTL29940,0.319177
HTL29941,0.319177
HTL29942,0.319177
HTL29943,0.319177
HTL29944,0.319177
HTL29945,0.319177
HTL29946,0.319177
HTL29947,0.319177
HTL29948,0.319177
HTL29949,0.319177
HTL29950,0.319177
HTL29951,0.319177
HTL29952,0.319177
HTL29953,0.319177
HTL29954,0.319177
HTL29955,0.319177
HTL29956,0.319177
HTL29957,0.319177
HTL29958,0.319177
HTL29959,0.319177
HTL29960,0.319177
HTL29961,0.319177
HTL29962,0.319177
HTL29963,0.319177
HTL29964,0.319177
HTL29965,0.319177
HTL29966,0.319177
HTL29967,0.319177
HTL29968,0.319177
HTL29969,0.319177
HTL29970,0.319177
HTL29971,0.319177
HTL29972,0.319177
HTL29973,0.319177
HTL29974,0.319177
HTL29975,0.319177
HTL29976,0.319177
HTL29977,0.319177
HTL29978,0.319177
HTL29979,0.319177
HTL29980,0.319177
HTL29981,0.319177
HTL29982,0.319177
HTL29983,0.319177
HTL29984,0.319177
HTL29985,0.319177
HTL29986,0.319177
HTL29987,0.319177
HTL29988,0.319177
HTL29989,0.319177
HTL29990,0.319177
HTL29991,0.319177
HTL29992,0.319177
HTL29993,0.319177
HTL29994,0.319177
HTL29995,0.319177
HTL29996,0.319177
HTL29997,0.319177
HTL29998,0.319177
HTL29999,0.319177
HTL30000,0.319177
HTL30001,0.319177
HTL30002,0.319177
HTL30003,0.319177
HTL30004,0.319177
HTL30005,0.319177
HTL30006,0.319177
HTL30007,0.319177
HTL30008,0.319177
HTL30009,0.319177
HTL30010,0.319177
HTL30011,0.319177
HTL30012,0.319177
HTL30013,0.319177
HTL30014,0.319177
HTL30015,0.319177
HTL30016,0.319177
HTL30017,0.319177
HTL30018,0.319177
HTL30019,0.319177
HTL30020,0.319177
HTL30021,0.319177
HTL30022,0.319177
HTL30023,0.319177
HTL30024,0.319177
HTL30025,0.319177
HTL30026,0.319177
HTL30027,0.319177
HTL30028,0.319177
HTL30029,0.319177
HTL30030,0.319177
HTL30031,0.319177
HTL30032,0.319177
HTL30033,0.319177
HTL30034,0.319177
HTL30035,0.319177
HTL30036,0.319177
HTL30037,0.319177
HTL30038,0.319177
HTL30039,0.319177
HTL30040,0.319177
HTL30041,0.319177
HTL30042,0.319177
HTL30043,0.319177
HTL30044,0.319177
HTL30045,0.319177
HTL30046,0.319177
HTL30047,0.319177
HTL30048,0.319177
HTL30049,0.319177
HTL30050,0.319177
HTL30051,0.319177
HTL30052,0.319177
HTL30053,0.319177
HTL30054,0.319177
HTL30055,0.319177
HTL30056,0.319177
HTL30057,0.319177
HTL30058,0.319177
HTL30059,0.319177
HTL30060,0.319177
HTL30061,0.319177
HTL30062,0.319177
HTL30063,0.319177
HTL30064,0.319177
HTL30065,0.319177
HTL30066,0.319177
HTL30067,0.319177
HTL30068,0.319177
HTL30069,0.319177
HTL30070,0.319177
HTL30071,0.319177
HTL30072,0.319177
HTL30073,0.319177
HTL30074,0.319177
HTL30075,0.319177
HTL30076,0.319177
HTL30077,0.319177
HTL30078,0.319177
HTL30079,0.319177
HTL30080,0.319177
HTL30081,0.319177
HTL30082,0.319177
HTL30083,0.319177
HTL30084,0.319177
HTL30085,0.319177
HTL30086,0.319177
HTL30087,0.319177
HTL30088,0.319177
HTL30089,0.319177
HTL30090,0.319177
HTL30091,0.319177
HTL30092,0.319177
HTL30093,0.319177
HTL30094,0.319177
HTL30095,0.319177
HTL30096,0.319177
HTL30097,0.319177
HTL30098,0.319177
HTL30099,0.319177
HTL30100,0.319177
HTL30101,0.319177
HTL30102,0.319177
HTL30103,0.319177
HTL30104,0.319177
HTL30105,0.319177
HTL30106,0.319177
HTL30107,0.319177
HTL30108,0.319177
HTL30109,0.319177
HTL30110,0.319177
HTL30111,0.319177
HTL30112,0.319177
HTL30113,0.319177
HTL30114,0.319177
HTL30115,0.319177
HTL30116,0.319177
HTL30117,0.319177
HTL30118,0.319177
HTL30119,0.319177
HTL30120,0.319177
HTL30121,0.319177
HTL30122,0.319177
HTL30123,0.319177
HTL30124,0.319177
HTL30125,0.319177
HTL30126,0.319177
HTL30127,0.319177
HTL30128,0.319177
HTL30129,0.319177
HTL30130,0.319177
HTL30131,0.319177
HTL30132,0.319177
HTL30133,0.319177
HTL30134,0.319177
HTL30135,0.319177
HTL30136,0.319177
HTL30137,0.319177
HTL30138,0.319177
HTL30139,0.319177
HTL30140,0.319177
HTL30141,0.319177
HTL30142,0.319177
HTL30143,0.319177
HTL30144,0.319177
HTL30145,0.319177
HTL30146,0.319177
HTL30147,0.319177
HTL30148,0.319177
HTL30149,0.319177
HTL30150,0.319177
HTL30151,0.319177
HTL30152,0.319177
HTL30153,0.319177
HTL30154,0.319177
HTL30155,0.319177
HTL30156,0.319177
HTL30157,0.319177
HTL30158,0.319177
HTL30159,0.319177
HTL30160,0.319177
HTL30161,0.319177
HTL30162,0.319177
HTL30163,0.319177
HTL30164,0.319177
HTL30165,0.319177
HTL30166,0.319177
HTL30167,0.319177
HTL30168,0.319177
HTL30169,0.319177
HTL30170,0.319177
HTL30171,0.319177
HTL30172,0.319177
HTL30173,0.319177
HTL30174,0.319177
HTL30175,0.319177
HTL30176,0.319177
HTL30177,0.319177
HTL30178,0.319177
HTL30179,0.319177
HTL30180,0.319177
HTL30181,0.319177
HTL30182,0.319177
HTL30183,0.319177
HTL30184,0.319177
HTL30185,0.319177
HTL30186,0.319177
HTL30187,0.319177
HTL30188,0.319177
HTL30189,0.319177
HTL30190,0.319177
HTL30191,0.319177
HTL30192,0.319177
HTL30193,0.319177
HTL30194,0.319177
HTL30195,0.319177
HTL30196,0.319177
HTL30197,0.319177
HTL30198,0.319177
HTL30199,0.319177
HTL30200,0.319177
HTL30201,0.319177
HTL30202,0.319177
HTL30203,0.319177
HTL30204,0.319177
HTL30205,0.319177
HTL30206,0.319177
HTL30207,0.319177
HTL30208,0.319177
HTL30209,0.319177
HTL30210,0.319177
HTL30211,0.319177
HTL30212,0.319177
HTL30213,0.319177
HTL30214,0.319177
HTL30215,0.319177
HTL30216,0.319177
HTL30217,0.319177
HTL30218,0.319177
HTL30219,0.319177
HTL30220,0.319177
HTL30221,0.319177
HTL30222,0.319177
HTL30223,0.319177
HTL30224,0.319177
HTL30225,0.319177
HTL30226,0.319177
HTL30227,0.319177
HTL30228,0.319177
HTL30229,0.319177
HTL30230,0.319177
HTL30231,0.319177
HTL30232,0.319177
HTL30233,0.319177
HTL30234,0.319177
HTL30235,0.319177
HTL30236,0.319177
HTL30237,0.319177
HTL30238,0.319177
HTL30239,0.319177
HTL30240,0.319177
HTL30241,0.319177
HTL30242,0.319177
HTL30243,0.319177
HTL30244,0.319177
HTL30245,0.319177
HTL30246,0.319177
HTL30247,0.319177
HTL30248,0.319177
HTL30249,0.319177
HTL30250,0.319177
HTL30251,0.319177
HTL30252,0.319177
HTL30253,0.319177
HTL30254,0.319177
HTL30255,0.319177
HTL30256,0.319177
HTL30257,0.319177
HTL30258,0.319177
HTL30259,0.319177
HTL30260,0.319177
HTL30261,0.319177
HTL30262,0.319177
HTL30263,0.319177
HTL30264,0.319177
HTL30265,0.319177
HTL30266,0.319177
HTL30267,0.319177
HTL30268,0.319177
HTL30269,0.319177
HTL30270,0.319177
HTL30271,0.319177
HTL30272,0.319177
HTL30273,0.319177
HTL30274,0.319177
HTL30275,0.319177
HTL30276,0.319177
HTL30277,0.319177
HTL30278,0.319177
HTL30279,0.319177
HTL30280,0.319177
HTL30281,0.319177
HTL30282,0.319177
HTL30283,0.319177
HTL30284,0.319177
HTL30285,0.319177
HTL30286,0.319177
HTL30287,0.319177
HTL30288,0.319177
HTL30289,0.319177
HTL30290,0.319177
HTL30291,0.319177
HTL30292,0.319177
HTL30293,0.319177
HTL30294,0.319177
HTL30295,0.319177
HTL30296,0.319177
HTL30297,0.319177
HTL30298,0.319177
HTL30299,0.319177
HTL30300,0.319177
HTL30301,0.319177
HTL30302,0.319177
HTL30303,0.319177
HTL30304,0.319177
HTL30305,0.319177
HTL30306,0.319177
HTL30307,0.319177
HTL30308,0.319177
HTL30309,0.319177
HTL30310,0.319177
HTL30311,0.319177
HTL30312,0.319177
HTL30313,0.319177
HTL30314,0.319177
HTL30315,0.319177
HTL30316,0.319177
HTL30317,0.319177
HTL30318,0.319177
HTL30319,0.319177
HTL30320,0.319177
HTL30321,0.319177
HTL30322,0.319177
HTL30323,0.319177
HTL30324,0.319177
HTL30325,0.319177
HTL30326,0.319177
HTL30327,0.319177
HTL30328,0.319177
HTL30329,0.319177
HTL30330,0.319177
HTL30331,0.319177
HTL30332,0.319177
HTL30333,0.319177
HTL30334,0.319177
HTL30335,0.319177
HTL30336,0.319177
HTL30337,0.319177
HTL30338,0.319177
HTL30339,0.319177
HTL30340,0.319177
HTL30341,0.319177
HTL30342,0.319177
HTL30343,0.319177
HTL30344,0.319177
HTL30345,0.319177
HTL30346,0.319177
HTL30347,0.319177
HTL30348,0.319177
HTL30349,0.319177
HTL30350,0.319177
HTL30351,0.319177
HTL30352,0.319177
HTL30353,0.319177
HTL30354,0.319177
HTL30355,0.319177
HTL30356,0.319177
HTL30357,0.319177
HTL30358,0.319177
HTL30359,0.319177
HTL30360,0.319177
HTL30361,0.319177
HTL30362,0.319177
HTL30363,0.319177
HTL30364,0.319177
HTL30365,0.319177
HTL30366,0.319177
HTL30367,0.319177
HTL30368,0.319177
HTL30369,0.319177
HTL30370,0.319177
HTL30371,0.319177
HTL30372,0.319177
HTL30373,0.319177
HTL30374,0.319177
HTL30375,0.319177
HTL30376,0.319177
HTL30377,0.319177
HTL30378,0.319177
HTL30379,0.319177
HTL30380,0.319177
HTL30381,0.319177
HTL30382,0.319177
HTL30383,0.319177
HTL30384,0.319177
HTL30385,0.319177
HTL30386,0.319177
HTL30387,0.319177
HTL30388,0.319177
HTL30389,0.319177
HTL30390,0.319177
HTL30391,0.319177
HTL30392,0.319177
HTL30393,0.319177
HTL30394,0.319177
HTL30395,0.319177
HTL30396,0.319177
HTL30397,0.319177
HTL30398,0.319177
HTL30399,0.319177
HTL30400,0.319177
HTL30401,0.319177
HTL30402,0.319177
HTL30403,0.319177
HTL30404,0.319177
HTL30405,0.319177
HTL30406,0.319177
HTL30407,0.319177
HTL30408,0.319177
HTL30409,0.319177
HTL30410,0.319177
HTL30411,0.319177
HTL30412,0.319177
HTL30413,0.319177
HTL30414,0.319177
HTL30415,0.319177
HTL30416,0.319177
HTL30417,0.319177
HTL30418,0.319177
HTL30419,0.319177
HTL30420,0.319177
HTL30421,0.319177
HTL30422,0.319177
HTL30423,0.319177
HTL30424,0.319177
HTL30425,0.319177
HTL30426,0.319177
HTL30427,0.319177
HTL30428,0.319177
HTL30429,0.319177
HTL30430,0.319177
HTL30431,0.319177
HTL30432,0.319177
HTL30433,0.319177
HTL30434,0.319177
HTL30435,0.319177
HTL30436,0.319177
HTL30437,0.319177
HTL30438,0.319177
HTL30439,0.319177
HTL30440,0.319177
HTL30441,0.319177
HTL30442,0.319177
HTL30443,0.319177
HTL30444,0.319177
HTL30445,0.319177
HTL30446,0.319177
HTL30447,0.319177
HTL30448,0.319177
HTL30449,0.319177
HTL30450,0.319177
HTL30451,0.319177
HTL30452,0.319177
HTL30453,0.319177
HTL30454,0.319177
HTL30455,0.319177
HTL30456,0.319177
HTL30457,0.319177
HTL30458,0.319177
HTL30459,0.319177
HTL30460,0.319177
HTL30461,0.319177
HTL30462,0.319177
HTL30463,0.319177
HTL30464,0.319177
HTL30465,0.319177
HTL30466,0.319177
HTL30467,0.319177
HTL30468,0.319177
HTL30469,0.319177
HTL30470,0.319177
HTL30471,0.319177
HTL30472,0.319177
HTL30473,0.319177
HTL30474,0.319177
HTL30475,0.319177
HTL30476,0.319177
HTL30477,0.319177
HTL30478,0.319177
HTL30479,0.319177
HTL30480,0.319177
HTL30481,0.319177
HTL30482,0.319177
HTL30483,0.319177
HTL30484,0.319177
HTL30485,0.319177
HTL30486,0.319177
HTL30487,0.319177
HTL30488,0.319177
HTL30489,0.319177
HTL30490,0.319177
HTL30491,0.319177
HTL30492,0.319177
HTL30493,0.319177
HTL30494,0.319177
HTL30495,0.319177
HTL30496,0.319177
HTL30497,0.319177
HTL30498,0.319177
HTL30499,0.319177
HTL30500,0.319177
HTL30501,0.319177
HTL30502,0.319177
HTL30503,0.319177
HTL30504,0.319177
HTL30505,0.319177
HTL30506,0.319177
HTL30507,0.319177
HTL30508,0.319177
HTL30509,0.319177
HTL30510,0.319177
HTL30511,0.319177
HTL30512,0.319177
HTL30513,0.319177
HTL30514,0.319177
HTL30515,0.319177
HTL30516,0.319177
HTL30517,0.319177
HTL30518,0.319177
HTL30519,0.319177
HTL30520,0.319177
HTL30521,0.319177
HTL30522,0.319177
HTL30523,0.319177
HTL30524,0.319177
HTL30525,0.319177
HTL30526,0.319177
HTL30527,0.319177
HTL30528,0.319177
HTL30529,0.319177
HTL30530,0.319177
HTL30531,0.319177
HTL30532,0.319177
HTL30533,0.319177
HTL30534,0.319177
HTL30535,0.319177
HTL30536,0.319177
HTL30537,0.319177
HTL30538,0.319177
HTL30539,0.319177
HTL30540,0.319177
HTL30541,0.319177
HTL30542,0.319177
HTL30543,0.319177
HTL30544,0.319177
HTL30545,0.319177
HTL30546,0.319177
HTL30547,0.319177
HTL30548,0.319177
HTL30549,0.319177
HTL30550,0.319177
HTL30551,0.319177
HTL30552,0.319177
HTL30553,0.319177
HTL30554,0.319177
HTL30555,0.319177
HTL30556,0.319177
HTL30557,0.319177
HTL30558,0.319177
HTL30559,0.319177
HTL30560,0.319177
HTL30561,0.319177
HTL30562,0.319177
HTL30563,0.319177
HTL30564,0.319177
HTL30565,0.319177
HTL30566,0.319177
HTL30567,0.319177
HTL30568,0.319177
HTL30569,0.319177
HTL30570,0.319177
HTL30571,0.319177
HTL30572,0.319177
HTL30573,0.319177
HTL30574,0.319177
HTL30575,0.319177
HTL30576,0.319177
HTL30577,0.319177
HTL30578,0.319177
HTL30579,0.319177
HTL30580,0.319177
HTL30581,0.319177
HTL30582,0.319177
HTL30583,0.319177
HTL30584,0.319177
HTL30585,0.319177
HTL30586,0.319177
HTL30587,0.319177
HTL30588,0.319177
HTL30589,0.319177
HTL30590,0.319177
HTL30591,0.319177
HTL30592,0.319177
HTL30593,0.319177
HTL30594,0.319177
HTL30595,0.319177
HTL30596,0.319177
HTL30597,0.319177
HTL30598,0.319177
HTL30599,0.319177
HTL30600,0.319177
HTL30601,0.319177
HTL30602,0.319177
HTL30603,0.319177
HTL30604,0.319177
HTL30605,0.319177
HTL30606,0.319177
HTL30607,0.319177
HTL30608,0.319177
HTL30609,0.319177
HTL30610,0.319177
HTL30611,0.319177
HTL30612,0.319177
HTL30613,0.319177
HTL30614,0.319177
HTL30615,0.319177
HTL30616,0.319177
HTL30617,0.319177
HTL30618,0.319177
HTL30619,0.319177
HTL30620,0.319177
HTL30621,0.319177
HTL30622,0.319177
HTL30623,0.319177
HTL30624,0.319177
HTL30625,0.319177
HTL30626,0.319177
HTL30627,0.319177
HTL30628,0.319177
HTL30629,0.319177
HTL30630,0.319177
HTL30631,0.319177
HTL30632,0.319177
HTL30633,0.319177
HTL30634,0.319177
HTL30635,0.319177
HTL30636,0.319177
HTL30637,0.319177
HTL30638,0.319177
HTL30639,0.319177
HTL30640,0.319177
HTL30641,0.319177
HTL30642,0.319177
HTL30643,0.319177
HTL30644,0.319177
HTL30645,0.319177
HTL30646,0.319177
HTL30647,0.319177
HTL30648,0.319177
HTL30649,0.319177
HTL30650,0.319177
HTL30651,0.319177
HTL30652,0.319177
HTL30653,0.319177
HTL30654,0.319177
HTL30655,0.319177
HTL30656,0.319177
HTL30657,0.319177
HTL30658,0.319177
HTL30659,0.319177
HTL30660,0.319177
HTL30661,0.319177
HTL30662,0.319177
HTL30663,0.319177
HTL30664,0.319177
HTL30665,0.319177
HTL30666,0.319177
HTL30667,0.319177
HTL30668,0.319177
HTL30669,0.319177
HTL30670,0.319177
HTL30671,0.319177
HTL30672,0.319177
HTL30673,0.319177
HTL30674,0.319177
HTL30675,0.319177
HTL30676,0.319177
HTL30677,0.319177
HTL30678,0.319177
HTL30679,0.319177
HTL30680,0.319177
HTL30681,0.319177
HTL30682,0.319177
HTL30683,0.319177
HTL30684,0.319177
HTL30685,0.319177
HTL30686,0.319177
HTL30687,0.319177
HTL30688,0.319177
HTL30689,0.319177
HTL30690,0.319177
HTL30691,0.319177
HTL30692,0.319177
HTL30693,0.319177
HTL30694,0.319177
HTL30695,0.319177
HTL30696,0.319177
HTL30697,0.319177
HTL30698,0.319177
HTL30699,0.319177
HTL30700,0.319177
HTL30701,0.319177
HTL30702,0.319177
HTL30703,0.319177
HTL30704,0.319177
HTL30705,0.319177
HTL30706,0.319177
HTL30707,0.319177
HTL30708,0.319177
HTL30709,0.319177
HTL30710,0.319177
HTL30711,0.319177
HTL30712,0.319177
HTL30713,0.319177
HTL30714,0.319177
HTL30715,0.319177
HTL30716,0.319177
HTL30717,0.319177
HTL30718,0.319177
HTL30719,0.319177
HTL30720,0.319177
HTL30721,0.319177
HTL30722,0.319177
HTL30723,0.319177
HTL30724,0.319177
HTL30725,0.319177
HTL30726,0.319177
HTL30727,0.319177
HTL30728,0.319177
HTL30729,0.319177
HTL30730,0.319177
HTL30731,0.319177
HTL30732,0.319177
HTL30733,0.319177
HTL30734,0.319177
HTL30735,0.319177
HTL30736,0.319177
HTL30737,0.319177
HTL30738,0.319177
HTL30739,0.319177
HTL30740,0.319177
HTL30741,0.319177
HTL30742,0.319177
HTL30743,0.319177
HTL30744,0.319177
HTL30745,0.319177
HTL30746,0.319177
HTL30747,0.319177
HTL30748,0.319177
HTL30749,0.319177
HTL30750,0.319177
HTL30751,0.319177
HTL30752,0.319177
HTL30753,0.319177
HTL30754,0.319177
HTL30755,0.319177
HTL30756,0.319177
HTL30757,0.319177
HTL30758,0.319177
HTL30759,0.319177
HTL30760,0.319177
HTL30761,0.319177
HTL30762,0.319177
HTL30763,0.319177
HTL30764,0.319177
HTL30765,0.319177
HTL30766,0.319177
HTL30767,0.319177
HTL30768,0.319177
HTL30769,0.319177
HTL30770,0.319177
HTL30771,0.319177
HTL30772,0.319177
HTL30773,0.319177
HTL30774,0.319177
HTL30775,0.319177
HTL30776,0.319177
HTL30777,0.319177
HTL30778,0.319177
HTL30779,0.319177
HTL30780,0.319177
HTL30781,0.319177
HTL30782,0.319177
HTL30783,0.319177
HTL30784,0.319177
HTL30785,0.319177
HTL30786,0.319177
HTL30787,0.319177
HTL30788,0.319177
HTL30789,0.319177
HTL30790,0.319177
HTL30791,0.319177
HTL30792,0.319177
HTL30793,0.319177
HTL30794,0.319177
HTL30795,0.319177
HTL30796,0.319177
HTL30797,0.319177
HTL30798,0.319177
HTL30799,0.319177
HTL30800,0.319177
HTL30801,0.319177
HTL30802,0.319177
HTL30803,0.319177
HTL30804,0.319177
HTL30805,0.319177
HTL30806,0.319177
HTL30807,0.319177
HTL30808,0.319177
HTL30809,0.319177
HTL30810,0.319177
HTL30811,0.319177
HTL30812,0.319177
HTL30813,0.319177
HTL30814,0.319177
HTL30815,0.319177
HTL30816,0.319177
HTL30817,0.319177
HTL30818,0.319177
HTL30819,0.319177
HTL30820,0.319177
HTL30821,0.319177
HTL30822,0.319177
HTL30823,0.319177
HTL30824,0.319177
HTL30825,0.319177
HTL30826,0.319177
HTL30827,0.319177
HTL30828,0.319177
HTL30829,0.319177
HTL30830,0.319177
HTL30831,0.319177
HTL30832,0.319177
HTL30833,0.319177
HTL30834,0.319177
HTL30835,0.319177
HTL30836,0.319177
HTL30837,0.319177
HTL30838,0.319177
HTL30839,0.319177
HTL30840,0.319177
HTL30841,0.319177
HTL30842,0.319177
HTL30843,0.319177
HTL30844,0.319177
HTL30845,0.319177
HTL30846,0.319177
HTL30847,0.319177
HTL30848,0.319177
HTL30849,0.319177
HTL30850,0.319177
HTL30851,0.319177
HTL30852,0.319177
HTL30853,0.319177
HTL30854,0.319177
HTL30855,0.319177
HTL30856,0.319177
HTL30857,0.319177
HTL30858,0.319177
HTL30859,0.319177
HTL30860,0.319177
HTL30861,0.319177
HTL30862,0.319177
HTL30863,0.319177
HTL30864,0.319177
HTL30865,0.319177
HTL30866,0.319177
HTL30867,0.319177
HTL30868,0.319177
HTL30869,0.319177
HTL30870,0.319177
HTL30871,0.319177
HTL30872,0.319177
HTL30873,0.319177
HTL30874,0.319177
HTL30875,0.319177
HTL30876,0.319177
HTL30877,0.319177
HTL30878,0.319177
HTL30879,0.319177
HTL30880,0.319177
HTL30881,0.319177
HTL30882,0.319177
HTL30883,0.319177
HTL30884,0.319177
HTL30885,0.319177
HTL30886,0.319177
HTL30887,0.319177
HTL30888,0.319177
HTL30889,0.319177
HTL30890,0.319177
HTL30891,0.319177
HTL30892,0.319177
HTL30893,0.319177
HTL30894,0.319177
HTL30895,0.319177
HTL30896,0.319177
HTL30897,0.319177
HTL30898,0.319177
HTL30899,0.319177
HTL30900,0.319177
HTL30901,0.319177
HTL30902,0.319177
HTL30903,0.319177
HTL30904,0.319177
HTL30905,0.319177
HTL30906,0.319177
HTL30907,0.319177
HTL30908,0.319177
HTL30909,0.319177
HTL30910,0.319177
HTL30911,0.319177
HTL30912,0.319177
HTL30913,0.319177
HTL30914,0.319177
HTL30915,0.319177
HTL30916,0.319177
HTL30917,0.319177
HTL30918,0.319177
HTL30919,0.319177
HTL30920,0.319177
HTL30921,0.319177
HTL30922,0.319177
HTL30923,0.319177
HTL30924,0.319177
HTL30925,0.319177
HTL30926,0.319177
HTL30927,0.319177
HTL30928,0.319177
HTL30929,0.319177
HTL30930,0.319177
HTL30931,0.319177
HTL30932,0.319177
HTL30933,0.319177
HTL30934,0.319177
HTL30935,0.319177
HTL30936,0.319177
HTL30937,0.319177
HTL30938,0.319177
HTL30939,0.319177
HTL30940,0.319177
HTL30941,0.319177
HTL30942,0.319177
HTL30943,0.319177
HTL30944,0.319177
HTL30945,0.319177
HTL30946,0.319177
HTL30947,0.319177
HTL30948,0.319177
HTL30949,0.319177
HTL30950,0.319177
HTL30951,0.319177
HTL30952,0.319177
HTL30953,0.319177
HTL30954,0.319177
HTL30955,0.319177
HTL30956,0.319177
HTL30957,0.319177
HTL30958,0.319177
HTL30959,0.319177
HTL30960,0.319177
HTL30961,0.319177
HTL30962,0.319177
HTL30963,0.319177
HTL30964,0.319177
HTL30965,0.319177
HTL30966,0.319177
HTL30967,0.319177
HTL30968,0.319177
HTL30969,0.319177
HTL30970,0.319177
HTL30971,0.319177
HTL30972,0.319177
HTL30973,0.319177
HTL30974,0.319177
HTL30975,0.319177
HTL30976,0.319177
HTL30977,0.319177
HTL30978,0.319177
HTL30979,0.319177
HTL30980,0.319177
HTL30981,0.319177
HTL30982,0.319177
HTL30983,0.319177
HTL30984,0.319177
HTL30985,0.319177
HTL30986,0.319177
HTL30987,0.319177
HTL30988,0.319177
HTL30989,0.319177
HTL30990,0.319177
HTL30991,0.319177
HTL30992,0.319177
HTL30993,0.319177
HTL30994,0.319177
HTL30995,0.319177
HTL30996,0.319177
HTL30997,0.319177
HTL30998,0.319177
HTL30999,0.319177
HTL31000,0.319177
HTL31001,0.319177
HTL31002,0.319177
HTL31003,0.319177
HTL31004,0.319177
HTL31005,0.319177
HTL31006,0.319177
HTL31007,0.319177
HTL31008,0.319177
HTL31009,0.319177
HTL31010,0.319177
HTL31011,0.319177
HTL31012,0.319177
HTL31013,0.319177
HTL31014,0.319177
HTL31015,0.319177
HTL31016,0.319177
HTL31017,0.319177
HTL31018,0.319177
HTL31019,0.319177
HTL31020,0.319177
HTL31021,0.319177
HTL31022,0.319177
HTL31023,0.319177
HTL31024,0.319177
HTL31025,0.319177
HTL31026,0.319177
HTL31027,0.319177
HTL31028,0.319177
HTL31029,0.319177
HTL31030,0.319177
HTL31031,0.319177
HTL31032,0.319177
HTL31033,0.319177
HTL31034,0.319177
HTL31035,0.319177
HTL31036,0.319177
HTL31037,0.319177
HTL31038,0.319177
HTL31039,0.319177
HTL31040,0.319177
HTL31041,0.319177
HTL31042,0.319177
HTL31043,0.319177
HTL31044,0.319177
HTL31045,0.319177
HTL31046,0.319177
HTL31047,0.319177
HTL31048,0.319177
HTL31049,0.319177
HTL31050,0.319177
HTL31051,0.319177
HTL31052,0.319177
HTL31053,0.319177
HTL31054,0.319177
HTL31055,0.319177
HTL31056,0.319177
HTL31057,0.319177
HTL31058,0.319177
HTL31059,0.319177
HTL31060,0.319177
HTL31061,0.319177
HTL31062,0.319177
HTL31063,0.319177
HTL31064,0.319177
HTL31065,0.319177
HTL31066,0.319177
HTL31067,0.319177
HTL31068,0.319177
HTL31069,0.319177
HTL31070,0.319177
HTL31071,0.319177
HTL31072,0.319177
HTL31073,0.319177
HTL31074,0.319177
HTL31075,0.319177
HTL31076,0.319177
HTL31077,0.319177
HTL31078,0.319177
HTL31079,0.319177
HTL31080,0.319177
HTL31081,0.319177
HTL31082,0.319177
HTL31083,0.319177
HTL31084,0.319177
HTL31085,0.319177
HTL31086,0.319177
HTL31087,0.319177
HTL31088,0.319177
HTL31089,0.319177
HTL31090,0.319177
HTL31091,0.319177
HTL31092,0.319177
HTL31093,0.319177
HTL31094,0.319177
HTL31095,0.319177
HTL31096,0.319177
HTL31097,0.319177
HTL31098,0.319177
HTL31099,0.319177
HTL31100,0.319177
HTL31101,0.319177
HTL31102,0.319177
HTL31103,0.319177
HTL31104,0.319177
HTL31105,0.319177
HTL31106,0.319177
HTL31107,0.319177
HTL31108,0.319177
HTL31109,0.319177
HTL31110,0.319177
HTL31111,0.319177
HTL31112,0.319177
HTL31113,0.319177
HTL31114,0.319177
HTL31115,0.319177
HTL31116,0.319177
HTL31117,0.319177
HTL31118,0.319177
HTL31119,0.319177
HTL31120,0.319177
HTL31121,0.319177
HTL31122,0.319177
HTL31123,0.319177
HTL31124,0.319177
HTL31125,0.319177
HTL31126,0.319177
HTL31127,0.319177
HTL31128,0.319177
HTL31129,0.319177
HTL31130,0.319177
HTL31131,0.319177
HTL31132,0.319177
HTL31133,0.319177
HTL31134,0.319177
HTL31135,0.319177
HTL31136,0.319177
HTL31137,0.319177
HTL31138,0.319177
HTL31139,0.319177
HTL31140,0.319177
HTL31141,0.319177
HTL31142,0.319177
HTL31143,0.319177
HTL31144,0.319177
HTL31145,0.319177
HTL31146,0.319177
HTL31147,0.319177
HTL31148,0.319177
HTL31149,0.319177
HTL31150,0.319177
HTL31151,0.319177
HTL31152,0.319177
HTL31153,0.319177
HTL31154,0.319177
HTL31155,0.319177
HTL31156,0.319177
HTL31157,0.319177
HTL31158,0.319177
HTL31159,0.319177
HTL31160,0.319177
HTL31161,0.319177
HTL31162,0.319177
HTL31163,0.319177
HTL31164,0.319177
HTL31165,0.319177
HTL31166,0.319177
HTL31167,0.319177
HTL31168,0.319177
HTL31169,0.319177
HTL31170,0.319177
HTL31171,0.319177
HTL31172,0.319177
HTL31173,0.319177
HTL31174,0.319177
HTL31175,0.319177
HTL31176,0.319177
HTL31177,0.319177
HTL31178,0.319177
HTL31179,0.319177
HTL31180,0.319177
HTL31181,0.319177
HTL31182,0.319177
HTL31183,0.319177
HTL31184,0.319177
HTL31185,0.319177
HTL31186,0.319177
HTL31187,0.319177
HTL31188,0.319177
HTL31189,0.319177
HTL31190,0.319177
HTL31191,0.319177
HTL31192,0.319177
HTL31193,0.319177
HTL31194,0.319177
HTL31195,0.319177
HTL31196,0.319177
HTL31197,0.319177
HTL31198,0.319177
HTL31199,0.319177
HTL31200,0.319177
HTL31201,0.319177
HTL31202,0.319177
HTL31203,0.319177
HTL31204,0.319177
HTL31205,0.319177
HTL31206,0.319177
HTL31207,0.319177
HTL31208,0.319177
HTL31209,0.319177
HTL31210,0.319177
HTL31211,0.319177
HTL31212,0.319177
HTL31213,0.319177
HTL31214,0.319177
HTL31215,0.319177
HTL31216,0.319177
HTL31217,0.319177
HTL31218,0.319177
HTL31219,0.319177
HTL31220,0.319177
HTL31221,0.319177
HTL31222,0.319177
HTL31223,0.319177
HTL31224,0.319177
HTL31225,0.319177
HTL31226,0.319177
HTL31227,0.319177
HTL31228,0.319177
HTL31229,0.319177
HTL31230,0.319177
HTL31231,0.319177
HTL31232,0.319177
HTL31233,0.319177
HTL31234,0.319177
HTL31235,0.319177
HTL31236,0.319177
HTL31237,0.319177
HTL31238,0.319177
HTL31239,0.319177
HTL31240,0.319177
HTL31241,0.319177
HTL31242,0.319177
HTL31243,0.319177
HTL31244,0.319177
HTL31245,0.319177
HTL31246,0.319177
HTL31247,0.319177
HTL31248,0.319177
HTL31249,0.319177
HTL31250,0.319177
HTL31251,0.319177
HTL31252,0.319177
HTL31253,0.319177
HTL31254,0.319177
HTL31255,0.319177
HTL31256,0.319177
HTL31257,0.319177
HTL31258,0.319177
HTL31259,0.319177
HTL31260,0.319177
HTL31261,0.319177
HTL31262,0.319177
HTL31263,0.319177
HTL31264,0.319177
HTL31265,0.319177
HTL31266,0.319177
HTL31267,0.319177
HTL31268,0.319177
HTL31269,0.319177
HTL31270,0.319177
HTL31271,0.319177
HTL31272,0.319177
HTL31273,0.319177
HTL31274,0.319177
HTL31275,0.319177
HTL31276,0.319177
HTL31277,0.319177
HTL31278,0.319177
HTL31279,0.319177
HTL31280,0.319177
HTL31281,0.319177
HTL31282,0.319177
HTL31283,0.319177
HTL31284,0.319177
HTL31285,0.319177
HTL31286,0.319177
HTL31287,0.319177
HTL31288,0.319177
HTL31289,0.319177
HTL31290,0.319177
HTL31291,0.319177
HTL31292,0.319177
HTL31293,0.319177
HTL31294,0.319177
HTL31295,0.319177
HTL31296,0.319177
HTL31297,0.319177
HTL31298,0.319177
HTL31299,0.319177
HTL31300,0.319177
HTL31301,0.319177
HTL31302,0.319177
HTL31303,0.319177
HTL31304,0.319177
HTL31305,0.319177
HTL31306,0.319177
HTL31307,0.319177
HTL31308,0.319177
HTL31309,0.319177
HTL31310,0.319177
HTL31311,0.319177
HTL31312,0.319177
HTL31313,0.319177
HTL31314,0.319177
HTL31315,0.319177
HTL31316,0.319177
HTL31317,0.319177
HTL31318,0.319177
HTL31319,0.319177
HTL31320,0.319177
HTL31321,0.319177
HTL31322,0.319177
HTL31323,0.319177
HTL31324,0.319177
HTL31325,0.319177
HTL31326,0.319177
HTL31327,0.319177
HTL31328,0.319177
HTL31329,0.319177
HTL31330,0.319177
HTL31331,0.319177
HTL31332,0.319177
HTL31333,0.319177
HTL31334,0.319177
HTL31335,0.319177
HTL31336,0.319177
HTL31337,0.319177
HTL31338,0.319177
HTL31339,0.319177
HTL31340,0.319177
HTL31341,0.319177
HTL31342,0.319177
HTL31343,0.319177
HTL31344,0.319177
HTL31345,0.319177
HTL31346,0.319177
HTL31347,0.319177
HTL31348,0.319177
HTL31349,0.319177
HTL31350,0.319177
HTL31351,0.319177
HTL31352,0.319177
HTL31353,0.319177
HTL31354,0.319177
HTL31355,0.319177
HTL31356,0.319177
HTL31357,0.319177
HTL31358,0.319177
HTL31359,0.319177
HTL31360,0.319177
HTL31361,0.319177
HTL31362,0.319177
HTL31363,0.319177
HTL31364,0.319177
HTL31365,0.319177
HTL31366,0.319177
HTL31367,0.319177
HTL31368,0.319177
HTL31369,0.319177
HTL31370,0.319177
HTL31371,0.319177
HTL31372,0.319177
HTL31373,0.319177
HTL31374,0.319177
HTL31375,0.319177
HTL31376,0.319177
HTL31377,0.319177
HTL31378,0.319177
HTL31379,0.319177
HTL31380,0.319177
HTL31381,0.319177
HTL31382,0.319177
HTL31383,0.319177
HTL31384,0.319177
HTL31385,0.319177
HTL31386,0.319177
HTL31387,0.319177
HTL31388,0.319177
HTL31389,0.319177
HTL31390,0.319177
HTL31391,0.319177
HTL31392,0.319177
HTL31393,0.319177
HTL31394,0.319177
HTL31395,0.319177
HTL31396,0.319177
HTL31397,0.319177
HTL31398,0.319177
HTL31399,0.319177
HTL31400,0.319177
HTL31401,0.319177
HTL31402,0.319177
HTL31403,0.319177
HTL31404,0.319177
HTL31405,0.319177
HTL31406,0.319177
HTL31407,0.319177
HTL31408,0.319177
HTL31409,0.319177
HTL31410,0.319177
HTL31411,0.319177
HTL31412,0.319177
HTL31413,0.319177
HTL31414,0.319177
HTL31415,0.319177
HTL31416,0.319177
HTL31417,0.319177
HTL31418,0.319177
HTL31419,0.319177
HTL31420,0.319177
HTL31421,0.319177
HTL31422,0.319177
HTL31423,0.319177
HTL31424,0.319177
HTL31425,0.319177
HTL31426,0.319177
HTL31427,0.319177
HTL31428,0.319177
HTL31429,0.319177
HTL31430,0.319177
HTL31431,0.319177
HTL31432,0.319177
HTL31433,0.319177
HTL31434,0.319177
HTL31435,0.319177
HTL31436,0.319177
HTL31437,0.319177
HTL31438,0.319177
HTL31439,0.319177
HTL31440,0.319177
HTL31441,0.319177
HTL31442,0.319177
HTL31443,0.319177
HTL31444,0.319177
HTL31445,0.319177
HTL31446,0.319177
HTL31447,0.319177
HTL31448,0.319177
HTL31449,0.319177
HTL31450,0.319177
HTL31451,0.319177
HTL31452,0.319177
HTL31453,0.319177
HTL31454,0.319177
HTL31455,0.319177
HTL31456,0.319177
HTL31457,0.319177
HTL31458,0.319177
HTL31459,0.319177
HTL31460,0.319177
HTL31461,0.319177
HTL31462,0.319177
HTL31463,0.319177
HTL31464,0.319177
HTL31465,0.319177
HTL31466,0.319177
HTL31467,0.319177
HTL31468,0.319177
HTL31469,0.319177
HTL31470,0.319177
HTL31471,0.319177
HTL31472,0.319177
HTL31473,0.319177
HTL31474,0.319177
HTL31475,0.319177
HTL31476,0.319177
HTL31477,0.319177
HTL31478,0.319177
HTL31479,0.319177
HTL31480,0.319177
HTL31481,0.319177
HTL31482,0.319177
HTL31483,0.319177
HTL31484,0.319177
HTL31485,0.319177
HTL31486,0.319177
HTL31487,0.319177
HTL31488,0.319177
HTL31489,0.319177
HTL31490,0.319177
HTL31491,0.319177
HTL31492,0.319177
HTL31493,0.319177
HTL31494,0.319177
HTL31495,0.319177
HTL31496,0.319177
HTL31497,0.319177
HTL31498,0.319177
HTL31499,0.319177
HTL31500,0.319177
HTL31501,0.319177
HTL31502,0.319177
HTL31503,0.319177
HTL31504,0.319177
HTL31505,0.319177
HTL31506,0.319177
HTL31507,0.319177
HTL31508,0.319177
HTL31509,0.319177
HTL31510,0.319177
HTL31511,0.319177
HTL31512,0.319177
HTL31513,0.319177
HTL31514,0.319177
HTL31515,0.319177
HTL31516,0.319177
HTL31517,0.319177
HTL31518,0.319177
HTL31519,0.319177
HTL31520,0.319177
HTL31521,0.319177
HTL31522,0.319177
HTL31523,0.319177
HTL31524,0.319177
HTL31525,0.319177
HTL31526,0.319177
HTL31527,0.319177
HTL31528,0.319177
HTL31529,0.319177
HTL31530,0.319177
HTL31531,0.319177
HTL31532,0.319177
HTL31533,0.319177
HTL31534,0.319177
HTL31535,0.319177
HTL31536,0.319177
HTL31537,0.319177
HTL31538,0.319177
HTL31539,0.319177
HTL31540,0.319177
HTL31541,0.319177
HTL31542,0.319177
HTL31543,0.319177
HTL31544,0.319177
HTL31545,0.319177
HTL31546,0.319177
HTL31547,0.319177
HTL31548,0.319177
HTL31549,0.319177
HTL31550,0.319177
HTL31551,0.319177
HTL31552,0.319177
HTL31553,0.319177
HTL31554,0.319177
HTL31555,0.319177
HTL31556,0.319177
HTL31557,0.319177
HTL31558,0.319177
HTL31559,0.319177
HTL31560,0.319177
HTL31561,0.319177
HTL31562,0.319177
HTL31563,0.319177
HTL31564,0.319177
HTL31565,0.319177
HTL31566,0.319177
HTL31567,0.319177
HTL31568,0.319177
HTL31569,0.319177
HTL31570,0.319177
HTL31571,0.319177
HTL31572,0.319177
HTL31573,0.319177
HTL31574,0.319177
HTL31575,0.319177
HTL31576,0.319177
HTL31577,0.319177
HTL31578,0.319177
HTL31579,0.319177
HTL31580,0.319177
HTL31581,0.319177
HTL31582,0.319177
HTL31583,0.319177
HTL31584,0.319177
HTL31585,0.319177
HTL31586,0.319177
HTL31587,0.319177
HTL31588,0.319177
HTL31589,0.319177
HTL31590,0.319177
HTL31591,0.319177
HTL31592,0.319177
HTL31593,0.319177
HTL31594,0.319177
HTL31595,0.319177
HTL31596,0.319177
HTL31597,0.319177
HTL31598,0.319177
HTL31599,0.319177
HTL31600,0.319177
HTL31601,0.319177
HTL31602,0.319177
HTL31603,0.319177
HTL31604,0.319177
HTL31605,0.319177
HTL31606,0.319177
HTL31607,0.319177
HTL31608,0.319177
HTL31609,0.319177
HTL31610,0.319177
HTL31611,0.319177
HTL31612,0.319177
HTL31613,0.319177
HTL31614,0.319177
HTL31615,0.319177
HTL31616,0.319177
HTL31617,0.319177
HTL31618,0.319177
HTL31619,0.319177
HTL31620,0.319177
HTL31621,0.319177
HTL31622,0.319177
HTL31623,0.319177
HTL31624,0.319177
HTL31625,0.319177
HTL31626,0.319177
HTL31627,0.319177
HTL31628,0.319177
HTL31629,0.319177
HTL31630,0.319177
HTL31631,0.319177
HTL31632,0.319177
HTL31633,0.319177
HTL31634,0.319177
HTL31635,0.319177
HTL31636,0.319177
HTL31637,0.319177
HTL31638,0.319177
HTL31639,0.319177
HTL31640,0.319177
HTL31641,0.319177
HTL31642,0.319177
HTL31643,0.319177
HTL31644,0.319177
HTL31645,0.319177
HTL31646,0.319177
HTL31647,0.319177
HTL31648,0.319177
HTL31649,0.319177
HTL31650,0.319177
HTL31651,0.319177
HTL31652,0.319177
HTL31653,0.319177
HTL31654,0.319177
HTL31655,0.319177
HTL31656,0.319177
HTL31657,0.319177
HTL31658,0.319177
HTL31659,0.319177
HTL31660,0.319177
HTL31661,0.319177
HTL31662,0.319177
HTL31663,0.319177
HTL31664,0.319177
HTL31665,0.319177
HTL31666,0.319177
HTL31667,0.319177
HTL31668,0.319177
HTL31669,0.319177
HTL31670,0.319177
HTL31671,0.319177
HTL31672,0.319177
HTL31673,0.319177
HTL31674,0.319177
HTL31675,0.319177
HTL31676,0.319177
HTL31677,0.319177
HTL31678,0.319177
HTL31679,0.319177
HTL31680,0.319177
HTL31681,0.319177
HTL31682,0.319177
HTL31683,0.319177
HTL31684,0.319177
HTL31685,0.319177
HTL31686,0.319177
HTL31687,0.319177
HTL31688,0.319177
HTL31689,0.319177
HTL31690,0.319177
HTL31691,0.319177
HTL31692,0.319177
HTL31693,0.319177
HTL31694,0.319177
HTL31695,0.319177
HTL31696,0.319177
HTL31697,0.319177
HTL31698,0.319177
HTL31699,0.319177
HTL31700,0.319177
HTL31701,0.319177
HTL31702,0.319177
HTL31703,0.319177
HTL31704,0.319177
HTL31705,0.319177
HTL31706,0.319177
HTL31707,0.319177
HTL31708,0.319177
HTL31709,0.319177
HTL31710,0.319177
HTL31711,0.319177
HTL31712,0.319177
HTL31713,0.319177
HTL31714,0.319177
HTL31715,0.319177
HTL31716,0.319177
HTL31717,0.319177
HTL31718,0.319177
HTL31719,0.319177
HTL31720,0.319177
HTL31721,0.319177
HTL31722,0.319177
HTL31723,0.319177
HTL31724,0.319177
HTL31725,0.319177
HTL31726,0.319177
HTL31727,0.319177
HTL31728,0.319177
HTL31729,0.319177
HTL31730,0.319177
HTL31731,0.319177
HTL31732,0.319177
HTL31733,0.319177
HTL31734,0.319177
HTL31735,0.319177
HTL31736,0.319177
HTL31737,0.319177
HTL31738,0.319177
HTL31739,0.319177
HTL31740,0.319177
HTL31741,0.319177
HTL31742,0.319177
HTL31743,0.319177
HTL31744,0.319177
HTL31745,0.319177
HTL31746,0.319177
HTL31747,0.319177
HTL31748,0.319177
HTL31749,0.319177
HTL31750,0.319177
HTL31751,0.319177
HTL31752,0.319177
HTL31753,0.319177
HTL31754,0.319177
HTL31755,0.319177
HTL31756,0.319177
HTL31757,0.319177
HTL31758,0.319177
HTL31759,0.319177
HTL31760,0.319177
HTL31761,0.319177
HTL31762,0.319177
HTL31763,0.319177
HTL31764,0.319177
HTL31765,0.319177
HTL31766,0.319177
HTL31767,0.319177
HTL31768,0.319177
HTL31769,0.319177
HTL31770,0.319177
HTL31771,0.319177
HTL31772,0.319177
HTL31773,0.319177
HTL31774,0.319177
HTL31775,0.319177
HTL31776,0.319177
HTL31777,0.319177
HTL31778,0.319177
HTL31779,0.319177
HTL31780,0.319177
HTL31781,0.319177
HTL31782,0.319177
HTL31783,0.319177
HTL31784,0.319177
HTL31785,0.319177
HTL31786,0.319177
HTL31787,0.319177
HTL31788,0.319177
HTL31789,0.319177
HTL31790,0.319177
HTL31791,0.319177
HTL31792,0.319177
HTL31793,0.319177
HTL31794,0.319177
HTL31795,0.319177
HTL31796,0.319177
HTL31797,0.319177
HTL31798,0.319177
HTL31799,0.319177
HTL31800,0.319177
HTL31801,0.319177
HTL31802,0.319177
HTL31803,0.319177
HTL31804,0.319177
HTL31805,0.319177
HTL31806,0.319177
HTL31807,0.319177
HTL31808,0.319177
HTL31809,0.319177
HTL31810,0.319177
HTL31811,0.319177
HTL31812,0.319177
HTL31813,0.319177
HTL31814,0.319177
HTL31815,0.319177
HTL31816,0.319177
HTL31817,0.319177
HTL31818,0.319177
HTL31819,0.319177
HTL31820,0.319177
HTL31821,0.319177
HTL31822,0.319177
HTL31823,0.319177
HTL31824,0.319177
HTL31825,0.319177
HTL31826,0.319177
HTL31827,0.319177
HTL31828,0.319177
HTL31829,0.319177
HTL31830,0.319177
HTL31831,0.319177
HTL31832,0.319177
HTL31833,0.319177
HTL31834,0.319177
HTL31835,0.319177
HTL31836,0.319177
HTL31837,0.319177
HTL31838,0.319177
HTL31839,0.319177
HTL31840,0.319177
HTL31841,0.319177
HTL31842,0.319177
HTL31843,0.319177
HTL31844,0.319177
HTL31845,0.319177
HTL31846,0.319177
HTL31847,0.319177
HTL31848,0.319177
HTL31849,0.319177
HTL31850,0.319177
HTL31851,0.319177
HTL31852,0.319177
HTL31853,0.319177
HTL31854,0.319177
HTL31855,0.319177
HTL31856,0.319177
HTL31857,0.319177
HTL31858,0.319177
HTL31859,0.319177
HTL31860,0.319177
HTL31861,0.319177
HTL31862,0.319177
HTL31863,0.319177
HTL31864,0.319177
HTL31865,0.319177
HTL31866,0.319177
HTL31867,0.319177
HTL31868,0.319177
HTL31869,0.319177
HTL31870,0.319177
HTL31871,0.319177
HTL31872,0.319177
HTL31873,0.319177
HTL31874,0.319177
HTL31875,0.319177
HTL31876,0.319177
HTL31877,0.319177
HTL31878,0.319177
HTL31879,0.319177
HTL31880,0.319177
HTL31881,0.319177
HTL31882,0.319177
HTL31883,0.319177
HTL31884,0.319177
HTL31885,0.319177
HTL31886,0.319177
HTL31887,0.319177
HTL31888,0.319177
HTL31889,0.319177
HTL31890,0.319177
HTL31891,0.319177
HTL31892,0.319177
HTL31893,0.319177
HTL31894,0.319177
HTL31895,0.319177
HTL31896,0.319177
HTL31897,0.319177
HTL31898,0.319177
HTL31899,0.319177
HTL31900,0.319177
HTL31901,0.319177
HTL31902,0.319177
HTL31903,0.319177
HTL31904,0.319177
HTL31905,0.319177
HTL31906,0.319177
HTL31907,0.319177
HTL31908,0.319177
HTL31909,0.319177
HTL31910,0.319177
HTL31911,0.319177
HTL31912,0.319177
HTL31913,0.319177
HTL31914,0.319177
HTL31915,0.319177
HTL31916,0.319177
HTL31917,0.319177
HTL31918,0.319177
HTL31919,0.319177
HTL31920,0.319177
HTL31921,0.319177
HTL31922,0.319177
HTL31923,0.319177
HTL31924,0.319177
HTL31925,0.319177
HTL31926,0.319177
HTL31927,0.319177
HTL31928,0.319177
HTL31929,0.319177
HTL31930,0.319177
HTL31931,0.319177
HTL31932,0.319177
HTL31933,0.319177
HTL31934,0.319177
HTL31935,0.319177
HTL31936,0.319177
HTL31937,0.319177
HTL31938,0.319177
HTL31939,0.319177
HTL31940,0.319177
HTL31941,0.319177
HTL31942,0.319177
HTL31943,0.319177
HTL31944,0.319177
HTL31945,0.319177
HTL31946,0.319177
HTL31947,0.319177
HTL31948,0.319177
HTL31949,0.319177
HTL31950,0.319177
HTL31951,0.319177
HTL31952,0.319177
HTL31953,0.319177
HTL31954,0.319177
HTL31955,0.319177
HTL31956,0.319177
HTL31957,0.319177
HTL31958,0.319177
HTL31959,0.319177
HTL31960,0.319177
HTL31961,0.319177
HTL31962,0.319177
HTL31963,0.319177
HTL31964,0.319177
HTL31965,0.319177
HTL31966,0.319177
HTL31967,0.319177
HTL31968,0.319177
HTL31969,0.319177
HTL31970,0.319177
HTL31971,0.319177
HTL31972,0.319177
HTL31973,0.319177
HTL31974,0.319177
HTL31975,0.319177
HTL31976,0.319177
HTL31977,0.319177
HTL31978,0.319177
HTL31979,0.319177
HTL31980,0.319177
HTL31981,0.319177
HTL31982,0.319177
HTL31983,0.319177
HTL31984,0.319177
HTL31985,0.319177
HTL31986,0.319177
HTL31987,0.319177
HTL31988,0.319177
HTL31989,0.319177
HTL31990,0.319177
HTL31991,0.319177
HTL31992,0.319177
HTL31993,0.319177
HTL31994,0.319177
HTL31995,0.319177
HTL31996,0.319177
HTL31997,0.319177
HTL31998,0.319177
HTL31999,0.319177
HTL32000,0.319177
HTL32001,0.319177
HTL32002,0.319177
HTL32003,0.319177
HTL32004,0.319177
HTL32005,0.319177
HTL32006,0.319177
HTL32007,0.319177
HTL32008,0.319177
HTL32009,0.319177
HTL32010,0.319177
HTL32011,0.319177
HTL32012,0.319177
HTL32013,0.319177
HTL32014,0.319177
HTL32015,0.319177
HTL32016,0.319177
HTL32017,0.319177
HTL32018,0.319177
HTL32019,0.319177
HTL32020,0.319177
HTL32021,0.319177
HTL32022,0.319177
HTL32023,0.319177
HTL32024,0.319177
HTL32025,0.319177
HTL32026,0.319177
HTL32027,0.319177
HTL32028,0.319177
HTL32029,0.319177
HTL32030,0.319177
HTL32031,0.319177
HTL32032,0.319177
HTL32033,0.319177
HTL32034,0.319177
HTL32035,0.319177
HTL32036,0.319177
HTL32037,0.319177
HTL32038,0.319177
HTL32039,0.319177
HTL32040,0.319177
HTL32041,0.319177
HTL32042,0.319177
HTL32043,0.319177
HTL32044,0.319177
HTL32045,0.319177
HTL32046,0.319177
HTL32047,0.319177
HTL32048,0.319177
HTL32049,0.319177
HTL32050,0.319177
HTL32051,0.319177
HTL32052,0.319177
HTL32053,0.319177
HTL32054,0.319177
HTL32055,0.319177
HTL32056,0.319177
HTL32057,0.319177
HTL32058,0.319177
HTL32059,0.319177
HTL32060,0.319177
HTL32061,0.319177
HTL32062,0.319177
HTL32063,0.319177
HTL32064,0.319177
HTL32065,0.319177
HTL32066,0.319177
HTL32067,0.319177
HTL32068,0.319177
HTL32069,0.319177
HTL32070,0.319177
HTL32071,0.319177
HTL32072,0.319177
HTL32073,0.319177
HTL32074,0.319177
HTL32075,0.319177
HTL32076,0.319177
HTL32077,0.319177
HTL32078,0.319177
HTL32079,0.319177
HTL32080,0.319177
HTL32081,0.319177
HTL32082,0.319177
HTL32083,0.319177
HTL32084,0.319177
HTL32085,0.319177
HTL32086,0.319177
HTL32087,0.319177
HTL32088,0.319177
HTL32089,0.319177
HTL32090,0.319177
HTL32091,0.319177
HTL32092,0.319177
HTL32093,0.319177
HTL32094,0.319177
HTL32095,0.319177
HTL32096,0.319177
HTL32097,0.319177
HTL32098,0.319177
HTL32099,0.319177
HTL32100,0.319177
HTL32101,0.319177
HTL32102,0.319177
HTL32103,0.319177
HTL32104,0.319177
HTL32105,0.319177
HTL32106,0.319177
HTL32107,0.319177
HTL32108,0.319177
HTL32109,0.319177
HTL32110,0.319177
HTL32111,0.319177
HTL32112,0.319177
HTL32113,0.319177
HTL32114,0.319177
HTL32115,0.319177
HTL32116,0.319177
HTL32117,0.319177
HTL32118,0.319177
HTL32119,0.319177
HTL32120,0.319177
HTL32121,0.319177
HTL32122,0.319177
HTL32123,0.319177
HTL32124,0.319177
HTL32125,0.319177
HTL32126,0.319177
HTL32127,0.319177
HTL32128,0.319177
HTL32129,0.319177
HTL32130,0.319177
HTL32131,0.319177
HTL32132,0.319177
HTL32133,0.319177
HTL32134,0.319177
HTL32135,0.319177
HTL32136,0.319177
HTL32137,0.319177
HTL32138,0.319177
HTL32139,0.319177
HTL32140,0.319177
HTL32141,0.319177
HTL32142,0.319177
HTL32143,0.319177
HTL32144,0.319177
HTL32145,0.319177
HTL32146,0.319177
HTL32147,0.319177
HTL32148,0.319177
HTL32149,0.319177
HTL32150,0.319177
HTL32151,0.319177
HTL32152,0.319177
HTL32153,0.319177
HTL32154,0.319177
HTL32155,0.319177
HTL32156,0.319177
HTL32157,0.319177
HTL32158,0.319177
HTL32159,0.319177
HTL32160,0.319177
HTL32161,0.319177
HTL32162,0.319177
HTL32163,0.319177
HTL32164,0.319177
HTL32165,0.319177
HTL32166,0.319177
HTL32167,0.319177
HTL32168,0.319177
HTL32169,0.319177
HTL32170,0.319177
HTL32171,0.319177
HTL32172,0.319177
HTL32173,0.319177
HTL32174,0.319177
HTL32175,0.319177
HTL32176,0.319177
HTL32177,0.319177
HTL32178,0.319177
HTL32179,0.319177
HTL32180,0.319177
HTL32181,0.319177
HTL32182,0.319177
HTL32183,0.319177
HTL32184,0.319177
HTL32185,0.319177
HTL32186,0.319177
HTL32187,0.319177
HTL32188,0.319177
HTL32189,0.319177
HTL32190,0.319177
HTL32191,0.319177
HTL32192,0.319177
HTL32193,0.319177
HTL32194,0.319177
HTL32195,0.319177
HTL32196,0.319177
HTL32197,0.319177
HTL32198,0.319177
HTL32199,0.319177
HTL32200,0.319177
HTL32201,0.319177
HTL32202,0.319177
HTL32203,0.319177
HTL32204,0.319177
HTL32205,0.319177
HTL32206,0.319177
HTL32207,0.319177
HTL32208,0.319177
HTL32209,0.319177
HTL32210,0.319177
HTL32211,0.319177
HTL32212,0.319177
HTL32213,0.319177
HTL32214,0.319177
HTL32215,0.319177
HTL32216,0.319177
HTL32217,0.319177
HTL32218,0.319177
HTL32219,0.319177
HTL32220,0.319177
HTL32221,0.319177
HTL32222,0.319177
HTL32223,0.319177
HTL32224,0.319177
HTL32225,0.319177
HTL32226,0.319177
HTL32227,0.319177
HTL32228,0.319177
HTL32229,0.319177
HTL32230,0.319177
HTL32231,0.319177
HTL32232,0.319177
HTL32233,0.319177
HTL32234,0.319177
HTL32235,0.319177
HTL32236,0.319177
HTL32237,0.319177
HTL32238,0.319177
HTL32239,0.319177
HTL32240,0.319177
HTL32241,0.319177
HTL32242,0.319177
HTL32243,0.319177
HTL32244,0.319177
HTL32245,0.319177
HTL32246,0.319177
HTL32247,0.319177
HTL32248,0.319177
HTL32249,0.319177
HTL32250,0.319177
HTL32251,0.319177
HTL32252,0.319177
HTL32253,0.319177
HTL32254,0.319177
HTL32255,0.319177
HTL32256,0.319177
HTL32257,0.319177
HTL32258,0.319177
HTL32259,0.319177
HTL32260,0.319177
HTL32261,0.319177
HTL32262,0.319177
HTL32263,0.319177
HTL32264,0.319177
HTL32265,0.319177
HTL32266,0.319177
HTL32267,0.319177
HTL32268,0.319177
HTL32269,0.319177
HTL32270,0.319177
HTL32271,0.319177
HTL32272,0.319177
HTL32273,0.319177
HTL32274,0.319177
HTL32275,0.319177
HTL32276,0.319177
HTL32277,0.319177
HTL32278,0.319177
HTL32279,0.319177
HTL32280,0.319177
HTL32281,0.319177
HTL32282,0.319177
HTL32283,0.319177
HTL32284,0.319177
HTL32285,0.319177
HTL32286,0.319177
HTL32287,0.319177
HTL32288,0.319177
HTL32289,0.319177
HTL32290,0.319177
HTL32291,0.319177
HTL32292,0.319177
HTL32293,0.319177
HTL32294,0.319177
HTL32295,0.319177
HTL32296,0.319177
HTL32297,0.319177
HTL32298,0.319177
HTL32299,0.319177
HTL32300,0.319177
HTL32301,0.319177
HTL32302,0.319177
HTL32303,0.319177
HTL32304,0.319177
HTL32305,0.319177
HTL32306,0.319177
HTL32307,0.319177
HTL32308,0.319177
HTL32309,0.319177
HTL32310,0.319177
HTL32311,0.319177
HTL32312,0.319177
HTL32313,0.319177
HTL32314,0.319177
HTL32315,0.319177
HTL32316,0.319177
HTL32317,0.319177
HTL32318,0.319177
HTL32319,0.319177
HTL32320,0.319177
HTL32321,0.319177
HTL32322,0.319177
HTL32323,0.319177
HTL32324,0.319177
HTL32325,0.319177
HTL32326,0.319177
HTL32327,0.319177
HTL32328,0.319177
HTL32329,0.319177
HTL32330,0.319177
HTL32331,0.319177
HTL32332,0.319177
HTL32333,0.319177
HTL32334,0.319177
HTL32335,0.319177
HTL32336,0.319177
HTL32337,0.319177
HTL32338,0.319177
HTL32339,0.319177
HTL32340,0.319177
HTL32341,0.319177
HTL32342,0.319177
HTL32343,0.319177
HTL32344,0.319177
HTL32345,0.319177
HTL32346,0.319177
HTL32347,0.319177
HTL32348,0.319177
HTL32349,0.319177
HTL32350,0.319177
HTL32351,0.319177
HTL32352,0.319177
HTL32353,0.319177
HTL32354,0.319177
HTL32355,0.319177
HTL32356,0.319177
HTL32357,0.319177
HTL32358,0.319177
HTL32359,0.319177
HTL32360,0.319177
HTL32361,0.319177
HTL32362,0.319177
HTL32363,0.319177
HTL32364,0.319177
HTL32365,0.319177
HTL32366,0.319177
HTL32367,0.319177
HTL32368,0.319177
HTL32369,0.319177
HTL32370,0.319177
HTL32371,0.319177
HTL32372,0.319177
HTL32373,0.319177
HTL32374,0.319177
HTL32375,0.319177
HTL32376,0.319177
HTL32377,0.319177
HTL32378,0.319177
HTL32379,0.319177
HTL32380,0.319177
HTL32381,0.319177
HTL32382,0.319177
HTL32383,0.319177
HTL32384,0.319177
HTL32385,0.319177
HTL32386,0.319177
HTL32387,0.319177
HTL32388,0.319177
HTL32389,0.319177
HTL32390,0.319177
HTL32391,0.319177
HTL32392,0.319177
HTL32393,0.319177
HTL32394,0.319177
HTL32395,0.319177
HTL32396,0.319177
HTL32397,0.319177
HTL32398,0.319177
HTL32399,0.319177
HTL32400,0.319177
HTL32401,0.319177
HTL32402,0.319177
HTL32403,0.319177
HTL32404,0.319177
HTL32405,0.319177
HTL32406,0.319177
HTL32407,0.319177
HTL32408,0.319177
HTL32409,0.319177
HTL32410,0.319177
HTL32411,0.319177
HTL32412,0.319177
HTL32413,0.319177
HTL32414,0.319177
HTL32415,0.319177
HTL32416,0.319177
HTL32417,0.319177
HTL32418,0.319177
HTL32419,0.319177
HTL32420,0.319177
HTL32421,0.319177
HTL32422,0.319177
HTL32423,0.319177
HTL32424,0.319177
HTL32425,0.319177
HTL32426,0.319177
HTL32427,0.319177
HTL32428,0.319177
HTL32429,0.319177
HTL32430,0.319177
HTL32431,0.319177
HTL32432,0.319177
HTL32433,0.319177
HTL32434,0.319177
HTL32435,0.319177
HTL32436,0.319177
HTL32437,0.319177
HTL32438,0.319177
HTL32439,0.319177
HTL32440,0.319177
HTL32441,0.319177
HTL32442,0.319177
HTL32443,0.319177
HTL32444,0.319177
HTL32445,0.319177
HTL32446,0.319177
HTL32447,0.319177
HTL32448,0.319177
HTL32449,0.319177
HTL32450,0.319177
HTL32451,0.319177
HTL32452,0.319177
HTL32453,0.319177
HTL32454,0.319177
HTL32455,0.319177
HTL32456,0.319177
HTL32457,0.319177
HTL32458,0.319177
HTL32459,0.319177
HTL32460,0.319177
HTL32461,0.319177
HTL32462,0.319177
HTL32463,0.319177
HTL32464,0.319177
HTL32465,0.319177
HTL32466,0.319177
HTL32467,0.319177
HTL32468,0.319177
HTL32469,0.319177
HTL32470,0.319177
HTL32471,0.319177
HTL32472,0.319177
HTL32473,0.319177
HTL32474,0.319177
HTL32475,0.319177
HTL32476,0.319177
HTL32477,0.319177
HTL32478,0.319177
HTL32479,0.319177
HTL32480,0.319177
HTL32481,0.319177
HTL32482,0.319177
HTL32483,0.319177
HTL32484,0.319177
HTL32485,0.319177
HTL32486,0.319177
HTL32487,0.319177
HTL32488,0.319177
HTL32489,0.319177
HTL32490,0.319177
HTL32491,0.319177
HTL32492,0.319177
HTL32493,0.319177
HTL32494,0.319177
HTL32495,0.319177
HTL32496,0.319177
HTL32497,0.319177
HTL32498,0.319177
HTL32499,0.319177
HTL32500,0.319177
HTL32501,0.319177
HTL32502,0.319177
HTL32503,0.319177
HTL32504,0.319177
HTL32505,0.319177
HTL32506,0.319177
HTL32507,0.319177
HTL32508,0.319177
HTL32509,0.319177
HTL32510,0.319177
HTL32511,0.319177
HTL32512,0.319177
HTL32513,0.319177
HTL32514,0.319177
HTL32515,0.319177
HTL32516,0.319177
HTL32517,0.319177
HTL32518,0.319177
HTL32519,0.319177
HTL32520,0.319177
HTL32521,0.319177
HTL32522,0.319177
HTL32523,0.319177
HTL32524,0.319177
HTL32525,0.319177
HTL32526,0.319177
HTL32527,0.319177
HTL32528,0.319177
HTL32529,0.319177
HTL32530,0.319177
HTL32531,0.319177
HTL32532,0.319177
HTL32533,0.319177
HTL32534,0.319177
HTL32535,0.319177
HTL32536,0.319177
HTL32537,0.319177
HTL32538,0.319177
HTL32539,0.319177
HTL32540,0.319177
HTL32541,0.319177
HTL32542,0.319177
HTL32543,0.319177
HTL32544,0.319177
HTL32545,0.319177
HTL32546,0.319177
HTL32547,0.319177
HTL32548,0.319177
HTL32549,0.319177
HTL32550,0.319177
HTL32551,0.319177
HTL32552,0.319177
HTL32553,0.319177
HTL32554,0.319177
HTL32555,0.319177
HTL32556,0.319177
HTL32557,0.319177
HTL32558,0.319177
HTL32559,0.319177
HTL32560,0.319177
HTL32561,0.319177
HTL32562,0.319177
HTL32563,0.319177
HTL32564,0.319177
HTL32565,0.319177
HTL32566,0.319177
HTL32567,0.319177
HTL32568,0.319177
HTL32569,0.319177
HTL32570,0.319177
HTL32571,0.319177
HTL32572,0.319177
HTL32573,0.319177
HTL32574,0.319177
HTL32575,0.319177
HTL32576,0.319177
HTL32577,0.319177
HTL32578,0.319177
HTL32579,0.319177
HTL32580,0.319177
HTL32581,0.319177
HTL32582,0.319177
HTL32583,0.319177
HTL32584,0.319177
HTL32585,0.319177
HTL32586,0.319177
HTL32587,0.319177
HTL32588,0.319177
HTL32589,0.319177
HTL32590,0.319177
HTL32591,0.319177
HTL32592,0.319177
HTL32593,0.319177
HTL32594,0.319177
HTL32595,0.319177
HTL32596,0.319177
HTL32597,0.319177
HTL32598,0.319177
HTL32599,0.319177
HTL32600,0.319177
HTL32601,0.319177
HTL32602,0.319177
HTL32603,0.319177
HTL32604,0.319177
HTL32605,0.319177
HTL32606,0.319177
HTL32607,0.319177
HTL32608,0.319177
HTL32609,0.319177
HTL32610,0.319177
HTL32611,0.319177
HTL32612,0.319177
HTL32613,0.319177
HTL32614,0.319177
HTL32615,0.319177
HTL32616,0.319177
HTL32617,0.319177
HTL32618,0.319177
HTL32619,0.319177
HTL32620,0.319177
HTL32621,0.319177
HTL32622,0.319177
HTL32623,0.319177
HTL32624,0.319177
HTL32625,0.319177
HTL32626,0.319177
HTL32627,0.319177
HTL32628,0.319177
HTL32629,0.319177
HTL32630,0.319177
HTL32631,0.319177
HTL32632,0.319177
HTL32633,0.319177
HTL32634,0.319177
HTL32635,0.319177
HTL32636,0.319177
HTL32637,0.319177
HTL32638,0.319177
HTL32639,0.319177
HTL32640,0.319177
HTL32641,0.319177
HTL32642,0.319177
HTL32643,0.319177
HTL32644,0.319177
HTL32645,0.319177
HTL32646,0.319177
HTL32647,0.319177
HTL32648,0.319177
HTL32649,0.319177
HTL32650,0.319177
HTL32651,0.319177
HTL32652,0.319177
HTL32653,0.319177
HTL32654,0.319177
HTL32655,0.319177
HTL32656,0.319177
HTL32657,0.319177
HTL32658,0.319177
HTL32659,0.319177
HTL32660,0.319177
HTL32661,0.319177
HTL32662,0.319177
HTL32663,0.319177
HTL32664,0.319177
HTL32665,0.319177
HTL32666,0.319177
HTL32667,0.319177
HTL32668,0.319177
HTL32669,0.319177
HTL32670,0.319177
HTL32671,0.319177
HTL32672,0.319177
HTL32673,0.319177
HTL32674,0.319177
HTL32675,0.319177
HTL32676,0.319177
HTL32677,0.319177
HTL32678,0.319177
HTL32679,0.319177
HTL32680,0.319177
HTL32681,0.319177
HTL32682,0.319177
HTL32683,0.319177
HTL32684,0.319177
HTL32685,0.319177
HTL32686,0.319177
HTL32687,0.319177
HTL32688,0.319177
HTL32689,0.319177
HTL32690,0.319177
HTL32691,0.319177
HTL32692,0.319177
HTL32693,0.319177
HTL32694,0.319177
HTL32695,0.319177
HTL32696,0.319177
HTL32697,0.319177
HTL32698,0.319177
HTL32699,0.319177
HTL32700,0.319177
HTL32701,0.319177
HTL32702,0.319177
HTL32703,0.319177
HTL32704,0.319177
HTL32705,0.319177
HTL32706,0.319177
HTL32707,0.319177
HTL32708,0.319177
HTL32709,0.319177
HTL32710,0.319177
HTL32711,0.319177
HTL32712,0.319177
HTL32713,0.319177
HTL32714,0.319177
HTL32715,0.319177
HTL32716,0.319177
HTL32717,0.319177
HTL32718,0.319177
HTL32719,0.319177
HTL32720,0.319177
HTL32721,0.319177
HTL32722,0.319177
HTL32723,0.319177
HTL32724,0.319177
HTL32725,0.319177
HTL32726,0.319177
HTL32727,0.319177
HTL32728,0.319177
HTL32729,0.319177
HTL32730,0.319177
HTL32731,0.319177
HTL32732,0.319177
HTL32733,0.319177
HTL32734,0.319177
HTL32735,0.319177
HTL32736,0.319177
HTL32737,0.319177
HTL32738,0.319177
HTL32739,0.319177
HTL32740,0.319177
HTL32741,0.319177
HTL32742,0.319177
HTL32743,0.319177
HTL32744,0.319177
HTL32745,0.319177
HTL32746,0.319177
HTL32747,0.319177
HTL32748,0.319177
HTL32749,0.319177
HTL32750,0.319177
HTL32751,0.319177
HTL32752,0.319177
HTL32753,0.319177
HTL32754,0.319177
HTL32755,0.319177
HTL32756,0.319177
HTL32757,0.319177
HTL32758,0.319177
HTL32759,0.319177
HTL32760,0.319177
HTL32761,0.319177
HTL32762,0.319177
HTL32763,0.319177
HTL32764,0.319177
HTL32765,0.319177
HTL32766,0.319177
HTL32767,0.319177
HTL32768,0.319177
HTL32769,0.319177
HTL32770,0.319177
HTL32771,0.319177
HTL32772,0.319177
HTL32773,0.319177
HTL32774,0.319177
HTL32775,0.319177
HTL32776,0.319177
HTL32777,0.319177
HTL32778,0.319177
HTL32779,0.319177
HTL32780,0.319177
HTL32781,0.319177
HTL32782,0.319177
HTL32783,0.319177
HTL32784,0.319177
HTL32785,0.319177
HTL32786,0.319177
HTL32787,0.319177
HTL32788,0.319177
HTL32789,0.319177
HTL32790,0.319177
HTL32791,0.319177
HTL32792,0.319177
HTL32793,0.319177
HTL32794,0.319177
HTL32795,0.319177
HTL32796,0.319177
HTL32797,0.319177
HTL32798,0.319177
HTL32799,0.319177
HTL32800,0.319177
HTL32801,0.319177
HTL32802,0.319177
HTL32803,0.319177
HTL32804,0.319177
HTL32805,0.319177
HTL32806,0.319177
HTL32807,0.319177
HTL32808,0.319177
HTL32809,0.319177
HTL32810,0.319177
HTL32811,0.319177
HTL32812,0.319177
HTL32813,0.319177
HTL32814,0.319177
HTL32815,0.319177
HTL32816,0.319177
HTL32817,0.319177
HTL32818,0.319177
HTL32819,0.319177
HTL32820,0.319177
HTL32821,0.319177
HTL32822,0.319177
HTL32823,0.319177
HTL32824,0.319177
HTL32825,0.319177
HTL32826,0.319177
HTL32827,0.319177
HTL32828,0.319177
HTL32829,0.319177
HTL32830,0.319177
HTL32831,0.319177
HTL32832,0.319177
HTL32833,0.319177
HTL32834,0.319177
HTL32835,0.319177
HTL32836,0.319177
HTL32837,0.319177
HTL32838,0.319177
HTL32839,0.319177
HTL32840,0.319177
HTL32841,0.319177
HTL32842,0.319177
HTL32843,0.319177
HTL32844,0.319177
HTL32845,0.319177
HTL32846,0.319177
HTL32847,0.319177
HTL32848,0.319177
HTL32849,0.319177
HTL32850,0.319177
HTL32851,0.319177
HTL32852,0.319177
HTL32853,0.319177
HTL32854,0.319177
HTL32855,0.319177
HTL32856,0.319177
HTL32857,0.319177
HTL32858,0.319177
HTL32859,0.319177
HTL32860,0.319177
HTL32861,0.319177
HTL32862,0.319177
HTL32863,0.319177
HTL32864,0.319177
HTL32865,0.319177
HTL32866,0.319177
HTL32867,0.319177
HTL32868,0.319177
HTL32869,0.319177
HTL32870,0.319177
HTL32871,0.319177
HTL32872,0.319177
HTL32873,0.319177
HTL32874,0.319177
HTL32875,0.319177
HTL32876,0.319177
HTL32877,0.319177
HTL32878,0.319177
HTL32879,0.319177
HTL32880,0.319177
HTL32881,0.319177
HTL32882,0.319177
HTL32883,0.319177
HTL32884,0.319177
HTL32885,0.319177
HTL32886,0.319177
HTL32887,0.319177
HTL32888,0.319177
HTL32889,0.319177
HTL32890,0.319177
HTL32891,0.319177
HTL32892,0.319177
HTL32893,0.319177
HTL32894,0.319177
HTL32895,0.319177
HTL32896,0.319177
HTL32897,0.319177
HTL32898,0.319177
HTL32899,0.319177
HTL32900,0.319177
HTL32901,0.319177
HTL32902,0.319177
HTL32903,0.319177
HTL32904,0.319177
HTL32905,0.319177
HTL32906,0.319177
HTL32907,0.319177
HTL32908,0.319177
HTL32909,0.319177
HTL32910,0.319177
HTL32911,0.319177
HTL32912,0.319177
HTL32913,0.319177
HTL32914,0.319177
HTL32915,0.319177
HTL32916,0.319177
HTL32917,0.319177
HTL32918,0.319177
HTL32919,0.319177
HTL32920,0.319177
HTL32921,0.319177
HTL32922,0.319177
HTL32923,0.319177
HTL32924,0.319177
HTL32925,0.319177
HTL32926,0.319177
HTL32927,0.319177
HTL32928,0.319177
HTL32929,0.319177
HTL32930,0.319177
HTL32931,0.319177
HTL32932,0.319177
HTL32933,0.319177
HTL32934,0.319177
HTL32935,0.319177
HTL32936,0.319177
HTL32937,0.319177
HTL32938,0.319177
HTL32939,0.319177
HTL32940,0.319177
HTL32941,0.319177
HTL32942,0.319177
HTL32943,0.319177
HTL32944,0.319177
HTL32945,0.319177
HTL32946,0.319177
HTL32947,0.319177
HTL32948,0.319177
HTL32949,0.319177
HTL32950,0.319177
HTL32951,0.319177
HTL32952,0.319177
HTL32953,0.319177
HTL32954,0.319177
HTL32955,0.319177
HTL32956,0.319177
HTL32957,0.319177
HTL32958,0.319177
HTL32959,0.319177
HTL32960,0.319177
HTL32961,0.319177
HTL32962,0.319177
HTL32963,0.319177
HTL32964,0.319177
HTL32965,0.319177
HTL32966,0.319177
HTL32967,0.319177
HTL32968,0.319177
HTL32969,0.319177
HTL32970,0.319177
HTL32971,0.319177
HTL32972,0.319177
HTL32973,0.319177
HTL32974,0.319177
HTL32975,0.319177
HTL32976,0.319177
HTL32977,0.319177
HTL32978,0.319177
HTL32979,0.319177
HTL32980,0.319177
HTL32981,0.319177
HTL32982,0.319177
HTL32983,0.319177
HTL32984,0.319177
HTL32985,0.319177
HTL32986,0.319177
HTL32987,0.319177
HTL32988,0.319177
HTL32989,0.319177
HTL32990,0.319177
HTL32991,0.319177
HTL32992,0.319177
HTL32993,0.319177
HTL32994,0.319177
HTL32995,0.319177
HTL32996,0.319177
HTL32997,0.319177
HTL32998,0.319177
HTL32999,0.319177
HTL33000,0.319177
HTL33001,0.319177
HTL33002,0.319177
HTL33003,0.319177
HTL33004,0.319177
HTL33005,0.319177
HTL33006,0.319177
HTL33007,0.319177
HTL33008,0.319177
HTL33009,0.319177
HTL33010,0.319177
HTL33011,0.319177
HTL33012,0.319177
HTL33013,0.319177
HTL33014,0.319177
HTL33015,0.319177
HTL33016,0.319177
HTL33017,0.319177
HTL33018,0.319177
HTL33019,0.319177
HTL33020,0.319177
HTL33021,0.319177
HTL33022,0.319177
HTL33023,0.319177
HTL33024,0.319177
HTL33025,0.319177
HTL33026,0.319177
HTL33027,0.319177
HTL33028,0.319177
HTL33029,0.319177
HTL33030,0.319177
HTL33031,0.319177
HTL33032,0.319177
HTL33033,0.319177
HTL33034,0.319177
HTL33035,0.319177
HTL33036,0.319177
HTL33037,0.319177
HTL33038,0.319177
HTL33039,0.319177
HTL33040,0.319177
HTL33041,0.319177
HTL33042,0.319177
HTL33043,0.319177
HTL33044,0.319177
HTL33045,0.319177
HTL33046,0.319177
HTL33047,0.319177
HTL33048,0.319177
HTL33049,0.319177
HTL33050,0.319177
HTL33051,0.319177
HTL33052,0.319177
HTL33053,0.319177
HTL33054,0.319177
HTL33055,0.319177
HTL33056,0.319177
HTL33057,0.319177
HTL33058,0.319177
HTL33059,0.319177
HTL33060,0.319177
HTL33061,0.319177
HTL33062,0.319177
HTL33063,0.319177
HTL33064,0.319177
HTL33065,0.319177
HTL33066,0.319177
HTL33067,0.319177
HTL33068,0.319177
HTL33069,0.319177
HTL33070,0.319177
HTL33071,0.319177
HTL33072,0.319177
HTL33073,0.319177
HTL33074,0.319177
HTL33075,0.319177
HTL33076,0.319177
HTL33077,0.319177
HTL33078,0.319177
HTL33079,0.319177
HTL33080,0.319177
HTL33081,0.319177
HTL33082,0.319177
HTL33083,0.319177
HTL33084,0.319177
HTL33085,0.319177
HTL33086,0.319177
HTL33087,0.319177
HTL33088,0.319177
HTL33089,0.319177
HTL33090,0.319177
HTL33091,0.319177
HTL33092,0.319177
HTL33093,0.319177
HTL33094,0.319177
HTL33095,0.319177
HTL33096,0.319177
HTL33097,0.319177
HTL33098,0.319177
HTL33099,0.319177
HTL33100,0.319177
HTL33101,0.319177
HTL33102,0.319177
HTL33103,0.319177
HTL33104,0.319177
HTL33105,0.319177
HTL33106,0.319177
HTL33107,0.319177
HTL33108,0.319177
HTL33109,0.319177
HTL33110,0.319177
HTL33111,0.319177
HTL33112,0.319177
HTL33113,0.319177
HTL33114,0.319177
HTL33115,0.319177
HTL33116,0.319177
HTL33117,0.319177
HTL33118,0.319177
HTL33119,0.319177
HTL33120,0.319177
HTL33121,0.319177
HTL33122,0.319177
HTL33123,0.319177
HTL33124,0.319177
HTL33125,0.319177
HTL33126,0.319177
HTL33127,0.319177
HTL33128,0.319177
HTL33129,0.319177
HTL33130,0.319177
HTL33131,0.319177
HTL33132,0.319177
HTL33133,0.319177
HTL33134,0.319177
HTL33135,0.319177
HTL33136,0.319177
HTL33137,0.319177
HTL33138,0.319177
HTL33139,0.319177
HTL33140,0.319177
HTL33141,0.319177
HTL33142,0.319177
HTL33143,0.319177
HTL33144,0.319177
HTL33145,0.319177
HTL33146,0.319177
HTL33147,0.319177
HTL33148,0.319177
HTL33149,0.319177
HTL33150,0.319177
HTL33151,0.319177
HTL33152,0.319177
HTL33153,0.319177
HTL33154,0.319177
HTL33155,0.319177
HTL33156,0.319177
HTL33157,0.319177
HTL33158,0.319177
HTL33159,0.319177
HTL33160,0.319177
HTL33161,0.319177
HTL33162,0.319177
HTL33163,0.319177
HTL33164,0.319177
HTL33165,0.319177
HTL33166,0.319177
HTL33167,0.319177
HTL33168,0.319177
HTL33169,0.319177
HTL33170,0.319177
HTL33171,0.319177
HTL33172,0.319177
HTL33173,0.319177
HTL33174,0.319177
HTL33175,0.319177
HTL33176,0.319177
HTL33177,0.319177
HTL33178,0.319177
HTL33179,0.319177
HTL33180,0.319177
HTL33181,0.319177
HTL33182,0.319177
HTL33183,0.319177
HTL33184,0.319177
HTL33185,0.319177
HTL33186,0.319177
HTL33187,0.319177
HTL33188,0.319177
HTL33189,0.319177
HTL33190,0.319177
HTL33191,0.319177
HTL33192,0.319177
HTL33193,0.319177
HTL33194,0.319177
HTL33195,0.319177
HTL33196,0.319177
HTL33197,0.319177
HTL33198,0.319177
HTL33199,0.319177
HTL33200,0.319177
HTL33201,0.319177
HTL33202,0.319177
HTL33203,0.319177
HTL33204,0.319177
HTL33205,0.319177
HTL33206,0.319177
HTL33207,0.319177
HTL33208,0.319177
HTL33209,0.319177
HTL33210,0.319177
HTL33211,0.319177
HTL33212,0.319177
HTL33213,0.319177
HTL33214,0.319177
HTL33215,0.319177
HTL33216,0.319177
HTL33217,0.319177
HTL33218,0.319177
HTL33219,0.319177
HTL33220,0.319177
HTL33221,0.319177
HTL33222,0.319177
HTL33223,0.319177
HTL33224,0.319177
HTL33225,0.319177
HTL33226,0.319177
HTL33227,0.319177
HTL33228,0.319177
HTL33229,0.319177
HTL33230,0.319177
HTL33231,0.319177
HTL33232,0.319177
HTL33233,0.319177
HTL33234,0.319177
HTL33235,0.319177
HTL33236,0.319177
HTL33237,0.319177
HTL33238,0.319177
HTL33239,0.319177
HTL33240,0.319177
HTL33241,0.319177
HTL33242,0.319177
HTL33243,0.319177
HTL33244,0.319177
HTL33245,0.319177
HTL33246,0.319177
HTL33247,0.319177
HTL33248,0.319177
HTL33249,0.319177
HTL33250,0.319177
HTL33251,0.319177
HTL33252,0.319177
HTL33253,0.319177
HTL33254,0.319177
HTL33255,0.319177
HTL33256,0.319177
HTL33257,0.319177
HTL33258,0.319177
HTL33259,0.319177
HTL33260,0.319177
HTL33261,0.319177
HTL33262,0.319177
HTL33263,0.319177
HTL33264,0.319177
HTL33265,0.319177
HTL33266,0.319177
HTL33267,0.319177
HTL33268,0.319177
HTL33269,0.319177
HTL33270,0.319177
HTL33271,0.319177
HTL33272,0.319177
HTL33273,0.319177
HTL33274,0.319177
HTL33275,0.319177
HTL33276,0.319177
HTL33277,0.319177
HTL33278,0.319177
HTL33279,0.319177
HTL33280,0.319177
HTL33281,0.319177
HTL33282,0.319177
HTL33283,0.319177
HTL33284,0.319177
HTL33285,0.319177
HTL33286,0.319177
HTL33287,0.319177
HTL33288,0.319177
HTL33289,0.319177
HTL33290,0.319177
HTL33291,0.319177
HTL33292,0.319177
HTL33293,0.319177
HTL33294,0.319177
HTL33295,0.319177
HTL33296,0.319177
HTL33297,0.319177
HTL33298,0.319177
HTL33299,0.319177
HTL33300,0.319177
HTL33301,0.319177
HTL33302,0.319177
HTL33303,0.319177
HTL33304,0.319177
HTL33305,0.319177
HTL33306,0.319177
HTL33307,0.319177
HTL33308,0.319177
HTL33309,0.319177
HTL33310,0.319177
HTL33311,0.319177
HTL33312,0.319177
HTL33313,0.319177
HTL33314,0.319177
HTL33315,0.319177
HTL33316,0.319177
HTL33317,0.319177
HTL33318,0.319177
HTL33319,0.319177
HTL33320,0.319177
HTL33321,0.319177
HTL33322,0.319177
HTL33323,0.319177
HTL33324,0.319177
HTL33325,0.319177
HTL33326,0.319177
HTL33327,0.319177
HTL33328,0.319177
HTL33329,0.319177
HTL33330,0.319177
HTL33331,0.319177
HTL33332,0.319177
HTL33333,0.319177
HTL33334,0.319177
HTL33335,0.319177
HTL33336,0.319177
HTL33337,0.319177
HTL33338,0.319177
HTL33339,0.319177
HTL33340,0.319177
HTL33341,0.319177
HTL33342,0.319177
HTL33343,0.319177
HTL33344,0.319177
HTL33345,0.319177
HTL33346,0.319177
HTL33347,0.319177
HTL33348,0.319177
HTL33349,0.319177
HTL33350,0.319177
HTL33351,0.319177
HTL33352,0.319177
HTL33353,0.319177
HTL33354,0.319177
HTL33355,0.319177
HTL33356,0.319177
HTL33357,0.319177
HTL33358,0.319177
HTL33359,0.319177
HTL33360,0.319177
HTL33361,0.319177
HTL33362,0.319177
HTL33363,0.319177
HTL33364,0.319177
HTL33365,0.319177
HTL33366,0.319177
HTL33367,0.319177
HTL33368,0.319177
HTL33369,0.319177
HTL33370,0.319177
HTL33371,0.319177
HTL33372,0.319177
HTL33373,0.319177
HTL33374,0.319177
HTL33375,0.319177
HTL33376,0.319177
HTL33377,0.319177
HTL33378,0.319177
HTL33379,0.319177
HTL33380,0.319177
HTL33381,0.319177
HTL33382,0.319177
HTL33383,0.319177
HTL33384,0.319177
HTL33385,0.319177
HTL33386,0.319177
HTL33387,0.319177
HTL33388,0.319177
HTL33389,0.319177
HTL33390,0.319177
HTL33391,0.319177
HTL33392,0.319177
HTL33393,0.319177
HTL33394,0.319177
HTL33395,0.319177
HTL33396,0.319177
HTL33397,0.319177
HTL33398,0.319177
HTL33399,0.319177
HTL33400,0.319177
HTL33401,0.319177
HTL33402,0.319177
HTL33403,0.319177
HTL33404,0.319177
HTL33405,0.319177
HTL33406,0.319177
HTL33407,0.319177
HTL33408,0.319177
HTL33409,0.319177
HTL33410,0.319177
HTL33411,0.319177
HTL33412,0.319177
HTL33413,0.319177
HTL33414,0.319177
HTL33415,0.319177
HTL33416,0.319177
HTL33417,0.319177
HTL33418,0.319177
HTL33419,0.319177
HTL33420,0.319177
HTL33421,0.319177
HTL33422,0.319177
HTL33423,0.319177
HTL33424,0.319177
HTL33425,0.319177
HTL33426,0.319177
HTL33427,0.319177
HTL33428,0.319177
HTL33429,0.319177
HTL33430,0.319177
HTL33431,0.319177
HTL33432,0.319177
HTL33433,0.319177
HTL33434,0.319177
HTL33435,0.319177
HTL33436,0.319177
HTL33437,0.319177
HTL33438,0.319177
HTL33439,0.319177
HTL33440,0.319177
HTL33441,0.319177
HTL33442,0.319177
HTL33443,0.319177
HTL33444,0.319177
HTL33445,0.319177
HTL33446,0.319177
HTL33447,0.319177
HTL33448,0.319177
HTL33449,0.319177
HTL33450,0.319177
HTL33451,0.319177
HTL33452,0.319177
HTL33453,0.319177
HTL33454,0.319177
HTL33455,0.319177
HTL33456,0.319177
HTL33457,0.319177
HTL33458,0.319177
HTL33459,0.319177
HTL33460,0.319177
HTL33461,0.319177
HTL33462,0.319177
HTL33463,0.319177
HTL33464,0.319177
HTL33465,0.319177
HTL33466,0.319177
HTL33467,0.319177
HTL33468,0.319177
HTL33469,0.319177
HTL33470,0.319177
HTL33471,0.319177
HTL33472,0.319177
HTL33473,0.319177
HTL33474,0.319177
HTL33475,0.319177
HTL33476,0.319177
HTL33477,0.319177
HTL33478,0.319177
HTL33479,0.319177
HTL33480,0.319177
HTL33481,0.319177
HTL33482,0.319177
HTL33483,0.319177
HTL33484,0.319177
HTL33485,0.319177
HTL33486,0.319177
HTL33487,0.319177
HTL33488,0.319177
HTL33489,0.319177
HTL33490,0.319177
HTL33491,0.319177
HTL33492,0.319177
HTL33493,0.319177
HTL33494,0.319177
HTL33495,0.319177
HTL33496,0.319177
HTL33497,0.319177
HTL33498,0.319177
HTL33499,0.319177
HTL33500,0.319177
HTL33501,0.319177
HTL33502,0.319177
HTL33503,0.319177
HTL33504,0.319177
HTL33505,0.319177
HTL33506,0.319177
HTL33507,0.319177
HTL33508,0.319177
HTL33509,0.319177
HTL33510,0.319177
HTL33511,0.319177
HTL33512,0.319177
HTL33513,0.319177
HTL33514,0.319177
HTL33515,0.319177
HTL33516,0.319177
HTL33517,0.319177
HTL33518,0.319177
HTL33519,0.319177
HTL33520,0.319177
HTL33521,0.319177
HTL33522,0.319177
HTL33523,0.319177
HTL33524,0.319177
HTL33525,0.319177
HTL33526,0.319177
HTL33527,0.319177
HTL33528,0.319177
HTL33529,0.319177
HTL33530,0.319177
HTL33531,0.319177
HTL33532,0.319177
HTL33533,0.319177
HTL33534,0.319177
HTL33535,0.319177
HTL33536,0.319177
HTL33537,0.319177
HTL33538,0.319177
HTL33539,0.319177
HTL33540,0.319177
HTL33541,0.319177
HTL33542,0.319177
HTL33543,0.319177
HTL33544,0.319177
HTL33545,0.319177
HTL33546,0.319177
HTL33547,0.319177
HTL33548,0.319177
HTL33549,0.319177
HTL33550,0.319177
HTL33551,0.319177
HTL33552,0.319177
HTL33553,0.319177
HTL33554,0.319177
HTL33555,0.319177
HTL33556,0.319177
HTL33557,0.319177
HTL33558,0.319177
HTL33559,0.319177
HTL33560,0.319177
HTL33561,0.319177
HTL33562,0.319177
HTL33563,0.319177
HTL33564,0.319177
HTL33565,0.319177
HTL33566,0.319177
HTL33567,0.319177
HTL33568,0.319177
HTL33569,0.319177
HTL33570,0.319177
HTL33571,0.319177
HTL33572,0.319177
HTL33573,0.319177
HTL33574,0.319177
HTL33575,0.319177
HTL33576,0.319177
HTL33577,0.319177
HTL33578,0.319177
HTL33579,0.319177
HTL33580,0.319177
HTL33581,0.319177
HTL33582,0.319177
HTL33583,0.319177
HTL33584,0.319177
HTL33585,0.319177
HTL33586,0.319177
HTL33587,0.319177
HTL33588,0.319177
HTL33589,0.319177
HTL33590,0.319177
HTL33591,0.319177
HTL33592,0.319177
HTL33593,0.319177
HTL33594,0.319177
HTL33595,0.319177
HTL33596,0.319177
HTL33597,0.319177
HTL33598,0.319177
HTL33599,0.319177
HTL33600,0.319177
HTL33601,0.319177
HTL33602,0.319177
HTL33603,0.319177
HTL33604,0.319177
HTL33605,0.319177
HTL33606,0.319177
HTL33607,0.319177
HTL33608,0.319177
HTL33609,0.319177
HTL33610,0.319177
HTL33611,0.319177
HTL33612,0.319177
HTL33613,0.319177
HTL33614,0.319177
HTL33615,0.319177
HTL33616,0.319177
HTL33617,0.319177
HTL33618,0.319177
HTL33619,0.319177
HTL33620,0.319177
HTL33621,0.319177
HTL33622,0.319177
HTL33623,0.319177
HTL33624,0.319177
HTL33625,0.319177
HTL33626,0.319177
HTL33627,0.319177
HTL33628,0.319177
HTL33629,0.319177
HTL33630,0.319177
HTL33631,0.319177
HTL33632,0.319177
HTL33633,0.319177
HTL33634,0.319177
HTL33635,0.319177
HTL33636,0.319177
HTL33637,0.319177
HTL33638,0.319177
HTL33639,0.319177
HTL33640,0.319177
HTL33641,0.319177
HTL33642,0.319177
HTL33643,0.319177
HTL33644,0.319177
HTL33645,0.319177
HTL33646,0.319177
HTL33647,0.319177
HTL33648,0.319177
HTL33649,0.319177
HTL33650,0.319177
HTL33651,0.319177
HTL33652,0.319177
HTL33653,0.319177
HTL33654,0.319177
HTL33655,0.319177
HTL33656,0.319177
HTL33657,0.319177
HTL33658,0.319177
HTL33659,0.319177
HTL33660,0.319177
HTL33661,0.319177
HTL33662,0.319177
HTL33663,0.319177
HTL33664,0.319177
HTL33665,0.319177
HTL33666,0.319177
HTL33667,0.319177
HTL33668,0.319177
HTL33669,0.319177
HTL33670,0.319177
HTL33671,0.319177
HTL33672,0.319177
HTL33673,0.319177
HTL33674,0.319177
HTL33675,0.319177
HTL33676,0.319177
HTL33677,0.319177
HTL33678,0.319177
HTL33679,0.319177
HTL33680,0.319177
HTL33681,0.319177
HTL33682,0.319177
HTL33683,0.319177
HTL33684,0.319177
HTL33685,0.319177
HTL33686,0.319177
HTL33687,0.319177
HTL33688,0.319177
HTL33689,0.319177
HTL33690,0.319177
HTL33691,0.319177
HTL33692,0.319177
HTL33693,0.319177
HTL33694,0.319177
HTL33695,0.319177
HTL33696,0.319177
HTL33697,0.319177
HTL33698,0.319177
HTL33699,0.319177
HTL33700,0.319177
HTL33701,0.319177
HTL33702,0.319177
HTL33703,0.319177
HTL33704,0.319177
HTL33705,0.319177
HTL33706,0.319177
HTL33707,0.319177
HTL33708,0.319177
HTL33709,0.319177
HTL33710,0.319177
HTL33711,0.319177
HTL33712,0.319177
HTL33713,0.319177
HTL33714,0.319177
HTL33715,0.319177
HTL33716,0.319177
HTL33717,0.319177
HTL33718,0.319177
HTL33719,0.319177
HTL33720,0.319177
HTL33721,0.319177
HTL33722,0.319177
HTL33723,0.319177
HTL33724,0.319177
HTL33725,0.319177
HTL33726,0.319177
HTL33727,0.319177
HTL33728,0.319177
HTL33729,0.319177
HTL33730,0.319177
HTL33731,0.319177
HTL33732,0.319177
HTL33733,0.319177
HTL33734,0.319177
HTL33735,0.319177
HTL33736,0.319177
HTL33737,0.319177
HTL33738,0.319177
HTL33739,0.319177
HTL33740,0.319177
HTL33741,0.319177
HTL33742,0.319177
HTL33743,0.319177
HTL33744,0.319177
HTL33745,0.319177
HTL33746,0.319177
HTL33747,0.319177
HTL33748,0.319177
HTL33749,0.319177
HTL33750,0.319177
HTL33751,0.319177
HTL33752,0.319177
HTL33753,0.319177
HTL33754,0.319177
HTL33755,0.319177
HTL33756,0.319177
HTL33757,0.319177
HTL33758,0.319177
HTL33759,0.319177
HTL33760,0.319177
HTL33761,0.319177
HTL33762,0.319177
HTL33763,0.319177
HTL33764,0.319177
HTL33765,0.319177
HTL33766,0.319177
HTL33767,0.319177
HTL33768,0.319177
HTL33769,0.319177
HTL33770,0.319177
HTL33771,0.319177
HTL33772,0.319177
HTL33773,0.319177
HTL33774,0.319177
HTL33775,0.319177
HTL33776,0.319177
HTL33777,0.319177
HTL33778,0.319177
HTL33779,0.319177
HTL33780,0.319177
HTL33781,0.319177
HTL33782,0.319177
HTL33783,0.319177
HTL33784,0.319177
HTL33785,0.319177
HTL33786,0.319177
HTL33787,0.319177
HTL33788,0.319177
HTL33789,0.319177
HTL33790,0.319177
HTL33791,0.319177
HTL33792,0.319177
HTL33793,0.319177
HTL33794,0.319177
HTL33795,0.319177
HTL33796,0.319177
HTL33797,0.319177
HTL33798,0.319177
HTL33799,0.319177
HTL33800,0.319177
HTL33801,0.319177
HTL33802,0.319177
HTL33803,0.319177
HTL33804,0.319177
HTL33805,0.319177
HTL33806,0.319177
HTL33807,0.319177
HTL33808,0.319177
HTL33809,0.319177
HTL33810,0.319177
HTL33811,0.319177
HTL33812,0.319177
HTL33813,0.319177
HTL33814,0.319177
HTL33815,0.319177
HTL33816,0.319177
HTL33817,0.319177
HTL33818,0.319177
HTL33819,0.319177
HTL33820,0.319177
HTL33821,0.319177
HTL33822,0.319177
HTL33823,0.319177
HTL33824,0.319177
HTL33825,0.319177
HTL33826,0.319177
HTL33827,0.319177
HTL33828,0.319177
HTL33829,0.319177
HTL33830,0.319177
HTL33831,0.319177
HTL33832,0.319177
HTL33833,0.319177
HTL33834,0.319177
HTL33835,0.319177
HTL33836,0.319177
HTL33837,0.319177
HTL33838,0.319177
HTL33839,0.319177
HTL33840,0.319177
HTL33841,0.319177
HTL33842,0.319177
HTL33843,0.319177
HTL33844,0.319177
HTL33845,0.319177
HTL33846,0.319177
HTL33847,0.319177
HTL33848,0.319177
HTL33849,0.319177
HTL33850,0.319177
HTL33851,0.319177
HTL33852,0.319177
HTL33853,0.319177
HTL33854,0.319177
HTL33855,0.319177
HTL33856,0.319177
HTL33857,0.319177
HTL33858,0.319177
HTL33859,0.319177
HTL33860,0.319177
HTL33861,0.319177
HTL33862,0.319177
HTL33863,0.319177
HTL33864,0.319177
HTL33865,0.319177
HTL33866,0.319177
HTL33867,0.319177
HTL33868,0.319177
HTL33869,0.319177
HTL33870,0.319177
HTL33871,0.319177
HTL33872,0.319177
HTL33873,0.319177
HTL33874,0.319177
HTL33875,0.319177
HTL33876,0.319177
HTL33877,0.319177
HTL33878,0.319177
HTL33879,0.319177
HTL33880,0.319177
HTL33881,0.319177
HTL33882,0.319177
HTL33883,0.319177
HTL33884,0.319177
HTL33885,0.319177
HTL33886,0.319177
HTL33887,0.319177
HTL33888,0.319177
HTL33889,0.319177
HTL33890,0.319177
HTL33891,0.319177
HTL33892,0.319177
HTL33893,0.319177
HTL33894,0.319177
HTL33895,0.319177
HTL33896,0.319177
HTL33897,0.319177
HTL33898,0.319177
HTL33899,0.319177
HTL33900,0.319177
HTL33901,0.319177
HTL33902,0.319177
HTL33903,0.319177
HTL33904,0.319177
HTL33905,0.319177
HTL33906,0.319177
HTL33907,0.319177
HTL33908,0.319177
HTL33909,0.319177
HTL33910,0.319177
HTL33911,0.319177
HTL33912,0.319177
HTL33913,0.319177
HTL33914,0.319177
HTL33915,0.319177
HTL33916,0.319177
HTL33917,0.319177
HTL33918,0.319177
HTL33919,0.319177
HTL33920,0.319177
HTL33921,0.319177
HTL33922,0.319177
HTL33923,0.319177
HTL33924,0.319177
HTL33925,0.319177
HTL33926,0.319177
HTL33927,0.319177
HTL33928,0.319177
HTL33929,0.319177
HTL33930,0.319177
HTL33931,0.319177
HTL33932,0.319177
HTL33933,0.319177
HTL33934,0.319177
HTL33935,0.319177
HTL33936,0.319177
HTL33937,0.319177
HTL33938,0.319177
HTL33939,0.319177
HTL33940,0.319177
HTL33941,0.319177
HTL33942,0.319177
HTL33943,0.319177
HTL33944,0.319177
HTL33945,0.319177
HTL33946,0.319177
HTL33947,0.319177
HTL33948,0.319177
HTL33949,0.319177
HTL33950,0.319177
HTL33951,0.319177
HTL33952,0.319177
HTL33953,0.319177
HTL33954,0.319177
HTL33955,0.319177
HTL33956,0.319177
HTL33957,0.319177
HTL33958,0.319177
HTL33959,0.319177
HTL33960,0.319177
HTL33961,0.319177
HTL33962,0.319177
HTL33963,0.319177
HTL33964,0.319177
HTL33965,0.319177
HTL33966,0.319177
HTL33967,0.319177
HTL33968,0.319177
HTL33969,0.319177
HTL33970,0.319177
HTL33971,0.319177
HTL33972,0.319177
HTL33973,0.319177
HTL33974,0.319177
HTL33975,0.319177
HTL33976,0.319177
HTL33977,0.319177
HTL33978,0.319177
HTL33979,0.319177
HTL33980,0.319177
HTL33981,0.319177
HTL33982,0.319177
HTL33983,0.319177
HTL33984,0.319177
HTL33985,0.319177
HTL33986,0.319177
HTL33987,0.319177
HTL33988,0.319177
HTL33989,0.319177
HTL33990,0.319177
HTL33991,0.319177
HTL33992,0.319177
HTL33993,0.319177
HTL33994,0.319177
HTL33995,0.319177
HTL33996,0.319177
HTL33997,0.319177
HTL33998,0.319177
HTL33999,0.319177
HTL34000,0.319177
HTL34001,0.319177
HTL34002,0.319177
HTL34003,0.319177
HTL34004,0.319177
HTL34005,0.319177
HTL34006,0.319177
HTL34007,0.319177
HTL34008,0.319177
HTL34009,0.319177
HTL34010,0.319177
HTL34011,0.319177
HTL34012,0.319177
HTL34013,0.319177
HTL34014,0.319177
HTL34015,0.319177
HTL34016,0.319177
HTL34017,0.319177
HTL34018,0.319177
HTL34019,0.319177
HTL34020,0.319177
HTL34021,0.319177
HTL34022,0.319177
HTL34023,0.319177
HTL34024,0.319177
HTL34025,0.319177
HTL34026,0.319177
HTL34027,0.319177
HTL34028,0.319177
HTL34029,0.319177
HTL34030,0.319177
HTL34031,0.319177
HTL34032,0.319177
HTL34033,0.319177
HTL34034,0.319177
HTL34035,0.319177
HTL34036,0.319177
HTL34037,0.319177
HTL34038,0.319177
HTL34039,0.319177
HTL34040,0.319177
HTL34041,0.319177
HTL34042,0.319177
HTL34043,0.319177
HTL34044,0.319177
HTL34045,0.319177
HTL34046,0.319177
HTL34047,0.319177
HTL34048,0.319177
HTL34049,0.319177
HTL34050,0.319177
HTL34051,0.319177
HTL34052,0.319177
HTL34053,0.319177
HTL34054,0.319177
HTL34055,0.319177
HTL34056,0.319177
HTL34057,0.319177
HTL34058,0.319177
HTL34059,0.319177
HTL34060,0.319177
HTL34061,0.319177
HTL34062,0.319177
HTL34063,0.319177
HTL34064,0.319177
HTL34065,0.319177
HTL34066,0.319177
HTL34067,0.319177
HTL34068,0.319177
HTL34069,0.319177
HTL34070,0.319177
HTL34071,0.319177
HTL34072,0.319177
HTL34073,0.319177
HTL34074,0.319177
HTL34075,0.319177
HTL34076,0.319177
HTL34077,0.319177
HTL34078,0.319177
HTL34079,0.319177
HTL34080,0.319177
HTL34081,0.319177
HTL34082,0.319177
HTL34083,0.319177
HTL34084,0.319177
HTL34085,0.319177
HTL34086,0.319177
HTL34087,0.319177
HTL34088,0.319177
HTL34089,0.319177
HTL34090,0.319177
HTL34091,0.319177
HTL34092,0.319177
HTL34093,0.319177
HTL34094,0.319177
HTL34095,0.319177
HTL34096,0.319177
HTL34097,0.319177
HTL34098,0.319177
HTL34099,0.319177
HTL34100,0.319177
HTL34101,0.319177
HTL34102,0.319177
HTL34103,0.319177
HTL34104,0.319177
HTL34105,0.319177
HTL34106,0.319177
HTL34107,0.319177
HTL34108,0.319177
HTL34109,0.319177
HTL34110,0.319177
HTL34111,0.319177
HTL34112,0.319177
HTL34113,0.319177
HTL34114,0.319177
HTL34115,0.319177
HTL34116,0.319177
HTL34117,0.319177
HTL34118,0.319177
HTL34119,0.319177
HTL34120,0.319177
HTL34121,0.319177
HTL34122,0.319177
HTL34123,0.319177
HTL34124,0.319177
HTL34125,0.319177
HTL34126,0.319177
HTL34127,0.319177
HTL34128,0.319177
HTL34129,0.319177
HTL34130,0.319177
HTL34131,0.319177
HTL34132,0.319177
HTL34133,0.319177
HTL34134,0.319177
HTL34135,0.319177
HTL34136,0.319177
HTL34137,0.319177
HTL34138,0.319177
HTL34139,0.319177
HTL34140,0.319177
HTL34141,0.319177
HTL34142,0.319177
HTL34143,0.319177
HTL34144,0.319177
HTL34145,0.319177
HTL34146,0.319177
HTL34147,0.319177
HTL34148,0.319177
HTL34149,0.319177
HTL34150,0.319177
HTL34151,0.319177
HTL34152,0.319177
HTL34153,0.319177
HTL34154,0.319177
HTL34155,0.319177
HTL34156,0.319177
HTL34157,0.319177
HTL34158,0.319177
HTL34159,0.319177
HTL34160,0.319177
HTL34161,0.319177
HTL34162,0.319177
HTL34163,0.319177
HTL34164,0.319177
HTL34165,0.319177
HTL34166,0.319177
HTL34167,0.319177
HTL34168,0.319177
HTL34169,0.319177
HTL34170,0.319177
HTL34171,0.319177
HTL34172,0.319177
HTL34173,0.319177
HTL34174,0.319177
HTL34175,0.319177
HTL34176,0.319177
HTL34177,0.319177
HTL34178,0.319177
HTL34179,0.319177
HTL34180,0.319177
HTL34181,0.319177
HTL34182,0.319177
HTL34183,0.319177
HTL34184,0.319177
HTL34185,0.319177
HTL34186,0.319177
HTL34187,0.319177
HTL34188,0.319177
HTL34189,0.319177
HTL34190,0.319177
HTL34191,0.319177
HTL34192,0.319177
HTL34193,0.319177
HTL34194,0.319177
HTL34195,0.319177
HTL34196,0.319177
HTL34197,0.319177
HTL34198,0.319177
HTL34199,0.319177
HTL34200,0.319177
HTL34201,0.319177
HTL34202,0.319177
HTL34203,0.319177
HTL34204,0.319177
HTL34205,0.319177
HTL34206,0.319177
HTL34207,0.319177
HTL34208,0.319177
HTL34209,0.319177
HTL34210,0.319177
HTL34211,0.319177
HTL34212,0.319177
HTL34213,0.319177
HTL34214,0.319177
HTL34215,0.319177
HTL34216,0.319177
HTL34217,0.319177
HTL34218,0.319177
HTL34219,0.319177
HTL34220,0.319177
HTL34221,0.319177
HTL34222,0.319177
HTL34223,0.319177
HTL34224,0.319177
HTL34225,0.319177
HTL34226,0.319177
HTL34227,0.319177
HTL34228,0.319177
HTL34229,0.319177
HTL34230,0.319177
HTL34231,0.319177
HTL34232,0.319177
HTL34233,0.319177
HTL34234,0.319177
HTL34235,0.319177
HTL34236,0.319177
HTL34237,0.319177
HTL34238,0.319177
HTL34239,0.319177
HTL34240,0.319177
HTL34241,0.319177
HTL34242,0.319177
HTL34243,0.319177
HTL34244,0.319177
HTL34245,0.319177
HTL34246,0.319177
HTL34247,0.319177
HTL34248,0.319177
HTL34249,0.319177
HTL34250,0.319177
HTL34251,0.319177
HTL34252,0.319177
HTL34253,0.319177
HTL34254,0.319177
HTL34255,0.319177
HTL34256,0.319177
HTL34257,0.319177
HTL34258,0.319177
HTL34259,0.319177
HTL34260,0.319177
HTL34261,0.319177
HTL34262,0.319177
HTL34263,0.319177
HTL34264,0.319177
HTL34265,0.319177
HTL34266,0.319177
HTL34267,0.319177
HTL34268,0.319177
HTL34269,0.319177
HTL34270,0.319177
HTL34271,0.319177
HTL34272,0.319177
HTL34273,0.319177
HTL34274,0.319177
HTL34275,0.319177
HTL34276,0.319177
HTL34277,0.319177
HTL34278,0.319177
HTL34279,0.319177
HTL34280,0.319177
HTL34281,0.319177
HTL34282,0.319177
HTL34283,0.319177
HTL34284,0.319177
HTL34285,0.319177
HTL34286,0.319177
HTL34287,0.319177
HTL34288,0.319177
HTL34289,0.319177
HTL34290,0.319177
HTL34291,0.319177
HTL34292,0.319177
HTL34293,0.319177
HTL34294,0.319177
HTL34295,0.319177
HTL34296,0.319177
HTL34297,0.319177
HTL34298,0.319177
HTL34299,0.319177
HTL34300,0.319177
HTL34301,0.319177
HTL34302,0.319177
HTL34303,0.319177
HTL34304,0.319177
HTL34305,0.319177
HTL34306,0.319177
HTL34307,0.319177
HTL34308,0.319177
HTL34309,0.319177
HTL34310,0.319177
HTL34311,0.319177
HTL34312,0.319177
HTL34313,0.319177
HTL34314,0.319177
HTL34315,0.319177
HTL34316,0.319177
HTL34317,0.319177
HTL34318,0.319177
HTL34319,0.319177
HTL34320,0.319177
HTL34321,0.319177
HTL34322,0.319177
HTL34323,0.319177
HTL34324,0.319177
HTL34325,0.319177
HTL34326,0.319177
HTL34327,0.319177
HTL34328,0.319177
HTL34329,0.319177
HTL34330,0.319177
HTL34331,0.319177
HTL34332,0.319177
HTL34333,0.319177
HTL34334,0.319177
HTL34335,0.319177
HTL34336,0.319177
HTL34337,0.319177
HTL34338,0.319177
HTL34339,0.319177
HTL34340,0.319177
HTL34341,0.319177
HTL34342,0.319177
HTL34343,0.319177
HTL34344,0.319177
HTL34345,0.319177
HTL34346,0.319177
HTL34347,0.319177
HTL34348,0.319177
HTL34349,0.319177
HTL34350,0.319177
HTL34351,0.319177
HTL34352,0.319177
HTL34353,0.319177
HTL34354,0.319177
HTL34355,0.319177
HTL34356,0.319177
HTL34357,0.319177
HTL34358,0.319177
HTL34359,0.319177
HTL34360,0.319177
HTL34361,0.319177
HTL34362,0.319177
HTL34363,0.319177
HTL34364,0.319177
HTL34365,0.319177
HTL34366,0.319177
HTL34367,0.319177
HTL34368,0.319177
HTL34369,0.319177
HTL34370,0.319177
HTL34371,0.319177
HTL34372,0.319177
HTL34373,0.319177
HTL34374,0.319177
HTL34375,0.319177
HTL34376,0.319177
HTL34377,0.319177
HTL34378,0.319177
HTL34379,0.319177
HTL34380,0.319177
HTL34381,0.319177
HTL34382,0.319177
HTL34383,0.319177
HTL34384,0.319177
HTL34385,0.319177
HTL34386,0.319177
HTL34387,0.319177
HTL34388,0.319177
HTL34389,0.319177
HTL34390,0.319177
HTL34391,0.319177
HTL34392,0.319177
HTL34393,0.319177
HTL34394,0.319177
HTL34395,0.319177
HTL34396,0.319177
HTL34397,0.319177
HTL34398,0.319177
HTL34399,0.319177
HTL34400,0.319177
HTL34401,0.319177
HTL34402,0.319177
HTL34403,0.319177
HTL34404,0.319177
HTL34405,0.319177
HTL34406,0.319177
HTL34407,0.319177
HTL34408,0.319177
HTL34409,0.319177
HTL34410,0.319177
HTL34411,0.319177
HTL34412,0.319177
HTL34413,0.319177
HTL34414,0.319177
HTL34415,0.319177
HTL34416,0.319177
HTL34417,0.319177
HTL34418,0.319177
HTL34419,0.319177
HTL34420,0.319177
HTL34421,0.319177
HTL34422,0.319177
HTL34423,0.319177
HTL34424,0.319177
HTL34425,0.319177
HTL34426,0.319177
HTL34427,0.319177
HTL34428,0.319177
HTL34429,0.319177
HTL34430,0.319177
HTL34431,0.319177
HTL34432,0.319177
HTL34433,0.319177
HTL34434,0.319177
HTL34435,0.319177
HTL34436,0.319177
HTL34437,0.319177
HTL34438,0.319177
HTL34439,0.319177
HTL34440,0.319177
HTL34441,0.319177
HTL34442,0.319177
HTL34443,0.319177
HTL34444,0.319177
HTL34445,0.319177
HTL34446,0.319177
HTL34447,0.319177
HTL34448,0.319177
HTL34449,0.319177
HTL34450,0.319177
HTL34451,0.319177
HTL34452,0.319177
HTL34453,0.319177
HTL34454,0.319177
HTL34455,0.319177
HTL34456,0.319177
HTL34457,0.319177
HTL34458,0.319177
HTL34459,0.319177
HTL34460,0.319177
HTL34461,0.319177
HTL34462,0.319177
HTL34463,0.319177
HTL34464,0.319177
HTL34465,0.319177
HTL34466,0.319177
HTL34467,0.319177
HTL34468,0.319177
HTL34469,0.319177
HTL34470,0.319177
HTL34471,0.319177
HTL34472,0.319177
HTL34473,0.319177
HTL34474,0.319177
HTL34475,0.319177
HTL34476,0.319177
HTL34477,0.319177
HTL34478,0.319177
HTL34479,0.319177
HTL34480,0.319177
HTL34481,0.319177
HTL34482,0.319177
HTL34483,0.319177
HTL34484,0.319177
HTL34485,0.319177
HTL34486,0.319177
HTL34487,0.319177
HTL34488,0.319177
HTL34489,0.319177
HTL34490,0.319177
HTL34491,0.319177
HTL34492,0.319177
HTL34493,0.319177
HTL34494,0.319177
HTL34495,0.319177
HTL34496,0.319177
HTL34497,0.319177
HTL34498,0.319177
HTL34499,0.319177
HTL34500,0.319177
HTL34501,0.319177
HTL34502,0.319177
HTL34503,0.319177
HTL34504,0.319177
HTL34505,0.319177
HTL34506,0.319177
HTL34507,0.319177
HTL34508,0.319177
HTL34509,0.319177
HTL34510,0.319177
HTL34511,0.319177
HTL34512,0.319177
HTL34513,0.319177
HTL34514,0.319177
HTL34515,0.319177
HTL34516,0.319177
HTL34517,0.319177
HTL34518,0.319177
HTL34519,0.319177
HTL34520,0.319177
HTL34521,0.319177
HTL34522,0.319177
HTL34523,0.319177
HTL34524,0.319177
HTL34525,0.319177
HTL34526,0.319177
HTL34527,0.319177
HTL34528,0.319177
HTL34529,0.319177
HTL34530,0.319177
HTL34531,0.319177
HTL34532,0.319177
HTL34533,0.319177
HTL34534,0.319177
HTL34535,0.319177
HTL34536,0.319177
HTL34537,0.319177
HTL34538,0.319177
HTL34539,0.319177
HTL34540,0.319177
HTL34541,0.319177
HTL34542,0.319177
HTL34543,0.319177
HTL34544,0.319177
HTL34545,0.319177
HTL34546,0.319177
HTL34547,0.319177
HTL34548,0.319177
HTL34549,0.319177
HTL34550,0.319177
HTL34551,0.319177
HTL34552,0.319177
HTL34553,0.319177
HTL34554,0.319177
HTL34555,0.319177
HTL34556,0.319177
HTL34557,0.319177
HTL34558,0.319177
HTL34559,0.319177
HTL34560,0.319177
HTL34561,0.319177
HTL34562,0.319177
HTL34563,0.319177
HTL34564,0.319177
HTL34565,0.319177
HTL34566,0.319177
HTL34567,0.319177
HTL34568,0.319177
HTL34569,0.319177
HTL34570,0.319177
HTL34571,0.319177
HTL34572,0.319177
HTL34573,0.319177
HTL34574,0.319177
HTL34575,0.319177
HTL34576,0.319177
HTL34577,0.319177
HTL34578,0.319177
HTL34579,0.319177
HTL34580,0.319177
HTL34581,0.319177
HTL34582,0.319177
HTL34583,0.319177
HTL34584,0.319177
HTL34585,0.319177
HTL34586,0.319177
HTL34587,0.319177
HTL34588,0.319177
HTL34589,0.319177
HTL34590,0.319177
HTL34591,0.319177
HTL34592,0.319177
HTL34593,0.319177
HTL34594,0.319177
HTL34595,0.319177
HTL34596,0.319177
HTL34597,0.319177
HTL34598,0.319177
HTL34599,0.319177
HTL34600,0.319177
HTL34601,0.319177
HTL34602,0.319177
HTL34603,0.319177
HTL34604,0.319177
HTL34605,0.319177
HTL34606,0.319177
HTL34607,0.319177
HTL34608,0.319177
HTL34609,0.319177
HTL34610,0.319177
HTL34611,0.319177
HTL34612,0.319177
HTL34613,0.319177
HTL34614,0.319177
HTL34615,0.319177
HTL34616,0.319177
HTL34617,0.319177
HTL34618,0.319177
HTL34619,0.319177
HTL34620,0.319177
HTL34621,0.319177
HTL34622,0.319177
HTL34623,0.319177
HTL34624,0.319177
HTL34625,0.319177
HTL34626,0.319177
HTL34627,0.319177
HTL34628,0.319177
HTL34629,0.319177
HTL34630,0.319177
HTL34631,0.319177
HTL34632,0.319177
HTL34633,0.319177
HTL34634,0.319177
HTL34635,0.319177
HTL34636,0.319177
HTL34637,0.319177
HTL34638,0.319177
HTL34639,0.319177
HTL34640,0.319177
HTL34641,0.319177
HTL34642,0.319177
HTL34643,0.319177
HTL34644,0.319177
HTL34645,0.319177
HTL34646,0.319177
HTL34647,0.319177
HTL34648,0.319177
HTL34649,0.319177
HTL34650,0.319177
HTL34651,0.319177
HTL34652,0.319177
HTL34653,0.319177
HTL34654,0.319177
HTL34655,0.319177
HTL34656,0.319177
HTL34657,0.319177
HTL34658,0.319177
HTL34659,0.319177
HTL34660,0.319177
HTL34661,0.319177
HTL34662,0.319177
HTL34663,0.319177
HTL34664,0.319177
HTL34665,0.319177
HTL34666,0.319177
HTL34667,0.319177
HTL34668,0.319177
HTL34669,0.319177
HTL34670,0.319177
HTL34671,0.319177
HTL34672,0.319177
HTL34673,0.319177
HTL34674,0.319177
HTL34675,0.319177
HTL34676,0.319177
HTL34677,0.319177
HTL34678,0.319177
HTL34679,0.319177
HTL34680,0.319177
HTL34681,0.319177
HTL34682,0.319177
HTL34683,0.319177
HTL34684,0.319177
HTL34685,0.319177
HTL34686,0.319177
HTL34687,0.319177
HTL34688,0.319177
HTL34689,0.319177
HTL34690,0.319177
HTL34691,0.319177
HTL34692,0.319177
HTL34693,0.319177
HTL34694,0.319177
HTL34695,0.319177
HTL34696,0.319177
HTL34697,0.319177
HTL34698,0.319177
HTL34699,0.319177
HTL34700,0.319177
HTL34701,0.319177
HTL34702,0.319177
HTL34703,0.319177
HTL34704,0.319177
HTL34705,0.319177
HTL34706,0.319177
HTL34707,0.319177
HTL34708,0.319177
HTL34709,0.319177
HTL34710,0.319177
HTL34711,0.319177
HTL34712,0.319177
HTL34713,0.319177
HTL34714,0.319177
HTL34715,0.319177
HTL34716,0.319177
HTL34717,0.319177
HTL34718,0.319177
HTL34719,0.319177
HTL34720,0.319177
HTL34721,0.319177
HTL34722,0.319177
HTL34723,0.319177
HTL34724,0.319177
HTL34725,0.319177
HTL34726,0.319177
HTL34727,0.319177
HTL34728,0.319177
HTL34729,0.319177
HTL34730,0.319177
HTL34731,0.319177
HTL34732,0.319177
HTL34733,0.319177
HTL34734,0.319177
HTL34735,0.319177
HTL34736,0.319177
HTL34737,0.319177
HTL34738,0.319177
HTL34739,0.319177
HTL34740,0.319177
HTL34741,0.319177
HTL34742,0.319177
HTL34743,0.319177
HTL34744,0.319177
HTL34745,0.319177
HTL34746,0.319177
HTL34747,0.319177
HTL34748,0.319177
HTL34749,0.319177
HTL34750,0.319177
HTL34751,0.319177
HTL34752,0.319177
HTL34753,0.319177
HTL34754,0.319177
HTL34755,0.319177
HTL34756,0.319177
HTL34757,0.319177
HTL34758,0.319177
HTL34759,0.319177
HTL34760,0.319177
HTL34761,0.319177
HTL34762,0.319177
HTL34763,0.319177
HTL34764,0.319177
HTL34765,0.319177
HTL34766,0.319177
HTL34767,0.319177
HTL34768,0.319177
HTL34769,0.319177
HTL34770,0.319177
HTL34771,0.319177
HTL34772,0.319177
HTL34773,0.319177
HTL34774,0.319177
HTL34775,0.319177
HTL34776,0.319177
HTL34777,0.319177
HTL34778,0.319177
HTL34779,0.319177
HTL34780,0.319177
HTL34781,0.319177
HTL34782,0.319177
HTL34783,0.319177
HTL34784,0.319177
HTL34785,0.319177
HTL34786,0.319177
HTL34787,0.319177
HTL34788,0.319177
HTL34789,0.319177
HTL34790,0.319177
HTL34791,0.319177
HTL34792,0.319177
HTL34793,0.319177
HTL34794,0.319177
HTL34795,0.319177
HTL34796,0.319177
HTL34797,0.319177
HTL34798,0.319177
HTL34799,0.319177
HTL34800,0.319177
HTL34801,0.319177
HTL34802,0.319177
HTL34803,0.319177
HTL34804,0.319177
HTL34805,0.319177
HTL34806,0.319177
HTL34807,0.319177
HTL34808,0.319177
HTL34809,0.319177
HTL34810,0.319177
HTL34811,0.319177
HTL34812,0.319177
HTL34813,0.319177
HTL34814,0.319177
HTL34815,0.319177
HTL34816,0.319177
HTL34817,0.319177
HTL34818,0.319177
HTL34819,0.319177
HTL34820,0.319177
HTL34821,0.319177
HTL34822,0.319177
HTL34823,0.319177
HTL34824,0.319177
HTL34825,0.319177
HTL34826,0.319177
HTL34827,0.319177
HTL34828,0.319177
HTL34829,0.319177
HTL34830,0.319177
HTL34831,0.319177
HTL34832,0.319177
HTL34833,0.319177
HTL34834,0.319177
HTL34835,0.319177
HTL34836,0.319177
HTL34837,0.319177
HTL34838,0.319177
HTL34839,0.319177
HTL34840,0.319177
HTL34841,0.319177
HTL34842,0.319177
HTL34843,0.319177
HTL34844,0.319177
HTL34845,0.319177
HTL34846,0.319177
HTL34847,0.319177
HTL34848,0.319177
HTL34849,0.319177
HTL34850,0.319177
HTL34851,0.319177
HTL34852,0.319177
HTL34853,0.319177
HTL34854,0.319177
HTL34855,0.319177
HTL34856,0.319177
HTL34857,0.319177
HTL34858,0.319177
HTL34859,0.319177
HTL34860,0.319177
HTL34861,0.319177
HTL34862,0.319177
HTL34863,0.319177
HTL34864,0.319177
HTL34865,0.319177
HTL34866,0.319177
HTL34867,0.319177
HTL34868,0.319177
HTL34869,0.319177
HTL34870,0.319177
HTL34871,0.319177
HTL34872,0.319177
HTL34873,0.319177
HTL34874,0.319177
HTL34875,0.319177
HTL34876,0.319177
HTL34877,0.319177
HTL34878,0.319177
HTL34879,0.319177
HTL34880,0.319177
HTL34881,0.319177
HTL34882,0.319177
HTL34883,0.319177
HTL34884,0.319177
HTL34885,0.319177
HTL34886,0.319177
HTL34887,0.319177
HTL34888,0.319177
HTL34889,0.319177
HTL34890,0.319177
HTL34891,0.319177
HTL34892,0.319177
HTL34893,0.319177
HTL34894,0.319177
HTL34895,0.319177
HTL34896,0.319177
HTL34897,0.319177
HTL34898,0.319177
HTL34899,0.319177
HTL34900,0.319177
HTL34901,0.319177
HTL34902,0.319177
HTL34903,0.319177
HTL34904,0.319177
HTL34905,0.319177
HTL34906,0.319177
HTL34907,0.319177
HTL34908,0.319177
HTL34909,0.319177
HTL34910,0.319177
HTL34911,0.319177
HTL34912,0.319177
HTL34913,0.319177
HTL34914,0.319177
HTL34915,0.319177
HTL34916,0.319177
HTL34917,0.319177
HTL34918,0.319177
HTL34919,0.319177
HTL34920,0.319177
HTL34921,0.319177
HTL34922,0.319177
HTL34923,0.319177
HTL34924,0.319177
HTL34925,0.319177
HTL34926,0.319177
HTL34927,0.319177
HTL34928,0.319177
HTL34929,0.319177
HTL34930,0.319177
HTL34931,0.319177
HTL34932,0.319177
HTL34933,0.319177
HTL34934,0.319177
HTL34935,0.319177
HTL34936,0.319177
HTL34937,0.319177
HTL34938,0.319177
HTL34939,0.319177
HTL34940,0.319177
HTL34941,0.319177
HTL34942,0.319177
HTL34943,0.319177
HTL34944,0.319177
HTL34945,0.319177
HTL34946,0.319177
HTL34947,0.319177
HTL34948,0.319177
HTL34949,0.319177
HTL34950,0.319177
HTL34951,0.319177
HTL34952,0.319177
HTL34953,0.319177
HTL34954,0.319177
HTL34955,0.319177
HTL34956,0.319177
HTL34957,0.319177
HTL34958,0.319177
HTL34959,0.319177
HTL34960,0.319177
HTL34961,0.319177
HTL34962,0.319177
HTL34963,0.319177
HTL34964,0.319177
HTL34965,0.319177
HTL34966,0.319177
HTL34967,0.319177
HTL34968,0.319177
HTL34969,0.319177
HTL34970,0.319177
HTL34971,0.319177
HTL34972,0.319177
HTL34973,0.319177
HTL34974,0.319177
HTL34975,0.319177
HTL34976,0.319177
HTL34977,0.319177
HTL34978,0.319177
HTL34979,0.319177
HTL34980,0.319177
HTL34981,0.319177
HTL34982,0.319177
HTL34983,0.319177
HTL34984,0.319177
HTL34985,0.319177
HTL34986,0.319177
HTL34987,0.319177
HTL34988,0.319177
HTL34989,0.319177
HTL34990,0.319177
HTL34991,0.319177
HTL34992,0.319177
HTL34993,0.319177
HTL34994,0.319177
HTL34995,0.319177
HTL34996,0.319177
HTL34997,0.319177
HTL34998,0.319177
HTL34999,0.319177
HTL35000,0.319177
HTL35001,0.319177
HTL35002,0.319177
HTL35003,0.319177
HTL35004,0.319177
HTL35005,0.319177
HTL35006,0.319177
HTL35007,0.319177
HTL35008,0.319177
HTL35009,0.319177
HTL35010,0.319177
HTL35011,0.319177
HTL35012,0.319177
HTL35013,0.319177
HTL35014,0.319177
HTL35015,0.319177
HTL35016,0.319177
HTL35017,0.319177
HTL35018,0.319177
HTL35019,0.319177
HTL35020,0.319177
HTL35021,0.319177
HTL35022,0.319177
HTL35023,0.319177
HTL35024,0.319177
HTL35025,0.319177
HTL35026,0.319177
HTL35027,0.319177
HTL35028,0.319177
HTL35029,0.319177
HTL35030,0.319177
HTL35031,0.319177
HTL35032,0.319177
HTL35033,0.319177
HTL35034,0.319177
HTL35035,0.319177
HTL35036,0.319177
HTL35037,0.319177
HTL35038,0.319177
HTL35039,0.319177
HTL35040,0.319177
HTL35041,0.319177
HTL35042,0.319177
HTL35043,0.319177
HTL35044,0.319177
HTL35045,0.319177
HTL35046,0.319177
HTL35047,0.319177
HTL35048,0.319177
HTL35049,0.319177
HTL35050,0.319177
HTL35051,0.319177
HTL35052,0.319177
HTL35053,0.319177
HTL35054,0.319177
HTL35055,0.319177
HTL35056,0.319177
HTL35057,0.319177
HTL35058,0.319177
HTL35059,0.319177
HTL35060,0.319177
HTL35061,0.319177
HTL35062,0.319177
HTL35063,0.319177
HTL35064,0.319177
HTL35065,0.319177
HTL35066,0.319177
HTL35067,0.319177
HTL35068,0.319177
HTL35069,0.319177
HTL35070,0.319177
HTL35071,0.319177
HTL35072,0.319177
HTL35073,0.319177
HTL35074,0.319177
HTL35075,0.319177
HTL35076,0.319177
HTL35077,0.319177
HTL35078,0.319177
HTL35079,0.319177
HTL35080,0.319177
HTL35081,0.319177
HTL35082,0.319177
HTL35083,0.319177
HTL35084,0.319177
HTL35085,0.319177
HTL35086,0.319177
HTL35087,0.319177
HTL35088,0.319177
HTL35089,0.319177
HTL35090,0.319177
HTL35091,0.319177
HTL35092,0.319177
HTL35093,0.319177
HTL35094,0.319177
HTL35095,0.319177
HTL35096,0.319177
HTL35097,0.319177
HTL35098,0.319177
HTL35099,0.319177
HTL35100,0.319177
HTL35101,0.319177
HTL35102,0.319177
HTL35103,0.319177
HTL35104,0.319177
HTL35105,0.319177
HTL35106,0.319177
HTL35107,0.319177
HTL35108,0.319177
HTL35109,0.319177
HTL35110,0.319177
HTL35111,0.319177
HTL35112,0.319177
HTL35113,0.319177
HTL35114,0.319177
HTL35115,0.319177
HTL35116,0.319177
HTL35117,0.319177
HTL35118,0.319177
HTL35119,0.319177
HTL35120,0.319177
HTL35121,0.319177
HTL35122,0.319177
HTL35123,0.319177
HTL35124,0.319177
HTL35125,0.319177
HTL35126,0.319177
HTL35127,0.319177
HTL35128,0.319177
HTL35129,0.319177
HTL35130,0.319177
HTL35131,0.319177
HTL35132,0.319177
HTL35133,0.319177
HTL35134,0.319177
HTL35135,0.319177
HTL35136,0.319177
HTL35137,0.319177
HTL35138,0.319177
HTL35139,0.319177
HTL35140,0.319177
HTL35141,0.319177
HTL35142,0.319177
HTL35143,0.319177
HTL35144,0.319177
HTL35145,0.319177
HTL35146,0.319177
HTL35147,0.319177
HTL35148,0.319177
HTL35149,0.319177
HTL35150,0.319177
HTL35151,0.319177
HTL35152,0.319177
HTL35153,0.319177
HTL35154,0.319177
HTL35155,0.319177
HTL35156,0.319177
HTL35157,0.319177
HTL35158,0.319177
HTL35159,0.319177
HTL35160,0.319177
HTL35161,0.319177
HTL35162,0.319177
HTL35163,0.319177
HTL35164,0.319177
HTL35165,0.319177
HTL35166,0.319177
HTL35167,0.319177
HTL35168,0.319177
HTL35169,0.319177
HTL35170,0.319177
HTL35171,0.319177
HTL35172,0.319177
HTL35173,0.319177
HTL35174,0.319177
HTL35175,0.319177
HTL35176,0.319177
HTL35177,0.319177
HTL35178,0.319177
HTL35179,0.319177
HTL35180,0.319177
HTL35181,0.319177
HTL35182,0.319177
HTL35183,0.319177
HTL35184,0.319177
HTL35185,0.319177
HTL35186,0.319177
HTL35187,0.319177
HTL35188,0.319177
HTL35189,0.319177
HTL35190,0.319177
HTL35191,0.319177
HTL35192,0.319177
HTL35193,0.319177
HTL35194,0.319177
HTL35195,0.319177
HTL35196,0.319177
HTL35197,0.319177
HTL35198,0.319177
HTL35199,0.319177
HTL35200,0.319177
HTL35201,0.319177
HTL35202,0.319177
HTL35203,0.319177
HTL35204,0.319177
HTL35205,0.319177
HTL35206,0.319177
HTL35207,0.319177
HTL35208,0.319177
HTL35209,0.319177
HTL35210,0.319177
HTL35211,0.319177
HTL35212,0.319177
HTL35213,0.319177
HTL35214,0.319177
HTL35215,0.319177
HTL35216,0.319177
HTL35217,0.319177
HTL35218,0.319177
HTL35219,0.319177
HTL35220,0.319177
HTL35221,0.319177
HTL35222,0.319177
HTL35223,0.319177
HTL35224,0.319177
HTL35225,0.319177
HTL35226,0.319177
HTL35227,0.319177
HTL35228,0.319177
HTL35229,0.319177
HTL35230,0.319177
HTL35231,0.319177
HTL35232,0.319177
HTL35233,0.319177
HTL35234,0.319177
HTL35235,0.319177
HTL35236,0.319177
HTL35237,0.319177
HTL35238,0.319177
HTL35239,0.319177
HTL35240,0.319177
HTL35241,0.319177
HTL35242,0.319177
HTL35243,0.319177
HTL35244,0.319177
HTL35245,0.319177
HTL35246,0.319177
HTL35247,0.319177
HTL35248,0.319177
HTL35249,0.319177
HTL35250,0.319177
HTL35251,0.319177
HTL35252,0.319177
HTL35253,0.319177
HTL35254,0.319177
HTL35255,0.319177
HTL35256,0.319177
HTL35257,0.319177
HTL35258,0.319177
HTL35259,0.319177
HTL35260,0.319177
HTL35261,0.319177
HTL35262,0.319177
HTL35263,0.319177
HTL35264,0.319177
HTL35265,0.319177
HTL35266,0.319177
HTL35267,0.319177
HTL35268,0.319177
HTL35269,0.319177
HTL35270,0.319177
HTL35271,0.319177
HTL35272,0.319177
HTL35273,0.319177
HTL35274,0.319177
HTL35275,0.319177
HTL35276,0.319177
HTL35277,0.319177
HTL35278,0.319177
HTL35279,0.319177
HTL35280,0.319177
HTL35281,0.319177
HTL35282,0.319177
HTL35283,0.319177
HTL35284,0.319177
HTL35285,0.319177
HTL35286,0.319177
HTL35287,0.319177
HTL35288,0.319177
HTL35289,0.319177
HTL35290,0.319177
HTL35291,0.319177
HTL35292,0.319177
HTL35293,0.319177
HTL35294,0.319177
HTL35295,0.319177
HTL35296,0.319177
HTL35297,0.319177
HTL35298,0.319177
HTL35299,0.319177
HTL35300,0.319177
HTL35301,0.319177
HTL35302,0.319177
HTL35303,0.319177
HTL35304,0.319177
HTL35305,0.319177
HTL35306,0.319177
HTL35307,0.319177
HTL35308,0.319177
HTL35309,0.319177
HTL35310,0.319177
HTL35311,0.319177
HTL35312,0.319177
HTL35313,0.319177
HTL35314,0.319177
HTL35315,0.319177
HTL35316,0.319177
HTL35317,0.319177
HTL35318,0.319177
HTL35319,0.319177
HTL35320,0.319177
HTL35321,0.319177
HTL35322,0.319177
HTL35323,0.319177
HTL35324,0.319177
HTL35325,0.319177
HTL35326,0.319177
HTL35327,0.319177
HTL35328,0.319177
HTL35329,0.319177
HTL35330,0.319177
HTL35331,0.319177
HTL35332,0.319177
HTL35333,0.319177
HTL35334,0.319177
HTL35335,0.319177
HTL35336,0.319177
HTL35337,0.319177
HTL35338,0.319177
HTL35339,0.319177
HTL35340,0.319177
HTL35341,0.319177
HTL35342,0.319177
HTL35343,0.319177
HTL35344,0.319177
HTL35345,0.319177
HTL35346,0.319177
HTL35347,0.319177
HTL35348,0.319177
HTL35349,0.319177
HTL35350,0.319177
HTL35351,0.319177
HTL35352,0.319177
HTL35353,0.319177
HTL35354,0.319177
HTL35355,0.319177
HTL35356,0.319177
HTL35357,0.319177
HTL35358,0.319177
HTL35359,0.319177
HTL35360,0.319177
HTL35361,0.319177
HTL35362,0.319177
HTL35363,0.319177
HTL35364,0.319177
HTL35365,0.319177
HTL35366,0.319177
HTL35367,0.319177
HTL35368,0.319177
HTL35369,0.319177
HTL35370,0.319177
HTL35371,0.319177
HTL35372,0.319177
HTL35373,0.319177
HTL35374,0.319177
HTL35375,0.319177
HTL35376,0.319177
HTL35377,0.319177
HTL35378,0.319177
HTL35379,0.319177
HTL35380,0.319177
HTL35381,0.319177
HTL35382,0.319177
HTL35383,0.319177
HTL35384,0.319177
HTL35385,0.319177
HTL35386,0.319177
HTL35387,0.319177
HTL35388,0.319177
HTL35389,0.319177
HTL35390,0.319177
HTL35391,0.319177
HTL35392,0.319177
HTL35393,0.319177
HTL35394,0.319177
HTL35395,0.319177
HTL35396,0.319177
HTL35397,0.319177
HTL35398,0.319177
HTL35399,0.319177
HTL35400,0.319177
HTL35401,0.319177
HTL35402,0.319177
HTL35403,0.319177
HTL35404,0.319177
HTL35405,0.319177
HTL35406,0.319177
HTL35407,0.319177
HTL35408,0.319177
HTL35409,0.319177
HTL35410,0.319177
HTL35411,0.319177
HTL35412,0.319177
HTL35413,0.319177
HTL35414,0.319177
HTL35415,0.319177
HTL35416,0.319177
HTL35417,0.319177
HTL35418,0.319177
HTL35419,0.319177
HTL35420,0.319177
HTL35421,0.319177
HTL35422,0.319177
HTL35423,0.319177
HTL35424,0.319177
HTL35425,0.319177
HTL35426,0.319177
HTL35427,0.319177
HTL35428,0.319177
HTL35429,0.319177
HTL35430,0.319177
HTL35431,0.319177
HTL35432,0.319177
HTL35433,0.319177
HTL35434,0.319177
HTL35435,0.319177
HTL35436,0.319177
HTL35437,0.319177
HTL35438,0.319177
HTL35439,0.319177
HTL35440,0.319177
HTL35441,0.319177
HTL35442,0.319177
HTL35443,0.319177
HTL35444,0.319177
HTL35445,0.319177
HTL35446,0.319177
HTL35447,0.319177
HTL35448,0.319177
HTL35449,0.319177
HTL35450,0.319177
HTL35451,0.319177
HTL35452,0.319177
HTL35453,0.319177
HTL35454,0.319177
HTL35455,0.319177
HTL35456,0.319177
HTL35457,0.319177
HTL35458,0.319177
HTL35459,0.319177
HTL35460,0.319177
HTL35461,0.319177
HTL35462,0.319177
HTL35463,0.319177
HTL35464,0.319177
HTL35465,0.319177
HTL35466,0.319177
HTL35467,0.319177
HTL35468,0.319177
HTL35469,0.319177
HTL35470,0.319177
HTL35471,0.319177
HTL35472,0.319177
HTL35473,0.319177
HTL35474,0.319177
HTL35475,0.319177
HTL35476,0.319177
HTL35477,0.319177
HTL35478,0.319177
HTL35479,0.319177
HTL35480,0.319177
HTL35481,0.319177
HTL35482,0.319177
HTL35483,0.319177
HTL35484,0.319177
HTL35485,0.319177
HTL35486,0.319177
HTL35487,0.319177
HTL35488,0.319177
HTL35489,0.319177
HTL35490,0.319177
HTL35491,0.319177
HTL35492,0.319177
HTL35493,0.319177
HTL35494,0.319177
HTL35495,0.319177
HTL35496,0.319177
HTL35497,0.319177
HTL35498,0.319177
HTL35499,0.319177
HTL35500,0.319177
HTL35501,0.319177
HTL35502,0.319177
HTL35503,0.319177
HTL35504,0.319177
HTL35505,0.319177
HTL35506,0.319177
HTL35507,0.319177
HTL35508,0.319177
HTL35509,0.319177
HTL35510,0.319177
HTL35511,0.319177
HTL35512,0.319177
HTL35513,0.319177
HTL35514,0.319177
HTL35515,0.319177
HTL35516,0.319177
HTL35517,0.319177
HTL35518,0.319177
HTL35519,0.319177
HTL35520,0.319177
HTL35521,0.319177
HTL35522,0.319177
HTL35523,0.319177
HTL35524,0.319177
HTL35525,0.319177
HTL35526,0.319177
HTL35527,0.319177
HTL35528,0.319177
HTL35529,0.319177
HTL35530,0.319177
HTL35531,0.319177
HTL35532,0.319177
HTL35533,0.319177
HTL35534,0.319177
HTL35535,0.319177
HTL35536,0.319177
HTL35537,0.319177
HTL35538,0.319177
HTL35539,0.319177
HTL35540,0.319177
HTL35541,0.319177
HTL35542,0.319177
HTL35543,0.319177
HTL35544,0.319177
HTL35545,0.319177
HTL35546,0.319177
HTL35547,0.319177
HTL35548,0.319177
HTL35549,0.319177
HTL35550,0.319177
HTL35551,0.319177
HTL35552,0.319177
HTL35553,0.319177
HTL35554,0.319177
HTL35555,0.319177
HTL35556,0.319177
HTL35557,0.319177
HTL35558,0.319177
HTL35559,0.319177
HTL35560,0.319177
HTL35561,0.319177
HTL35562,0.319177
HTL35563,0.319177
HTL35564,0.319177
HTL35565,0.319177
HTL35566,0.319177
HTL35567,0.319177
HTL35568,0.319177
HTL35569,0.319177
HTL35570,0.319177
HTL35571,0.319177
HTL35572,0.319177
HTL35573,0.319177
HTL35574,0.319177
HTL35575,0.319177
HTL35576,0.319177
HTL35577,0.319177
HTL35578,0.319177
HTL35579,0.319177
HTL35580,0.319177
HTL35581,0.319177
HTL35582,0.319177
HTL35583,0.319177
HTL35584,0.319177
HTL35585,0.319177
HTL35586,0.319177
HTL35587,0.319177
HTL35588,0.319177
HTL35589,0.319177
HTL35590,0.319177
HTL35591,0.319177
HTL35592,0.319177
HTL35593,0.319177
HTL35594,0.319177
HTL35595,0.319177
HTL35596,0.319177
HTL35597,0.319177
HTL35598,0.319177
HTL35599,0.319177
HTL35600,0.319177
HTL35601,0.319177
HTL35602,0.319177
HTL35603,0.319177
HTL35604,0.319177
HTL35605,0.319177
HTL35606,0.319177
HTL35607,0.319177
HTL35608,0.319177
HTL35609,0.319177
HTL35610,0.319177
HTL35611,0.319177
HTL35612,0.319177
HTL35613,0.319177
HTL35614,0.319177
HTL35615,0.319177
HTL35616,0.319177
HTL35617,0.319177
HTL35618,0.319177
HTL35619,0.319177
HTL35620,0.319177
HTL35621,0.319177
HTL35622,0.319177
HTL35623,0.319177
HTL35624,0.319177
HTL35625,0.319177
HTL35626,0.319177
HTL35627,0.319177
HTL35628,0.319177
HTL35629,0.319177
HTL35630,0.319177
HTL35631,0.319177
HTL35632,0.319177
HTL35633,0.319177
HTL35634,0.319177
HTL35635,0.319177
HTL35636,0.319177
HTL35637,0.319177
HTL35638,0.319177
HTL35639,0.319177
HTL35640,0.319177
HTL35641,0.319177
HTL35642,0.319177
HTL35643,0.319177
HTL35644,0.319177
HTL35645,0.319177
HTL35646,0.319177
HTL35647,0.319177
HTL35648,0.319177
HTL35649,0.319177
HTL35650,0.319177
HTL35651,0.319177
HTL35652,0.319177
HTL35653,0.319177
HTL35654,0.319177
HTL35655,0.319177
HTL35656,0.319177
HTL35657,0.319177
HTL35658,0.319177
HTL35659,0.319177
HTL35660,0.319177
HTL35661,0.319177
HTL35662,0.319177
HTL35663,0.319177
HTL35664,0.319177
HTL35665,0.319177
HTL35666,0.319177
HTL35667,0.319177
HTL35668,0.319177
HTL35669,0.319177
HTL35670,0.319177
HTL35671,0.319177
HTL35672,0.319177
HTL35673,0.319177
HTL35674,0.319177
HTL35675,0.319177
HTL35676,0.319177
HTL35677,0.319177
HTL35678,0.319177
HTL35679,0.319177
HTL35680,0.319177
HTL35681,0.319177
HTL35682,0.319177
HTL35683,0.319177
HTL35684,0.319177
HTL35685,0.319177
HTL35686,0.319177
HTL35687,0.319177
HTL35688,0.319177
HTL35689,0.319177
HTL35690,0.319177
HTL35691,0.319177
HTL35692,0.319177
HTL35693,0.319177
HTL35694,0.319177
HTL35695,0.319177
HTL35696,0.319177
HTL35697,0.319177
HTL35698,0.319177
HTL35699,0.319177
HTL35700,0.319177
HTL35701,0.319177
HTL35702,0.319177
HTL35703,0.319177
HTL35704,0.319177
HTL35705,0.319177
HTL35706,0.319177
HTL35707,0.319177
HTL35708,0.319177
HTL35709,0.319177
HTL35710,0.319177
HTL35711,0.319177
HTL35712,0.319177
HTL35713,0.319177
HTL35714,0.319177
HTL35715,0.319177
HTL35716,0.319177
HTL35717,0.319177
HTL35718,0.319177
HTL35719,0.319177
HTL35720,0.319177
HTL35721,0.319177
HTL35722,0.319177
HTL35723,0.319177
HTL35724,0.319177
HTL35725,0.319177
HTL35726,0.319177
HTL35727,0.319177
HTL35728,0.319177
HTL35729,0.319177
HTL35730,0.319177
HTL35731,0.319177
HTL35732,0.319177
HTL35733,0.319177
HTL35734,0.319177
HTL35735,0.319177
HTL35736,0.319177
HTL35737,0.319177
HTL35738,0.319177
HTL35739,0.319177
HTL35740,0.319177
HTL35741,0.319177
HTL35742,0.319177
HTL35743,0.319177
HTL35744,0.319177
HTL35745,0.319177
HTL35746,0.319177
HTL35747,0.319177
HTL35748,0.319177
HTL35749,0.319177
HTL35750,0.319177
HTL35751,0.319177
HTL35752,0.319177
HTL35753,0.319177
HTL35754,0.319177
HTL35755,0.319177
HTL35756,0.319177
HTL35757,0.319177
HTL35758,0.319177
HTL35759,0.319177
HTL35760,0.319177
HTL35761,0.319177
HTL35762,0.319177
HTL35763,0.319177
HTL35764,0.319177
HTL35765,0.319177
HTL35766,0.319177
HTL35767,0.319177
HTL35768,0.319177
HTL35769,0.319177
HTL35770,0.319177
HTL35771,0.319177
HTL35772,0.319177
HTL35773,0.319177
HTL35774,0.319177
HTL35775,0.319177
HTL35776,0.319177
HTL35777,0.319177
HTL35778,0.319177
HTL35779,0.319177
HTL35780,0.319177
HTL35781,0.319177
HTL35782,0.319177
HTL35783,0.319177
HTL35784,0.319177
HTL35785,0.319177
HTL35786,0.319177
HTL35787,0.319177
HTL35788,0.319177
HTL35789,0.319177
HTL35790,0.319177
HTL35791,0.319177
HTL35792,0.319177
HTL35793,0.319177
HTL35794,0.319177
HTL35795,0.319177
HTL35796,0.319177
HTL35797,0.319177
HTL35798,0.319177
HTL35799,0.319177
HTL35800,0.319177
HTL35801,0.319177
HTL35802,0.319177
HTL35803,0.319177
HTL35804,0.319177
HTL35805,0.319177
HTL35806,0.319177
HTL35807,0.319177
HTL35808,0.319177
HTL35809,0.319177
HTL35810,0.319177
HTL35811,0.319177
HTL35812,0.319177
HTL35813,0.319177
HTL35814,0.319177
HTL35815,0.319177
HTL35816,0.319177
HTL35817,0.319177
HTL35818,0.319177
HTL35819,0.319177
HTL35820,0.319177
HTL35821,0.319177
HTL35822,0.319177
HTL35823,0.319177
HTL35824,0.319177
HTL35825,0.319177
HTL35826,0.319177
HTL35827,0.319177
HTL35828,0.319177
HTL35829,0.319177
HTL35830,0.319177
HTL35831,0.319177
HTL35832,0.319177
HTL35833,0.319177
HTL35834,0.319177
HTL35835,0.319177
HTL35836,0.319177
HTL35837,0.319177
HTL35838,0.319177
HTL35839,0.319177
HTL35840,0.319177
HTL35841,0.319177
HTL35842,0.319177
HTL35843,0.319177
HTL35844,0.319177
HTL35845,0.319177
HTL35846,0.319177
HTL35847,0.319177
HTL35848,0.319177
HTL35849,0.319177
HTL35850,0.319177
HTL35851,0.319177
HTL35852,0.319177
HTL35853,0.319177
HTL35854,0.319177
HTL35855,0.319177
HTL35856,0.319177
HTL35857,0.319177
HTL35858,0.319177
HTL35859,0.319177
HTL35860,0.319177
HTL35861,0.319177
HTL35862,0.319177
HTL35863,0.319177
HTL35864,0.319177
HTL35865,0.319177
HTL35866,0.319177
HTL35867,0.319177
HTL35868,0.319177
HTL35869,0.319177
HTL35870,0.319177
HTL35871,0.319177
HTL35872,0.319177
HTL35873,0.319177
HTL35874,0.319177
HTL35875,0.319177
HTL35876,0.319177
HTL35877,0.319177
HTL35878,0.319177
HTL35879,0.319177
HTL35880,0.319177
HTL35881,0.319177
HTL35882,0.319177
HTL35883,0.319177
HTL35884,0.319177
HTL35885,0.319177
HTL35886,0.319177
HTL35887,0.319177
HTL35888,0.319177
HTL35889,0.319177
HTL35890,0.319177
HTL35891,0.319177
HTL35892,0.319177
HTL35893,0.319177
HTL35894,0.319177
HTL35895,0.319177
HTL35896,0.319177
HTL35897,0.319177
HTL35898,0.319177
HTL35899,0.319177
HTL35900,0.319177
HTL35901,0.319177
HTL35902,0.319177
HTL35903,0.319177
HTL35904,0.319177
HTL35905,0.319177
HTL35906,0.319177
HTL35907,0.319177
HTL35908,0.319177
HTL35909,0.319177
HTL35910,0.319177
HTL35911,0.319177
HTL35912,0.319177
HTL35913,0.319177
HTL35914,0.319177
HTL35915,0.319177
HTL35916,0.319177
HTL35917,0.319177
HTL35918,0.319177
HTL35919,0.319177
HTL35920,0.319177
HTL35921,0.319177
HTL35922,0.319177
HTL35923,0.319177
HTL35924,0.319177
HTL35925,0.319177
HTL35926,0.319177
HTL35927,0.319177
HTL35928,0.319177
HTL35929,0.319177
HTL35930,0.319177
HTL35931,0.319177
HTL35932,0.319177
HTL35933,0.319177
HTL35934,0.319177
HTL35935,0.319177
HTL35936,0.319177
HTL35937,0.319177
HTL35938,0.319177
HTL35939,0.319177
HTL35940,0.319177
HTL35941,0.319177
HTL35942,0.319177
HTL35943,0.319177
HTL35944,0.319177
HTL35945,0.319177
HTL35946,0.319177
HTL35947,0.319177
HTL35948,0.319177
HTL35949,0.319177
HTL35950,0.319177
HTL35951,0.319177
HTL35952,0.319177
HTL35953,0.319177
HTL35954,0.319177
HTL35955,0.319177
HTL35956,0.319177
HTL35957,0.319177
HTL35958,0.319177
HTL35959,0.319177
HTL35960,0.319177
HTL35961,0.319177
HTL35962,0.319177
HTL35963,0.319177
HTL35964,0.319177
HTL35965,0.319177
HTL35966,0.319177
HTL35967,0.319177
HTL35968,0.319177
HTL35969,0.319177
HTL35970,0.319177
HTL35971,0.319177
HTL35972,0.319177
HTL35973,0.319177
HTL35974,0.319177
HTL35975,0.319177
HTL35976,0.319177
HTL35977,0.319177
HTL35978,0.319177
HTL35979,0.319177
HTL35980,0.319177
HTL35981,0.319177
HTL35982,0.319177
HTL35983,0.319177
HTL35984,0.319177
HTL35985,0.319177
HTL35986,0.319177
HTL35987,0.319177
HTL35988,0.319177
HTL35989,0.319177
HTL35990,0.319177
HTL35991,0.319177
HTL35992,0.319177
HTL35993,0.319177
HTL35994,0.319177
HTL35995,0.319177
HTL35996,0.319177
HTL35997,0.319177
HTL35998,0.319177
HTL35999,0.319177
HTL36000,0.319177
HTL36001,0.319177
HTL36002,0.319177
HTL36003,0.319177
HTL36004,0.319177
HTL36005,0.319177
HTL36006,0.319177
HTL36007,0.319177
HTL36008,0.319177
HTL36009,0.319177
HTL36010,0.319177
HTL36011,0.319177
HTL36012,0.319177
HTL36013,0.319177
HTL36014,0.319177
HTL36015,0.319177
HTL36016,0.319177
HTL36017,0.319177
HTL36018,0.319177
HTL36019,0.319177
HTL36020,0.319177
HTL36021,0.319177
HTL36022,0.319177
HTL36023,0.319177
HTL36024,0.319177
HTL36025,0.319177
HTL36026,0.319177
HTL36027,0.319177
HTL36028,0.319177
HTL36029,0.319177
HTL36030,0.319177
HTL36031,0.319177
HTL36032,0.319177
HTL36033,0.319177
HTL36034,0.319177
HTL36035,0.319177
HTL36036,0.319177
HTL36037,0.319177
HTL36038,0.319177
HTL36039,0.319177
HTL36040,0.319177
HTL36041,0.319177
HTL36042,0.319177
HTL36043,0.319177
HTL36044,0.319177
HTL36045,0.319177
HTL36046,0.319177
HTL36047,0.319177
HTL36048,0.319177
HTL36049,0.319177
HTL36050,0.319177
HTL36051,0.319177
HTL36052,0.319177
HTL36053,0.319177
HTL36054,0.319177
HTL36055,0.319177
HTL36056,0.319177
HTL36057,0.319177
HTL36058,0.319177
HTL36059,0.319177
HTL36060,0.319177
HTL36061,0.319177
HTL36062,0.319177
HTL36063,0.319177
HTL36064,0.319177
HTL36065,0.319177
HTL36066,0.319177
HTL36067,0.319177
HTL36068,0.319177
HTL36069,0.319177
HTL36070,0.319177
HTL36071,0.319177
HTL36072,0.319177
HTL36073,0.319177
HTL36074,0.319177
HTL36075,0.319177
HTL36076,0.319177
HTL36077,0.319177
HTL36078,0.319177
HTL36079,0.319177
HTL36080,0.319177
HTL36081,0.319177
HTL36082,0.319177
HTL36083,0.319177
HTL36084,0.319177
HTL36085,0.319177
HTL36086,0.319177
HTL36087,0.319177
HTL36088,0.319177
HTL36089,0.319177
HTL36090,0.319177
HTL36091,0.319177
HTL36092,0.319177
HTL36093,0.319177
HTL36094,0.319177
HTL36095,0.319177
HTL36096,0.319177
HTL36097,0.319177
HTL36098,0.319177
HTL36099,0.319177
HTL36100,0.319177
HTL36101,0.319177
HTL36102,0.319177
HTL36103,0.319177
HTL36104,0.319177
HTL36105,0.319177
HTL36106,0.319177
HTL36107,0.319177
HTL36108,0.319177
HTL36109,0.319177
HTL36110,0.319177
HTL36111,0.319177
HTL36112,0.319177
HTL36113,0.319177
HTL36114,0.319177
HTL36115,0.319177
HTL36116,0.319177
HTL36117,0.319177
HTL36118,0.319177
HTL36119,0.319177
HTL36120,0.319177
HTL36121,0.319177
HTL36122,0.319177
HTL36123,0.319177
HTL36124,0.319177
HTL36125,0.319177
HTL36126,0.319177
HTL36127,0.319177
HTL36128,0.319177
HTL36129,0.319177
HTL36130,0.319177
HTL36131,0.319177
HTL36132,0.319177
HTL36133,0.319177
HTL36134,0.319177
HTL36135,0.319177
HTL36136,0.319177
HTL36137,0.319177
HTL36138,0.319177
HTL36139,0.319177
HTL36140,0.319177
HTL36141,0.319177
HTL36142,0.319177
HTL36143,0.319177
HTL36144,0.319177
HTL36145,0.319177
HTL36146,0.319177
HTL36147,0.319177
HTL36148,0.319177
HTL36149,0.319177
HTL36150,0.319177
HTL36151,0.319177
HTL36152,0.319177
HTL36153,0.319177
HTL36154,0.319177
HTL36155,0.319177
HTL36156,0.319177
HTL36157,0.319177
HTL36158,0.319177
HTL36159,0.319177
HTL36160,0.319177
HTL36161,0.319177
HTL36162,0.319177
HTL36163,0.319177
HTL36164,0.319177
HTL36165,0.319177
HTL36166,0.319177
HTL36167,0.319177
HTL36168,0.319177
HTL36169,0.319177
HTL36170,0.319177
HTL36171,0.319177
HTL36172,0.319177
HTL36173,0.319177
HTL36174,0.319177
HTL36175,0.319177
HTL36176,0.319177
HTL36177,0.319177
HTL36178,0.319177
HTL36179,0.319177
HTL36180,0.319177
HTL36181,0.319177
HTL36182,0.319177
HTL36183,0.319177
HTL36184,0.319177
HTL36185,0.319177
HTL36186,0.319177
HTL36187,0.319177
HTL36188,0.319177
HTL36189,0.319177
HTL36190,0.319177
HTL36191,0.319177
HTL36192,0.319177
HTL36193,0.319177
HTL36194,0.319177
HTL36195,0.319177
HTL36196,0.319177
HTL36197,0.319177
HTL36198,0.319177
HTL36199,0.319177
HTL36200,0.319177
HTL36201,0.319177
HTL36202,0.319177
HTL36203,0.319177
HTL36204,0.319177
HTL36205,0.319177
HTL36206,0.319177
HTL36207,0.319177
HTL36208,0.319177
HTL36209,0.319177
HTL36210,0.319177
HTL36211,0.319177
HTL36212,0.319177
HTL36213,0.319177
HTL36214,0.319177
HTL36215,0.319177
HTL36216,0.319177
HTL36217,0.319177
HTL36218,0.319177
HTL36219,0.319177
HTL36220,0.319177
HTL36221,0.319177
HTL36222,0.319177
HTL36223,0.319177
HTL36224,0.319177
HTL36225,0.319177
HTL36226,0.319177
HTL36227,0.319177
HTL36228,0.319177
HTL36229,0.319177
HTL36230,0.319177
HTL36231,0.319177
HTL36232,0.319177
HTL36233,0.319177
HTL36234,0.319177
HTL36235,0.319177
HTL36236,0.319177
HTL36237,0.319177
HTL36238,0.319177
HTL36239,0.319177
HTL36240,0.319177
HTL36241,0.319177
HTL36242,0.319177
HTL36243,0.319177
HTL36244,0.319177
HTL36245,0.319177
HTL36246,0.319177
HTL36247,0.319177
HTL36248,0.319177
HTL36249,0.319177
HTL36250,0.319177
HTL36251,0.319177
HTL36252,0.319177
HTL36253,0.319177
HTL36254,0.319177
HTL36255,0.319177
HTL36256,0.319177
HTL36257,0.319177
HTL36258,0.319177
HTL36259,0.319177
HTL36260,0.319177
HTL36261,0.319177
HTL36262,0.319177
HTL36263,0.319177
HTL36264,0.319177
HTL36265,0.319177
HTL36266,0.319177
HTL36267,0.319177
HTL36268,0.319177
HTL36269,0.319177
HTL36270,0.319177
HTL36271,0.319177
HTL36272,0.319177
HTL36273,0.319177
HTL36274,0.319177
HTL36275,0.319177
